:020000041000EA
:1000000000B5324B212058609868022188439860DF
:10001000D860186158612E4B002199600221596106
:100020000121F02299502B49196001219960352056
:1000300000F044F80222904214D00621196600F024
:1000400034F8196E01211966002018661A6600F04E
:100050002CF8196E196E196E052000F02FF8012189
:100060000842F9D1002199601B49196000215960AB
:100070001A491B48016001219960EB211966A021F2
:10008000196600F012F800219960164914480160C1
:100090000121996001BC002800D000471248134993
:1000A000086003C880F30888084703B5996A0420EC
:1000B0000142FBD001200142F8D103BD02B5186610
:1000C0001866FFF7F2FF186E186E02BD00000240BE
:1000D000000000180000070000035F00212200005C
:1000E000F4000018222000A00001001008ED00E03C
:1000F00000000000000000000000000074B24E7A12
:1001000000200420F7010010C3010010C5010010F9
:10011000C1010010C1010010C1010010C101001097
:10012000C1010010C1010010C1010010C701001081
:10013000C1010010C1010010C9010010CB01001065
:10014000CD010010CD010010CD010010CD01001037
:10015000CD010010CD010010CD010010CD01001027
:10016000CD010010CD010010CD010010CD01001017
:10017000CD010010CD010010CD010010CD01001007
:10018000CD010010CD010010CD010010CD010010F7
:10019000CD010010CD010010CD010010CD010010E7
:1001A000CD010010CD010010CD010010CD010010D7
:1001B000CD010010CD010010CD010010CD010010C7
:1001C00000BE00BE00BE00BE00BE00BEEFF3058054
:1001D000103800BEF2EB887174D8001098D8001067
:1001E0003802001090A31AE71E481F49086006C88D
:1001F00081F3088810471D480068002801D019487D
:10020000F3E70DA40ECC002902D000F012F8F9E7B4
:100210001749184A002000E001C19142FCD116495B
:100220008847164988471649884700BEFDE701C937
:1002300001C29A42FBD3704798D80010C00000203A
:100240009010002068E80010000004200000042046
:1002500068E80010001004200010042000000000D6
:10026000704700000000000008ED00E0000000D032
:10027000901000204C2100203D7100106D030010F3
:1002800035710010F8B5C04606480749091A8B10A9
:10029000C90FC91810B5491003D0044B002B00D06A
:1002A000984710BD90100020901000200000000022
:1002B000054B10B5002B03D00449054800E000BFF2
:1002C000FFF7E2FF10BDC04600000000E82000205C
:1002D000889E001010B5040007F06EF81F4807F064
:1002E000B9F80321052003F041FD0321042003F0A8
:1002F0003DFD00220121052003F052FD00220121D5
:10030000042003F04DFD03211F2003F02FFD0321E6
:100310001E2003F02BFD002201211F2003F040FDD1
:10032000002201211E2003F03BFD0D490D4802F083
:100330005DFC0B490C4802F059FCD02380221B06BF
:1003400052025A629A618022D2019A62802212027B
:1003500020009A6200F0FAF910BDC046889E001095
:10036000801A0600BC0F0020B40F002010B5094C05
:100370002000FFF7AFFF084803F0A0F8074807F098
:1003800069F8DC210648490007F0E8F8200000F091
:10039000C7FAFBE71814002088130000A49E001081
:1003A000CC9E0010002280211C4B5A5004315A5020
:1003B00004315A5004315A5004315A5004315A50C1
:1003C00004315A5004315A5004315A5004315A50B1
:1003D0000C315A5004315A5004315A5004315A5099
:1003E00004315A5004315A5004315A5004315A5091
:1003F00004315A5004315A50C8315A5004315A50BD
:1004000004315A5004315A5004315A5004319A661A
:10041000DA661A679A67DA675A507047181400202C
:1004200003002233DBB210B5242B03D8634A9B00B0
:10043000D3589F46624B0100180007F08FF810BD9B
:100440000221604807F08AF8F9E701215E4807F0C9
:1004500085F8F4E701215D48494207F07FF8EEE7AF
:1004600002215B48494207F079F8E8E7032159483F
:10047000494207F073F8E2E704215748494207F080
:100480006DF8DCE705215548494207F067F8D6E7E3
:1004900006215348494207F061F8D0E70721514847
:1004A000494207F05BF8CAE708214F48494207F084
:1004B00055F8C4E709214D48494207F04FF8BEE717
:1004C0000A214B48494207F049F8B8E70C2149484E
:1004D000494207F043F8B2E70D214748494207F087
:1004E0003DF8ACE70E214548494207F037F8A6E74A
:1004F0000F214348494207F031F8A0E71021414855
:10050000494207F02BF89AE711213F48494207F08A
:1005100025F894E712213D48494207F01FF88EE77D
:1005200013213B48494207F019F888E7142139485C
:10053000494207F013F882E715213748494207F08E
:100540000DF87CE716213548494207F007F876E7B1
:1005500017213348494207F001F870E71821314864
:10056000494206F0FBFF6AE719212F48494206F08D
:10057000F5FF64E71A212D48494206F0EFFF5EE7D8
:100580001B212B48494206F0E9FF58E71E21294864
:10059000494206F0E3FF52E720212748494206F08E
:1005A000DDFF4CE721212548494206F0D7FF46E709
:1005B00022212348494206F0D1FF40E7D0B2001083
:1005C000F8AD0010149F0010F89E0010389F001026
:1005D000CC9F00105CA0001024A20010ECA2001020
:1005E000ACA3001068A40010BCA0001040A500102F
:1005F000BCA50010A4A1001038A60010ACA60010E5
:1006000028A7001034A100109CA7001024A80010F7
:1006100094A8001000A9001054A90010ACA9001063
:10062000F0A9001070AA0010ECAA001050AB001046
:10063000BCAB001010AC00108CAC0010FCAC001077
:100640008CAD0010F0B5C6460F23160000B584B07F
:100650006B44187015049846184B2D0C02000C00C2
:1006600018002900B6B206F079FF0027002E04D149
:10067000380004B080BCB846F0BD0123104E42469D
:1006800068210093300002F0D9FA00972B00220075
:100690006821300002F0DCFA07000A4806F0DAFEB2
:1006A000002D08D0084E651921783000013406F07D
:1006B00055FFA542F8D17FB2DAE7C0461CAE001064
:1006C000BC0F00204CAE00105CAE001010B5002135
:1006D00002F07EFE10BDC046F0B5D6464F464646F7
:1006E000C0B50600140482B0240C150002AF32001D
:1006F00088461448210006F031FF6A46631C99467B
:100700000733DB08DB00D31A9D46ADB202AB9A4635
:10071000002D10D01E70002C05D00920220041466B
:10072000684405F085F800235246009368214B4643
:10073000054802F083FABD460020E0BCBA46B14647
:10074000A846F0BD60AE0010BC0F0020F0B591B01F
:100750006B4601268022DE71D02352021B06040064
:100760009A610A2002F0AAFE002C7AD05E4806F0B8
:1007700071FE68225D4B0020A3635D4B6672E363EC
:100780005C4B1A8063605C4B23642E23E38100235F
:100790006361FFF745FE200001F084F80A2002F0B3
:1007A0008DFE200002F0AAF80500FFF739FE002DAB
:1007B0000AD0524E524D534CFC22330029002000E7
:1007C000520006F0CBFEF7E7962002F077FE2100FC
:1007D000002000F0D1FE0500FFF722FE002D0AD018
:1007E000464E474D474CFF2233002900200052005F
:1007F00006F0B4FEF7E7FA200021400002AD02F057
:10080000E7FD2200012128002E7001F069FEFFF7AC
:1008100007FE22000221042001F02CFA0700FFF756
:10082000FFFD002F04D0384C200006F013FEFBE73C
:1008300082239B00AE71220001212800AB802F8112
:1008400001F054FC0600FFF7EBFD002E18D02B4EF4
:100850002B4D2C4C3300290020002C4A06F07EFE44
:10086000F8E701204042FFF7DBFD244E244D254CE4
:10087000F022330029002000FF3206F06FFEF7E778
:100880000023012229002B700020230000F082FDAC
:1008900029781F4806F062FE2B78242B09D0184DCA
:1008A000184C1C4E3300290020001B4A06F056FE4F
:1008B000F8E76B4622000121D81D01F081F8040001
:1008C000FFF7AEFD002C09D00C4E0D4D0D4C330042
:1008D00029002000114A06F041FEF8E7032002F04B
:1008E000EDFD11B0F0BDC0468CAE00104506001005
:1008F000D9060010D0150020CD060010B8AE0010AB
:10090000DCAE001018AF001030AF00100302000082
:1009100058AF001078AF00100A0200000F0200006C
:10092000F0B5DE4657464E464546E0B5C9B02822EA
:10093000002116A804F076FF262101230CAA5218E4
:100940001370914B27260893904B914F0993914B2D
:100950002EAC9B46904B9846904B45460A930CAB69
:100960009C468F4B66449A468E4BD0460D938E4BD9
:10097000DA460C938D4B0B9301239946089806F0A9
:1009800069FD099806F066FD4B4663725346A36302
:1009900068233B800A9B002023642E23E3810023ED
:1009A000E56363616760FFF73BFD200001F0A6FF90
:1009B0008346FFF735FD002301223100337000200C
:1009C000230000F0E7FC4046317806F0C7FD33789D
:1009D000242B22D15B46002B03D00B9806F03AFD66
:1009E000CCE750220CAB9B184A4601211A7020A874
:1009F000220001F075FDFFF713FD22000221042003
:100A000001F038F98346FFF70BFD5B46002B0ED053
:100A1000674C200006F01EFDFBE7664E664D674CF6
:100A2000330029002000664A06F098FDF8E75421BB
:100A300082230CAA52189B00138058220CAB9B18DF
:100A40005A461A8056220CAB9B184A4653391A70E4
:100A500020A8220001F04AFB8346FFF7E1FC5B4639
:100A6000002BBAD10CA88446262363441800220028
:100A7000012100F0A5FFFFF7D3FC0D9806F0EAFC7A
:100A80005B46AB461193210016A801F091F80500D2
:100A9000FFF7C6FC002DF6D1282124230CAA5218FA
:100AA000D35C5B06EFD50CAB34229B5E0E93207BB0
:100AB00004F034FC051C011C8020C00504F0A4FDDA
:100AC000139080200CAA3621525EC005291C0F927B
:100AD00004F09AFD129080200CA93823C95EC0054D
:100AE0001091291C04F090FDFC21890504F0DFFB26
:100AF000011C344804F0C7FB051C109804F014FCDA
:100B0000011C281C04F0D3FB04F068FC069007913C
:100B1000FC211298890504F0CAFB011C294804F045
:100B2000B2FB051C0F9804F0FFFB011C281C04F00D
:100B3000BEFB04F053FC04900591FC211398890539
:100B400004F0B5FB011C1F4804F09DFB051C0E982A
:100B500004F0EAFB011C281C04F0A9FB04F03EFC95
:100B6000119D0290039110990F9B00910E9A2900FC
:100B70000C9806F0F3FC2B000133DBB21193652BCC
:100B800081D15D4629E7C0469CAF00108CAE0010B5
:100B9000D015002045060010D9060010CD06001023
:100BA00058AF0010B4AF001004B000102CB000100B
:100BB00030AF001078AF0010DCAE001018AF00109E
:100BC000420200000000FA44F8B506000F00141EAF
:100BD0004AD0936B002B47D0D56B002D44D0136CBB
:100BE000002B41D000293FD0537A002B2FD0472231
:100BF000A25C6368012A10D0012239003000A847A6
:100C00006168A072236C022098470A2161567C2EED
:100C100012D0002925D10020F8BD39003000A847A6
:100C2000A072E1206168236C400098470A21615658
:100C3000002914D17C2EEED1012318003A781040FF
:100C4000134207D04722A3540029E4D009E07F33A0
:100C50001E40CCE74723E0540029DCD001E07C2E85
:100C6000EAD002204042D7E701204042D4E7C04604
:100C7000F0B54F464646D6468046C0B514000F0034
:100C8000002A00D179E0936B002B00D175E0D66B80
:100C9000002E00D171E0136C002B00D16DE0002913
:100CA0006BD0537A002B1AD04725635D012B1ED0E1
:100CB0000222390063684046B047236CA072616825
:100CC000022098470A234246E3567C2A45D0002B4F
:100CD00040D10020E0BCBA46B146A846F0BD0200B3
:100CE00047257F331A40635D9046012BE0D1BB1C42
:100CF0009A464346DB1B3D00994600E0E66B4A46B8
:100D00005019290001226368C0B2B047A072E120E7
:100D1000236C6168400098470A23E356002B0ED1EC
:100D200001355545EAD143467C2BD2D17B3B190096
:100D30003A78114013421DD04722A354C9E74346D5
:100D40007C2B07D17B3B19003A78114013420CD021
:100D50004722A35402204042BCE77B3A1000397876
:100D600008400A4204D06255B1E74723E154F1E755
:100D70006055ACE74723E154ABE701204042A9E7C7
:100D8000F0B50D001400A1B0002A37D0966B002EEC
:100D900034D0D36B002B31D0136C002B2ED0002914
:100DA0002CD0537A002B22D0E27A63680132694654
:100DB000B04706001A4F0100380006F0CFFBE37A77
:100DC000616801339B1B5A1E9341A3724723E35C66
:100DD000226C012B0ED0022090470A2020560028BA
:100DE0000FD16A46E37AD35C2B7021B0F0BD80331B
:100DF0001843D9E7E12040009047EEE70120404248
:100E0000F3E7084806F026FB3100380006F0A6FBA1
:100E1000E17A0548013106F0A1FB02204042E4E7F7
:100E20003CB0001054B0001064B0001070B582786F
:100E300082B00C0001A9012A06D901230222837085
:100E4000237A1343237282784378012A35D0072B03
:100E50002BD81B015DB20378002B06D1012601338C
:100E60000370237A3343237203780C2B06D90C23A7
:100E700002260370237A334323720C23C678032E91
:100E800006D90326C6700226207A30430326207234
:100E9000D2012A431343402022000B704E70FFF70B
:100EA000E7FE002813D002B070BD0723022543706F
:100EB000237A2B4323727025CDE7032BC9D9032353
:100EC00002254370237A2B4323723025C3E76B46F8
:100ED0002200D91C1B30FFF753FF0028E3D16B46DB
:100EE000DB78DB065B0F5A1E022ADCD80438C01AF6
:100EF000D9E7C046F0B5C64600B50D001400A0B055
:100F0000002A3ED0976B002F3BD0D36B002B38D0FC
:100F1000136C002B35D0002933D0537A002B29D005
:100F2000E27A694602326368B84707001E4B010047
:100F30001800984606F012FBE37A6E460233DB1B7C
:100F40005A1E9341A3724723E35C226C6168012B14
:100F500013D0022090470A202056002814D1E37AAB
:100F6000F35C2B70E37AF61873786B7020B080BC5A
:100F7000B846F0BD80331843D2E7E12040009047E7
:100F8000E9E701204042F1E7084806F063FA39003A
:100F9000404606F0E3FAE17A0548023106F0DEFA4F
:100FA00002204042E2E7C0463CB0001054B00010BE
:100FB00064B00010F0B505000C0083B0002948D0E3
:100FC0008B6B002B45D0CB6B002B42D00B6C002BD6
:100FD0003FD001AE0A006B203100FFF7D1FE0028A0
:100FE0002CD10127337822005B113B403080310047
:100FF0002B704B30FFF77EFF00281FD133787278BB
:101000005B08EB7193111F40032391101940D00925
:1010100013406870AF70E9702B71002810D06B46D8
:1010200022004420D91CFFF7ABFE002806D16B46F6
:10103000DA781309AB710F2313406B7103B0F0BD65
:10104000290022004D200831FFF79AFE0028F5D133
:10105000E5E701204042F1E7F0B5C64600B582B0B1
:1010600008AC277809AC26780AAC2578046898463D
:1010700000946C4683884900A380615E002F01D0F4
:10108000494209B25200A25E0180002E01D05242B4
:1010900012B243465B004280E35E002D01D05B420A
:1010A0001BB2838002B080BCB846F0BDF0B5877833
:1010B0000C0083B0012F57D8FF017FB24378032B78
:1010C00049D81B015BB29C464279012A3BD8920168
:1010D00052B20378052B06D8062301210370237A28
:1010E0000B43237203780D2B06D90D2302210370C5
:1010F000237A0B4323720D23C17801291BD8C90021
:10110000CEB20579042D06D90421017102200425EF
:10111000217A01432172604607433A4301A91343F0
:101120003543220042200B704D70FFF7A1FD0028CF
:1011300023D003B0F0BD01210225C170217A082619
:1011400029432172DDE7012302224371237A1343ED
:1011500023724022BDE7032302224370237A134304
:10116000237230239C46AFE701230222802783703D
:101170000B7A7F4213430B72A0E76B462200D91C07
:101180001B30FFF7FDFD0028D3D16B46DB78DB0673
:101190005B0F5A1E022ACCD80438C01AC9E7C046D1
:1011A000F0B5C64600B505000C00A0B000294AD035
:1011B0008F6B002F47D0CB6B002B44D00B6C002BD8
:1011C00041D0487ACA7A43425841C00102324B6842
:1011D00042306946B8470700244B01001800984682
:1011E00006F0BCF9E37A6E460233DB1B5A1E9341CC
:1011F000A3724723E35C226C6168012B1FD002209D
:1012000090470A202056002820D1E37AF25CF61895
:10121000D309AB7001239111194069719106890FAF
:1012200069700F2174780A402A70E2101340EB7045
:10123000072323402B7120B080BCB846F0BDE120CD
:1012400040009047DDE701204042F4E7084806F0FF
:1012500001F93900404606F081F9E17A054802318A
:1012600006F07CF902204042E5E7C0463CB00010A1
:1012700054B0001064B00010F0B54F464646D64654
:101280000723C0B5A2B06B44984614000023424621
:1012900005000F001370002C63D0A66B002E60D0E9
:1012A000E36B002B5DD0236C002B5AD0607AE27A7E
:1012B00043425841C001013202A963687D3089462A
:1012C000B0470600304B010018009A4606F046F978
:1012D000E37A616801339B1B5A1E9341A372472333
:1012E000E35C226C012B38D0022090470A20205664
:1012F000002839D14A46E37AD35C42461370EA07A4
:1013000003D50422134342461370042201212A40CC
:101310000F40A90706D4002A0AD1002F0ED16D076D
:1013200015D00FE002210B4341460B70002A03D079
:101330000122134342461370002F03D008221343A7
:1013400042461370220041467D20FFF73DFC22B04B
:10135000E0BCBA46B146A846F0BDE1204000904747
:10136000C4E701204042F2E7084806F073F8310074
:10137000504606F0F3F8E17A0548013106F0EEF840
:1013800002204042E3E7C0463CB0001054B00010D9
:1013900064B00010F0B54746CE4680B516000F0089
:1013A0001D00A1B0002B44D09C6B002C41D0DB6B06
:1013B000002B3ED02B6C002B3BD0002939D06B7A10
:1013C000002B2FD0EA7A694692196B68A047040077
:1013D000214B01001800994606F0C0F8EB7AE84668
:1013E0009B191B1B5A1E9341AB724723EB5C2A6C63
:1013F0006968012B19D0022090470A20285600283E
:101400001AD10024002E08D04246EB7A1219D35C80
:101410003B550134A3B29E42F6D821B0C0BCB946B8
:10142000B046F0BD80331843CCE7E1204000904740
:10143000E3E701204042F0E7084806F00BF82100FE
:10144000484606F08BF8E97A0548891906F086F8CF
:1014500002204042E1E7C0463CB0001054B000100A
:1014600064B00010F0B54F46D64646468A46C0B531
:10147000914607001C1E00D17BE09B6B002B00D126
:1014800077E0E36B9846002B00D172E0236C002BD1
:1014900000D16EE000296CD0637A002B19D047236D
:1014A000E35C012B1BD0514663684A463800C047B5
:1014B0006168A072236C022098470A23E3567C2FB0
:1014C00044D0002B33D10020E0BCBA46B146A84638
:1014D000F0BD7F331F404723E35C012BE3D14B4634
:1014E000002BEAD05646002506E00135ADB20136A4
:1014F000A9451FD0E36B9846781901223100636833
:10150000C0B2C047A072E120236C616840009847D8
:101510000A23E356002BE8D07C2F08D10123524642
:1015200019001278114013421AD04722A354022006
:101530004042C9E77C2FC6D10123524619001278D8
:101540001140134212D04722A354BCE70122514656
:101550001000097808400A4205D047216254B0E7DC
:101560004723E154E3E74722A054AAE74723E15485
:10157000A9E701204042A7E7F0B54746CE4680B52F
:10158000A3B06B46DF1D002305000C1E3B7048D046
:101590008E6B002E45D0CB6B002B42D00B6C002BFA
:1015A0003FD0487ACA7A43425841C00101324B6861
:1015B0007C3002A98846B0470600244B0100180081
:1015C000994605F0CBFFE37A616801339B1B5A1EF5
:1015D0009341A3724723E35C226C012B1DD00220B0
:1015E00090470A23E356002B21D142460126E37A95
:1015F0003540D35C3900B3431D4322007C203D704D
:10160000FFF7E2FA00280FD13B781E404723E6544B
:1016100023B0C0BCB946B046F0BDE12040009047C1
:10162000DFE701204042F3E70D204042F0E70848A1
:1016300005F010FF3100484605F090FFE17A0548BB
:10164000013105F08BFF02204042E1E73CB0001081
:1016500054B0001064B00010F0B5DE4657464E4658
:101660004546E0B583B000236A46041ED37000D11E
:10167000CBE0836B002B00D1C7E0C36B002B00D104
:10168000C3E0036C002B00D1BFE04A23C35A984645
:10169000002B00D1B9E0C689F30711D4012E02D87E
:1016A00002230226E38121000020FFF765FF0028C6
:1016B0000AD003B0F0BCBB46B246A946A046F0BD76
:1016C000013EB6B2C681E9E701AD287022002900CB
:1016D0005920FFF755FB0028EBD101222B78290078
:1016E00093432B7022005930FFF76EFA0028E0D1A7
:1016F0003100404602F070FDE3898AB2C9B29A46D1
:10170000002923D10F23002699466769BF19002FAE
:101710007BD04A46730813402B70730922002900BE
:101720005B206B70FFF7A4FA0028C2D12300524659
:1017300039005E30FFF796FEE3899A465644B6B20A
:10174000B04500D8A9E00028DFD0B2E7FF2313405E
:101750004246D31A9BB299460F239B464B4600261E
:10176000002B58D06769BF19002F4ED05A46730816
:1017700013402B707309220029005B206B70FFF768
:1017800077FA002895D15246230039005E30FFF7E2
:1017900069FEE289030092465644B6B24E4502D233
:1017A0000028DFD085E7002800D082E70233E381FC
:1017B000C84533D902230F279B4666694E44002E45
:1017C00026D04B465B083B402B704B465B09220002
:1017D00029005B206B70FFF74BFA002802D05346BC
:1017E000E38166E723005A4631005E20FFF73AFEA8
:1017F000E3899B464B465B449BB2994698454AD940
:101800000028DAD0EBE7002323740120404250E7A0
:101810005346E381F9E70233E381CBE7E28100231A
:101820002200290059202B70FFF7AAFA002800D0C7
:101830003FE701222B78290013432B7022005930F7
:10184000FFF7C2F9002800D033E721000130FFF78D
:1018500093FE002800D02CE7A36B002BD3D0E36BC2
:10186000002BD0D0236C002BCDD061680C4898475A
:101870006B462200D91C2120FFF782FA6B46DA78EA
:101880000F2313402374002800D012E7012B00D14E
:101890000FE709380DE75346E3810028BFD008E77A
:1018A000204E000030B583B0B6236A469371002302
:1018B000041ED37131D0836B002B2ED0C36B002B51
:1018C0002BD0036C002B28D06B460200991D7E2084
:1018D000FFF77AF90500FA20236C6168C000984789
:1018E00047230122E254002D0BD1637A002B0BD049
:1018F0002000FFF7B1FE051E03D100220023226362
:101900006363280003B030BD6B4622000020D91D60
:10191000FFF736FA051EF4D1EAE701256D42F0E73C
:1019200030B583B000236A46041ED37137D0836B71
:10193000002B34D0C36B002B31D0036C002B2ED086
:1019400047230122C254437A002B1BD06B4622004E
:10195000D91D0020FFF714FA6B460500D97900283D
:1019600019D123788B421DD1102323730F3BE376CB
:10197000104BA085A3622000FFF794FF050028000C
:1019800003B030BD6B460200D91D0020FFF7F8F907
:10199000051EF4D1DAE7084805F0E0FDEFE7012580
:1019A0006D42ECE703250548217005F0D7FD6D4237
:1019B000E5E7C04600010200D4B0001080B000107E
:1019C000F8B5CE46474605000E0080B5002A3FD048
:1019D000936B002B3CD0D36B002B39D0136C002BB6
:1019E00036D0002834D000292FD00024A446043457
:1019F000A146023C0023002000210127A04607E069
:101A0000002C1CD0444620430133DCB2A6420AD944
:101A1000EC5C022C10D0F3D9202C12D10133DCB2B3
:101A20003943A642F4D86346002B14D1FFF724FCB7
:101A3000C0BCB946B046F8BD4C462043E4E7384345
:101A4000E2E708246442A446DEE700200021EDE737
:101A500001204042ECE708204042E9E7F0B50400ED
:101A60000E00150085B0002A00D19AE0936B002B80
:101A700000D196E0D36B002B00D192E0136C002BC9
:101A800000D18EE0002900D18BE00B0018331A0042
:101A9000411C0A43920700D072E0821C9B1A022B61
:101AA00000D86DE00B68B361431D1B68F361A37A36
:101AB000627A1B0213433380237BE27A1B021343B7
:101AC0007380A37B627B2D201B021343B3802922EA
:101AD0002A232821285CEB5CAA5C695C02902C20FC
:101AE000285C01902B20285C00903000FFF7B4FAAE
:101AF000217CE37B0902194309B2B181A37C627C9A
:101B00001B021343F381227DE37C12021A43442318
:101B100012B23282EB5E5A43D317DB05DB0D9B1802
:101B20005B121BB2C91A80231B02994226DA1E4A95
:101B30001300914200DB0BB22D27B38129222A2307
:101B40002821EF5DEB5CAA5C695C02972C27EF5DB6
:101B5000300001972B27ED5D0C300095FFF77CFAE4
:101B6000E37D627D1B041343A27D00201202134318
:101B7000336224232278F25405B0F0BD0B4BDBE72F
:101B800063783376A3787376E378B3762379F37644
:101B900063793377A3797377E379B377237AF3772C
:101BA00085E701204042E7E70080FFFFFF7F00005C
:101BB000F0B5C64600B505000C00A6B0002841D01F
:101BC00000293FD08E6B002E3CD0CB6B002B39D040
:101BD0000B6C002B36D0487ACA7A4342584106AF84
:101BE000C00118324B6803303900B04706001E4B65
:101BF00001001800984605F0B1FCE37A61681833DB
:101C00009B1B5A1E9341A3724723E35C226C012B5A
:101C100014D0022090470A23E356002B15D1E17A15
:101C200018227918684603F003FE2200290068464E
:101C3000FFF714FF26B080BCB846F0BDE12040009D
:101C40009047E8E701204042F4E7084805F002FC2D
:101C50003100404605F082FCE17A0548183105F074
:101C60007DFC02204042E5E73CB0001054B000107B
:101C700064B00010F0B54746CE4680B5A3B014005E
:101C800000236A4607000D00D371002C54D0A66BC8
:101C9000002E51D0E36B002B4ED0236C002B4BD089
:101CA000607AE27A43425841C001013202A9636876
:101CB00058308846B0470600284B01001800994666
:101CC00005F04CFCE37A616801339B1B5A1E93417B
:101CD000A3724723E35C226C012B22D002209047A1
:101CE0000A23E356002B2AD142460C20E37A4042D5
:101CF000D35C032D10D83A01D2B2022D18D0032D97
:101D000018D0012D11D13B436A46D3716B46220096
:101D10005820D91DFEF758FF23B0C0BCB946B046C5
:101D2000F0BDE12040009047DAE73A439343EBE708
:101D30001343E9E71343E6E701204042ECE7084894
:101D400005F088FB3100484605F008FCE17A0548BB
:101D5000013105F003FC02204042DDE73CB00010F9
:101D600054B0001064B00010F0B54E46DE46574641
:101D700045468946E0B5A5B002ABD91D4B461400D7
:101D80000870002B00D104E1002A00D101E1127E8D
:101D90000B789A4200D8FFE022002F20FEF714FFB4
:101DA000031E73D1E2890F2A00D97FE0D10700D545
:101DB00078E030218846002100268A468749102590
:101DC0000191310004AF46460293884618E0494627
:101DD000230030005144FFF7DDFA52461025A37B63
:101DE0009A189E194344DBB2D2B2ED1A9246984635
:101DF000F6B2EDB2002800D0C5E0002D45D0E28952
:101E00009542E4D2A36B9B46002B00D1C1E0E36B6B
:101E1000002B00D1BDE0236C002B00D1B9E0637A28
:101E20003000002B01D180203043E27A63685219E0
:101E30003900D84783460100019805F08FFB5A46C8
:101E4000E37A61685B199B1A5A1E9341A372472378
:101E5000E35C226C012B21D0022090470A23E35639
:101E6000002B00D09BE049465144E27AF818825C8E
:101E7000CA5401339AB29542F7D84544EBB21025C3
:101E8000ED1AEDB29846002DB9D1029B180025B08D
:101E9000F0BCBB46B246A946A046F0BDE1204000DA
:101EA0009047DBE7013A92B2E28182E7A66B002E0F
:101EB0006FD0E36B002B6CD0236C002B69D0607A61
:101EC000E27A4342584104ADC001103263682900F0
:101ED0003030B0470600414F0100380005F03EFBAE
:101EE000E37A616810339B1B5A1E93414722A37209
:101EF000A25C236C012A48D0022098470A23E356AB
:101F0000002B5BD14946E27AAA5C0A70E27AAA18F1
:101F100052784A70E27AAA1892788A70E27AAA18FD
:101F2000D278CA70E27AAA1812790A71E27AAA18EB
:101F300052794A71E27AAA1892798A71E27AAA18D9
:101F4000D279CA71E27AAA18127A0A72E27AAA18C7
:101F5000527A4A72E27AAA18927A8A72E27AAA18B5
:101F6000D27ACA72E27AAA18127B0A73E27AAA18A3
:101F7000527B4A73E27AAA18927B8A73E27AAD188E
:101F8000EA7BCA7382E7030080E7E12040009847BC
:101F9000B4E701235B4279E70A235B4276E7104806
:101FA00005F058FA5946019805F0D8FAE17A0D483B
:101FB000491905F0D3FA02235B4267E7084805F0A8
:101FC00049FA3100380005F0C9FAE17A05481031C4
:101FD00005F0C4FA02235B4258E7C0463CB000104B
:101FE00054B0001064B00010F0B587B00E000700C8
:101FF0001022002102A803F015FC4823F35A9B0687
:1020000026D4B57E002D20D00023726A04E001336F
:10201000DBB20332AB4218D01478292CF7D1947874
:10202000507802A93200FFF79FFE00280BD108224A
:102030006B469B181A5D7F231340520600D5803BE8
:1020400000201BB23B8007B0F0BD08204042FAE7F9
:102050006B4632001E20D91DFEF792FE0028F2D1F9
:102060006B46DB795A06EBD5803BE9E7482330B570
:10207000C35A040085B09B0734D5836B002B2ED048
:10208000C36B002B2BD0036C002B28D04723C35CE1
:10209000012B0ED06D462923010001A82B70FFF7FC
:1020A000A3FF002803D144230020AA88E25205B0F0
:1020B00030BD01000020FFF75FFA0028F7D16D4620
:1020C0002923210001A82B70FFF78EFF0028EED1F5
:1020D00021000120FFF750FA0028E4D0E7E70120B3
:1020E0004042E4E708204042E1E7C046F0B5DE4662
:1020F00057464E464546E0B5140087B0002A00D149
:102100009AE1936B002B00D196E1D36B002B00D1A9
:1021100092E1136C002B00D18EE1002800D18BE1FD
:102120004723D35C9846002900D16BE1CE00761A94
:10213000F600B346050083444346012B00D183E0FB
:102140002B78022B00D18AE0022B19D8002B00D16A
:1021500034E12100281DFEF7A9FF0600002E07D15B
:102160003835AB45E8D14346012B00D14EE100267E
:10217000300007B0F0BCBB46B246A946A046F0BD51
:10218000092B00D017E102AF10220021380003F024
:1021900049FB607E002800D10DE10023226A05E0A2
:1021A0000133DBB20332834200D104E11178092903
:1021B000F6D193785078390022009A46FFF7D4FD83
:1021C000061ED5D153465B0858003A5AA988D20A50
:1021D0004905490DD2020A433A52581C40003A5A66
:1021E000E988D20A4905490DD2020A4302335B004D
:1021F0003A52FA5A2989D20A4905D202490D0A43AC
:10220000FA52A36B002B00D116E1E66B002E00D131
:1022100012E1236C002B00D10EE14723E35C012B7C
:1022200000D1D1E01022390063683020B047236C20
:10223000A0726168022098470A23E356002B00D160
:102240008EE70226764293E721000020FFF794F9FB
:10225000061E00D08CE72B78022B00D074E76B7A37
:10226000002B06D1012201336B72237A13432372B0
:102270006B7A0B2B05D90B2302226B72237A134343
:10228000237202AF220039006B20FEF779FD061E93
:1022900000D06DE720212B793A785B018A430B400F
:1022A0001343390022006B203B70FEF78DFC061EA5
:1022B00000D05DE707236B449A46002352463880DE
:1022C0001370390022004B30FEF714FE061E00D0BA
:1022D0004EE701233A78A9791340EA7A890152003E
:1022E00013433B707F237A78153613406A79D20105
:1022F0001343402293430A4013430C22E97993434A
:1023000089000A4013430322297A93430A40134366
:102310007B700423994608E0236C013E61684948BC
:10232000F6B29847002E00D189E0A26B236C002AF8
:10233000F3D0E26B002AF0D0002BEED02200514601
:102340000320FEF71DFD53464A461B781340034306
:10235000DBB2002BE0D1390022004B20FEF788FCD5
:102360000600FA206168236C80009847002E00D098
:10237000FEE66B79002B4FD00123E376EB792377D0
:10238000220039004420FEF7FBFC061E00D0EFE6D9
:102390000F22697AAB7A0A401B01134339003B7064
:1023A00022004420FEF710FC0600FA206168236C2E
:1023B00080009847D2E608267642D9E62100281DFB
:1023C000FEF734FD0600C9E60023994607E0012325
:1023D0009C46E1444B46102B00D1C1E6E66B4846D3
:1023E0004A463030B91863680122C0B2B047A072C3
:1023F000E120236C6168400098470A23E356002BD4
:10240000E5D01EE70026012B00D0B1E62100012017
:10241000FFF7B2F80600ABE62900E6760C312200A1
:102420004D20FEF7D1FB0600FA206168236C800086
:102430009847002EA4D09BE60126764298E60F2608
:10244000764295E610270000F0B5C6460E0000B5AE
:1024500084B0804610220021684603F0E3F9757EBF
:102460006F46002D35D00023326A04E00133DBB221
:102470000332AB422DD01478092CF7D194785078E0
:1024800039003200FFF770FC002824D1631CDBB256
:10249000FA5C3B5D1202134342465B055B0D138001
:1024A000E31CDBB2FA5CA31CDBB2FB5C120213433D
:1024B00042465B055B0D5380631DDBB20434FA5C5E
:1024C000E4B23B5D1202134342465B055B0D938011
:1024D00001E00820404204B080BCB846F0BDC046D0
:1024E000F0B5C64600B504000E00150082B0002A03
:1024F00000D1B5E0936B002B00D1B1E0D36B002B82
:1025000000D1ADE0136C002B00D1A9E0002800D170
:10251000A6E04723D35C002900D1A4E0012B49D0D9
:1025200000270434231F1B78022B0FD12900200021
:10253000FEF740FD002805D10137FFB23834BE4216
:10254000F0D1002002B080BCB846F0BD012B2CD0E9
:1025500009D9092B04D129002000FFF775FFE9E70D
:1025600008204042EEE7AB6B002B79D0EB6B002BE1
:1025700076D02B6C002B73D06A46002340209380CA
:1025800001A92A00FEF7B6FC0028DBD16B461A79B8
:102590005979D309A37053065B0F63700F2313405F
:1025A000237003230B40E370C6E729002000FEF7E9
:1025B000F7FDBFE700272378032B1DD92900002052
:1025C000FEF7DAFF0028BDD12378012B3ED018D9C1
:1025D000022B40D0092BC3D12900201DFFF734FF67
:1025E0000028AFD10137FFB23834BE42E3D1290011
:1025F0000120FEF7C1FFA5E7022BDFD0012B25D07C
:10260000AED8AB6B002B2BD0EB6B002B28D02B6CF8
:10261000002B25D001AB984600234246414613804B
:1026200040202A00FEF766FC002800D08AE74346D7
:102630001A785978D309A37153065B0F63710F237E
:102640001340237103230B40E371CBE72900201DC6
:10265000FEF7A6FDC4E72900201DFEF7ABFCBFE78F
:10266000012040426EE70020012B00D06AE7BEE760
:1026700070B50500507E0C0000280FD00023116AB1
:1026800004E00133DBB20331834208D00A78A2426E
:10269000F7D10322280003F0CBF8012070BD002001
:1026A000FCE7C046F0B5DE4657464E464546E0B527
:1026B00087B002AE81460F0010220021300003F0E7
:1026C000B1F800239B46002301AC23805B464A46B9
:1026D000A3702B4B1E211A6020003A009A46082551
:1026E000FFF7C6FF6D428046012841D13A00310014
:1026F0006078FFF739FB051E3AD15346A0781A6877
:10270000431CDBB2F15C335C09020B434146DB1036
:1027100019401180B38800215380F38830009380E2
:10272000F389D380102203F07DF85B463A002580C0
:10273000A3701F212000FFF79BFF53464A46083D28
:102740001A60012814D13A0031006078FFF70CFBC1
:10275000051E0DD15346A0781968431CDBB2F25C0C
:10276000335C120213430B810323B28813404B8165
:10277000280007B0F0BCBB46B246A946A046F0BD53
:102780006C1B0020F0B5DE464E4645465746814656
:10279000E0B587B002AD8B4610220021280003F07F
:1027A00041F800234A4601AE3380B370524B1E21DC
:1027B0001A6030005A469846FFF75AFF012800D0A9
:1027C0008BE05A4629007078FFF7CEFA041E00D03D
:1027D0007BE00834A446424667461168B3780A880D
:1027E00058084000D20022402C5ABC4322432A52AF
:1027F0004A881020AA808A88C01AEA80CA88C0B293
:10280000EA810922D21AD2B2F72A69D80322EC1837
:102810009446224264D11122D21AD2B211006746E4
:10282000B94317421AD018336B445A18103A127829
:1028300062544A1CD2B2904210D39F18BC46102753
:102840007F42BA46D444674602313F78C9B2A754A2
:10285000884203D35B1853441B7863545B461022B1
:1028600029003020FEF7FEFD041E2ED1102200218B
:10287000280002F0D7FF00234A46B37043461F21C9
:102880001A6030005A463480FFF7F2FE012824D146
:102890005A4629007078FFF767FA041E15D14246A0
:1028A000B37811685B080A895B006B441A810322C4
:1028B0004989AB88302093430A401343AB801022F0
:1028C0005B462900FEF7CEFD0400200007B0F0BCF7
:1028D000BB46B246A946A046F0BD08246442F4E7D0
:1028E000002211006944C9180C7AA9180132D2B229
:1028F000CC548242F5D9B1E76C1B002070B5041EA0
:1029000037D0836B002B34D0C36B002B31D0036CDA
:10291000002B2ED024230370174B8364437A5A4232
:102920005341C3724369002B20D02000FEF7F8FF0B
:10293000051E05D02900114804F010FE280070BDC6
:102940000F4B0E2223620F4B200063620E4B23833A
:102950000823A3760D4B63650D4BA3650D4BE36513
:102960006023E254FFF782FB0500E7E70A4B43616F
:10297000DBE701256D42E1E70300002008B100100C
:102980007CB3001064B3001008170000A5260010E7
:1029900085270010980F0020C4B30010F0B5DE4664
:1029A00057464E464546E0B5070083B00CA8019255
:1029B000027800203C689B46E066616001219146F8
:1029C000E166002B34DD5A1E904680225200944668
:1029D00080264025616F1029FCD00021002801D1FC
:1029E0003979890240451DD0624611432161A159C0
:1029F000616B0D420BD00120636D40424B463B7131
:102A000003B0F0BCBB46B246A946A046F0BDA16FDC
:102A10000029ECD02169019B195401308345EDD088
:102A20003C68D7E74B4601225A4053021943DBE783
:102A30000020E3E7F0B5DE4657464E464546904651
:102A40000022E0B585B01E000EAB1B7807009B4648
:102A50000368DA6601325960DA66002E60DD0279B9
:102A600059469202924601224A40520294468022DE
:102A700091465A46802403926246BB4600201021AC
:102A80004746B446751EA4000192421B16007242CE
:102A90007241019E5242164002963E5CB046564636
:102AA000424616433200029E16431E61019E5A6B37
:102AB0001142FCD04A469A5801969246002A0AD101
:102AC000A84228D00022013092468445DDD1039BE4
:102AD0005F469B4616E05A6D012290465A6B224291
:102AE000FCD01A6E42460196002AEBD0039B5F464B
:102AF0009B465346002B15D05346DB0712D4534652
:102B00001B070FD55B463B7105B0F0BCBB46B24618
:102B1000A946A046F0BD039A002AD3D19046DDE72E
:102B20000020EFE701204042ECE7C046F8B5DE4662
:102B300057464E4645468346E0B505200C0001F059
:102B40000FF9060060082100801901F045FB4300E1
:102B50009846804407000521404601F03DFB3B1AA2
:102B60009A461E4B8146700080199C4231D81C4900
:102B700001F032FB451C5B461C680023E3662268BB
:102B800004335A400233134080225201A2181360CA
:102B90005346E3614B462362434601204F2B03D942
:102BA0005021404601F018FBA023E050E36F3900AC
:102BB0005D400C4B2D042D0CE3181D6001233000EB
:102BC000E36601F009FBF0BCBB46B246A946A0464D
:102BD000F8BD054901F000FB451CCCE73F420F0062
:102BE000809698007C10000040787D010F4A70B5F7
:102BF000821A531E9A410E4BD20008321A600D4BB6
:102C00000D4C1A60150023689D432B1EFAD16624D3
:102C10000268FF340571D5661460633C8833FF3C5D
:102C2000D5639563D450FFF781FF70BDBC0F0020C2
:102C300000E0004000F0004008C0004010B582B045
:102C40006C46247C0094FFF7F5FE02B010BDC04630
:102C500010B582B06C46247C0094FFF79FFE02B052
:102C600010BDC0468023DB051868000F7047C046C2
:102C70000FB400B5084883B004F0ECFB049B002BB4
:102C800007D005A91800019104F03AFA034804F0AE
:102C9000E1FB012004F04CFA58B1001068B10010BB
:102CA00070B5EFF3108C72B60D4D2B68002BFCD075
:102CB000BFF35F8F0724CB08C618C05C01230C400C
:102CC000A3401C000440034207D118433070BFF3F7
:102CD0005F8F2C608CF3108870BD1000FFF7C8FF69
:102CE0002C0100D0F8B54746CE46884680B5EFF3B4
:102CF000108C72B61C4D2C68002CFCD0BFF35F8F7B
:102D00009A4222D807210126894602E001329342E5
:102D100018D34D4637001540AF40D4080119045D63
:102D20002742F3D110003C430C70BFF35F8F0022A9
:102D30000D4B1A608CF3108800280EDBC0BCB9461E
:102D4000B046F8BD01204042EFE7BFF35F8F00239C
:102D50002B608CF31088012040424346002BEDD0BD
:102D60000898FFF785FFC0462C0100D0044A107870
:102D7000431CDBB2172B00D9102313707047C046D9
:102D8000C40F002010B5064B064C82B00100009322
:102D900018221F232000FFF7A5FF02B010BDC04678
:102DA0006CB10010781C00200021044B044ABFF3D2
:102DB0005F8F02C39342FAD17047C046000100D032
:102DC000800100D00A4B1968EFF3108072B60A68D0
:102DD000002AFCD0BFF35F8F1B68BFF35F8F002218
:102DE0001A6080F3108840BF002000217047C04661
:102DF00024210020F0B5DE4657464E464546E0B554
:102E000087B0EFF30583032201251A409540910016
:102E10008846A946B34B03925C58B34B1D60B34B35
:102E200004934B46B24843630823E55E002D37DA2E
:102E3000A3881BB2002B00DBADE0A379002B00D0F0
:102E4000EEE00823E05E002820DB430062691B18E7
:102E5000DB00D3189E68DD68731C00D111E1A44823
:102E600001004144826A0B69B71A9B1A9F4215D32D
:102E70000123026A039883401A420FD09C4800F055
:102E80002BFC8D4202DCCCD18642CAD940BF07B0B0
:102E9000F0BCBB46B246A946A046F0BD0E61EDE7C8
:102EA00062696B0092465B19DB009A4453469E6848
:102EB000DF6800F011FC8F42BADC00D103E1002F83
:102EC00000DAE8E05246534652691B699346049A79
:102ED000934200D1D9E052460821605E5288000436
:102EE000594610439847009001910099019A0B00B0
:102EF0001000134300D1CEE013000A00B61A9F4120
:102F0000002806DB7A4800F0E7FB009E019F361898
:102F10004F4153469E60DF6000229A5E002A00DA2D
:102F200086E7530099186069C900411802938B68BD
:102F3000C9689B46B94200DD7AE702D1B34200D9A5
:102F400076E708239C46A444059565462281A4465D
:102F5000029B2C0006E053009918C90041188D68A7
:102F6000C968AB469B18DB00C318B94206DC00D128
:102F7000B3E01C000023E25E002AECDA2300644682
:102F80009C4653461A806346059D1D80A3881BB24C
:102F9000002B00DA51E72269EFF3108172B6136853
:102FA000002BFCD0BFF35F8F0123A7885B42A38077
:102FB0003FB22369BFF35F8F00221A6081F310884C
:102FC000002F00DA39E72300083322009A466669A9
:102FD0007B00DB19DB00F318996850468C46082407
:102FE000115FDD68002910DB029306E0AB4244D09C
:102FF0000023E15E2000002906DB4C006418E40099
:103000003419E368AB42F1DD029B078000201F5EAC
:103010001980002FDCDA1400A379002B00D110E70F
:103020000023A37126000823E15E08364B1C00D163
:103030002CE70800A246656902E03E004B1C1AD04E
:103040004B005B18DB00EF180A008C46E95E7B88BA
:103050001BB2002BF1DA01235B42DC17BB60FC6082
:10306000824205D0534631801B893B8053461A81EA
:1030700060464B1CE4D15446E5E6A3686345B7D9E6
:10308000C2E76B1C00D0EAE6F8E65B4658461B69CF
:10309000984700281BD153461B8822692381EFF3F0
:1030A000108372B611680029FCD0BFF35F8F5146C0
:1030B00062880A8022696580BFF35F8F00211160FA
:1030C00083F31088B4E6864200D8F8E6B0E65B46A3
:1030D0001A685B680092019307E7B34500D848E798
:1030E0004CE7C046082100203C700540F52D00103B
:1030F0000040054070B52E4C2569002D04D00A21F2
:103100002C4800F0E9FC70BD2B4E0321300000F08C
:10311000D9FAE660FFF72AFE284B03229C46D0230B
:1031200022701B061B6801216370254B6044A3605D
:103130000F23800020610220638063694942A180DF
:1031400019800231198647311D83585218315A525D
:1031500075325C3999521832013199521832013165
:103160009952183201319952083518329D52023164
:10317000183299521832013199521832013199524C
:1031800018320131995218320131995218320131F5
:1031900099520C4B0C49DC600130356200F008FBA1
:1031A0000121032000F0CCFA084B1D60A7E7C046C0
:1031B000C80F0020242100200040054040000034BA
:1031C000FFFF100008210020F52D00103860054099
:1031D00000487047C80F0020F8B51F0008AB1B78E7
:1031E00004001600002B08D100F07EFA32003B00EC
:1031F000121A8B41002B00DA52E02269EFF31080A3
:1032000072B61368002BFCD0BFF35F8F0223E15E20
:1032100063694A005218D2009B182269002936DBE4
:103220001D886580BFF35F8F0025156080F31088CF
:10323000069A9E60DF601A61079A5A615A880132C5
:103240005204520C101C002A1FD082B2588008046D
:1032500010432669EFF3108772B63268002AFCD05B
:10326000BFF35F8FA2881A80A1802369BFF35F8FAD
:1032700000221A6087F310880A4923788C460132AD
:103280009A40E36863441A60F8BD0120DDE7BFF3AC
:103290005F8F0023136080F3108801204042F3E722
:1032A0000020F1E73C20000070B501000469EFF355
:1032B000108C72B620680028FCD0BFF35F8F02200C
:1032C0000D5E4C6968004019C00024180869002D83
:1032D00036DB26884E80BFF35F8F002606608CF3B6
:1032E0001088E36063880498013320615B040598CB
:1032F0005B0CA26060611A1C002B1FD093B22804E3
:10330000628018430A69EFF3108C72B61368002BC1
:10331000FCD0BFF35F8F8B8823808D800B69BFF358
:103320005F8F00221A608CF310880B7801329A406C
:10333000CB6808498C4663441A6070BD0122DDE702
:10334000BFF35F8F002303608CF31088012040429D
:10335000F3E7C0463C20000010B543890A149342AD
:103360001ADD53009B184269DB00D3180469EFF3A0
:10337000108C72B62268002AFCD0BFF35F8F5A8887
:10338000090494B2090C8A4208D00369BFF35F8F25
:1033900000221A608CF31088002010BD80221202D7
:1033A00014435C80012302698371BFF35F8F0021A6
:1033B00011608CF31088044902788C469340C268EF
:1033C000012062441360E8E73C2000004078704729
:1033D000F0B5C64600B582B004000D0000F084F9D7
:1033E00024184D41002D02DA01242F4D6442062697
:1033F0007642F71736196F41AF4214D811D000F05A
:1034000073F932003B00121A8B41002B15DC002BA4
:1034100046D02000290000F071F902B080BCB84607
:10342000F0BDA642EBD90026002700F05DF932007E
:103430003B00121A8B41002BE9DD00F055F93200F8
:103440003B00121A8B41002B0ADB00230193174B20
:103450003200009316483B00FFF726FF0130D8D01A
:1034600000233900B0469C46124A1348536A9942D9
:1034700004D8966A4645CCD29942CAD10668EFF381
:10348000108772B63368002BFCD0BFF35F8F0368E0
:10349000BFF35F8F66461E6087F3108820BFE5E7A5
:1034A000002AB6D0C9E7C046FFFFFF7FC52D001038
:1034B000C80F00200040054024210020F0B5C6467A
:1034C00000B582B0040000F00FF9FA2206000F00E8
:1034D000200000230021920001F0B2FE8019794102
:1034E00004000D1E02DA01242E4D644206267642A7
:1034F000F71736196F41AF4214D811D000F0F4F825
:1035000032003B00121A8B41002B15DC002B46D0F9
:103510002000290000F0F2F802B080BCB846F0BDEF
:10352000A642EBD90026002700F0DEF832003B006F
:10353000121A8B41002BE9DD00F0D6F832003B0077
:10354000121A8B41002B0ADB00230193164B320029
:10355000009316483B00FFF7A7FE0130D8D00023A8
:103560003900B0469C46124A1248536A994204D820
:10357000966A4645CCD29942CAD10668EFF31087C5
:1035800072B63368002BFCD0BFF35F8F0368BFF3C4
:103590005F8F66461E6087F3108820BFE5E7002A2C
:1035A000B6D0C9E7FFFFFF7FC52D0010C80F002070
:1035B0000040054024210020F0B557464E46DE4627
:1035C0004546E0B506000F0085B0EFF30583994648
:1035D0008B46002B12D0384900204B6ABB4206D3E1
:1035E0008A6ADB1B591E8B41B2424041184305B029
:1035F000F0BCBB46B246A946A046F0BD2F4B9A464A
:10360000DB68984653461B784046039300F064F805
:103610004246039B040004339B009B580D001B1A79
:1036200039003000001BA941894510DC0DD020BFB6
:10363000214A0020536A5B45D9D3926ADB1B591E8D
:103640008B41B24240411843D1E78342EFD900F0A9
:103650004BF832003B00121A8B41002B1ADB00237F
:103660000193174B3200009350463B00FFF71CFEBE
:10367000011E0FDD104B5A6A5A451BD39B6AB34299
:1036800016D35046FFF768FE0B4A0020536A5B458D
:10369000ADD3D2E7084A0020536A5B45A7D3002088
:1036A000926ADB1BB24240415A1E934118439EE787
:1036B0005A45E6D120BFE4E700400540C80F00208E
:1036C000C52D001010B5024A0248FFF7E9FA10BDF7
:1036D00088B100107C1C00200300416A0A00986A2F
:1036E000596A8A42FAD17047034B596A0A00986AAC
:1036F000596A9142FAD1704700400540064A536A20
:103700009942FCD807D1044B02E05A6A914202D197
:103710009A6A9042F9D8704700400540054B064A26
:103720001360064A136053609360D3601361536162
:10373000936170478080808000E400E004E400E052
:103740001F2318401E3B8340002905D0C021044A96
:103750004900535013607047802201498B50FAE7AB
:1037600000E100E001228240034B1B6813405A1E17
:103770009341D8B27047C04600E100E00123834086
:10378000014A13607047C04600E200E0064B10306B
:103790009B688000C358054A00209B1A2F229A423A
:1037A0004041C0B27047C04600ED00E0E00F00208D
:1037B00070B50D00EFF3108672B60F4A1368002B38
:1037C000FCD0BFF35F8F0D4B10309B6884001B59FA
:1037D0000B4A934203D09D4201D000F0F7FB074B08
:1037E0009B681D51BFF35F8FBFF35F8F0022024BB9
:1037F0001A6086F3108870BD240100D000ED00E04F
:10380000CD010010F0B557464E46DE464546E0B5C0
:1038100085B0060000911700EFF3108B72B66A4A6C
:103820001368002BFCD0BFF35F8F0025674B5D57FB
:103830009A46002D00DAA9E06B00654C01935B19F4
:103840009B009846A146C1444B4652469B79103690
:103850001370604BB6009B6899590B1B2F2B33D903
:103860005D4B994200D0ACE0019B42469C465B4BCD
:103870006544AD0063535A4B0232A218043B9B1AB5
:103880001B05584A5B0D651913436B80564B01218C
:10389000AB80FF23AB71009BEF71AB604B460B43DA
:1038A00019004C4B9B689951BFF35F8FBFF35F8F3B
:1038B0000022454B1A608BF3108805B0F0BCBB4664
:1038C000B246A946A046F0BD01200A008243D37942
:1038D0008C46BB4231D84546130044491B1B5B4113
:1038E0005943090D3D4B63533D4B02356519043B6C
:1038F0005B1B1B053B4D5B0D2B43AA464D466B8066
:103900000425AC465546E044131F44441B1B1B05CD
:103910005B0D1D434B46997100999D809960494606
:10392000DF71334B01431360BBE75800C0188000C0
:103930002018C179B9422FD902000623D356002B93
:10394000F3DA02932B4B61460393131D9A4604232B
:103950005B429C46E14450464B461B1A1B055B0DDF
:103960009C46204B9571984663464046034393809E
:10397000019B5A199200039BA418A380029B1C4A26
:10398000A371009B2260E771A3608AE700F01EFB31
:10399000002553465D574FE7908802934005131D5D
:1039A0009A46031561469C464046D444634604301B
:1039B0002018181AE0230005400D1B02184303903D
:1039C000C5E700F003FB4FE7240100D045210020AC
:1039D000E00F002000ED00E0CD01001000A1FFFF8E
:1039E0001010002000E0FFFF01BDFFFFAAAA0000A9
:1039F0000148804701BD000070B501240443EFF386
:103A00000581EFF3108C72B6214A1368002BFCD0AD
:103A1000BFF35F8F1F4B05001F4AED1A6D416A43CC
:103A2000120D1E4D8900AE6852B27658A6421CD0C7
:103A30000621595691421CD012215956914222D04A
:103A40001E215956914220D02A21595603249142D1
:103A500010D0134B19781A708171BFF35F8F002259
:103A60000B4B1A608CF3108870BDAB680D4C5C502A
:103A7000EFE700246100091989005B18FF219971A3
:103A800009499980E5E70124F4E70224F2E7C046FA
:103A9000240100D0E00F0020AAAA000000ED00E001
:103AA00045210020CD01001001BDFFFF10B5084BDE
:103AB000084C82B001000093002205232000FFF78C
:103AC00011F9002801DB1F23181A02B010BDC046EF
:103AD000ACB1001049210020024B9C466144890092
:103AE000016070474000003470B5114C114DAC427C
:103AF0000FD2FF262368002B0CD0FFF737F9010007
:103B00002000FFF7E9FFA680BFF35F8F0834AC42C7
:103B1000F0D370BDFFF72AF901002000FFF7DCFFAA
:103B20002671BFF35F8F0834AC42E3D3F1E7C046A0
:103B3000881000209010002010B50400FFF716F93F
:103B400001002000FFF7C8FFFF232371BFF35F8F41
:103B500010BDC04610B504000120FFF713F9034B58
:103B6000C3189B002360BFF35F8F10BD400000347B
:103B7000034B9C46614489000160BFF35F8F70472F
:103B800040000034F8B5DE464E4657464546E0B59F
:103B90008B4605000A991800160000F01DFB0A9BD1
:103BA0006C001F02324B64199C46A4006444636895
:103BB00081469F4200D967602B1FDBB29846012BDC
:103BC00030D9C02380229B01E31812011A60294BCF
:103BD000AD0059599A4600291BD17301E02622688D
:103BE00053401E40802342465B01E3181E60012AB9
:103BF00030D9802380229B01E31812011A605346BA
:103C00004A4667605A51F0BCBB46B246A946A04638
:103C1000F8BD586900F0E0FA013043001B18033B7F
:103C2000FDD2DAE75B46012BCBD1C02303229B01F7
:103C3000E3181A60023AA3681A42FCD07301E02626
:103C40002268AD0053401E4080230A4A5B01924621
:103C5000E3181E605A462168514003220A401A6048
:103C600001225B469A40A3681A42FCD0C1E7C046D5
:103C700000800040801C0020F0B546464F46D646E6
:103C8000C0B51F00344B44009C462418A400644473
:103C9000636888461600FF2B02D880235B006360B0
:103CA000031FDBB29A46012B30D9C02380229B012F
:103CB000E31812011A60294B8500595999460029C9
:103CC0001BD17301E026226853401E4080235246D8
:103CD0005B01E3181E60012A30D9802380229B01FA
:103CE000E31812011A6080235B0063604B465F514A
:103CF000E0BCBA46B146A846F0BD586900F06CFA7F
:103D0000013043001B18033BFDD2DAE74346012B89
:103D1000CBD1C02303229B01E3181A60023AA368A7
:103D20001A42FCD07301E0262268850053401E40F1
:103D300080230A4A5B019146E3181E6042462168CF
:103D4000514003220A401A60012342469340A26870
:103D50001342FCD0C1E7C04600800040801C002018
:103D6000014B8000C0587047801C0020094A830026
:103D70009A1810B514684022544080322240064CF4
:103D8000C000A44663441A60044B9C4660444160F2
:103D900010BDC04604C0014004D0014000400140B5
:103DA000074B8000C3181B68C90092000A435A40A1
:103DB0000C231340034A9446604403607047C04696
:103DC00004C0014004D00140F8B5040021481E00A1
:103DD00017000D0000F000FA0100380000F0FCF9B7
:103DE000069B36041B031E432368002B20DB1A4B63
:103DF0001A49E3185A1E93418022920194465B426D
:103E00001B0B174A1B0363441360164A13601F0001
:103E10000A689743FBD1144B2560E2182123A06068
:103E200013602368002BFCDA0823E6601360F8BDFA
:103E30003F2322681340AB42D9D1A3681B051B0D59
:103E40008342D4D1EE22E368D2021340B342CED1F2
:103E5000EDE7C046001BB7000040FDBF08C00040B2
:103E600000E0004000F000400430000010B5802465
:103E70001C4BE4051C6000281AD001231A4C18437F
:103E80001A4BDC611A4C44401C62596298628021D2
:103E9000144BC9051960174817490860E021C90487
:103EA0001960002A07D18022144B12061A6010BD37
:103EB0000E4BD861EBE753019B1A9B009A188023A5
:103EC00012015B049A4209D213000D490B60074BA3
:103ED0005A608022094BD2051A60E8E7094B1A00A4
:103EE000F3E7C04600B00540D3C007B000800540EE
:103EF0002D3FF84FFCFF01000820014000A00540C5
:103F0000E0200020FFFFFF008023024A9B000B43BC
:103F1000D362704700800540002310B50100988AE5
:103F20001B8B984710BDC046162310B5010018889A
:103F300002331B88984710BDF8B54746CE4680B57A
:103F40000F1E18D0142399460433040000250126BF
:103F500098464B461888434621681B88984701C4F9
:103F6000431E984101350640AF42F2D13000C0BC3B
:103F7000B946B046F8BD0126F8E7C046002370B543
:103F800004000D00988A05491B8B98470300002008
:103F9000002C01DB0130A040290098475542000069
:103FA000AA23064A1B0113608D235B00D3600449DA
:103FB000044B19605368002BFCDA70470040024044
:103FC00000B0FA00006002407047C04610B50148DA
:103FD000FEF74EFEC8B1001070B5074D074EB54252
:103FE00009D20024013E761BB60808CD984723006D
:103FF0000134B342F9D170BD409E00107C9E001088
:10400000054B064A06491A60064A074B1A6010001B
:104010000B689843FBD1704700E00040BFCDFBFE2A
:1040200008C00040FE7F3C0000F00040044BDB6C09
:10403000002B03D18022034BD2021A607047C04686
:10404000000011504C201150044A054B1A60054ADB
:104050001368DB018033FBD17047C046FFFFFF01CF
:1040600000F0004008C000404022034B9A675A67A6
:104070001A67DA667047C04600F0014010B5FEF7D7
:1040800093FE10BD70B5044D044CA968C0222000F9
:1040900001F0CEFBAC6070BD00ED00E00000002040
:1040A000002310B5294C82B0A367FFF779FF0122E6
:1040B000274B1A60636C012BFCD10322254B1A603D
:1040C000224A936B012BFCD1013300930121224A38
:1040D00022480433FFF778FE052301210093204A8C
:1040E0002048FFF771FE0022022104201E4BFFF73B
:1040F000C3FD0022012105201C4BFFF7BDFD00225E
:10410000002107201A4BFFF7B7FD002200210820ED
:10411000174BFFF7B1FD8023DB0000930022002145
:104120000920134BFFF72EFD0022104B0021062023
:10413000FFF7A2FD0420FFF713FE0E4900F04CF834
:1041400001000020FFF7E0FE02B010BD008000403B
:104150003CB0004030B00040002F68590080024061
:10416000008C864700C00240001BB700405973070F
:10417000006CDC0240420F0001480421014B18474B
:1041800030100020393F0010124A936F9B0815D25F
:104190009066D166002905D0FFE7FFE7FFE7516F82
:1041A000106F704704B580210906C21751400028DE
:1041B00000D0C84305F004FE002104BDF0B5146E24
:1041C000556E576F166FFFF7E3FF14665566576716
:1041D0001667F0BD000000D0114A936F9B0813D200
:1041E00010665166002905D0FFE7FFE7FFE7516F32
:1041F000106F704704B5002801D00020C04305F0BF
:10420000DFFD002104BDC046F0B5146E556E576F3A
:10421000166FFFF7E5FF1466556657671667F0BD22
:10422000000000D094464A4A926F9208624601D23A
:1042300028E0C046F0B5464E346E756E776F366F27
:1042400000F020F89446424A146655665767166790
:104250006246F0BD94463E4A926F9208624601D291
:1042600054E0C046F0B53A4E346E756E776F366FD7
:1042700000F04CF89446364A146655665767166740
:104280006246F0BD002B24DB11D000293EDA00B5D8
:10429000C943404200D1013100F038F8C9434042DF
:1042A00000D10131DB43524200D1013300BD002A6D
:1042B000EBD1002801D1002905D00020C90FC90782
:1042C00001D1C043410800B505F06AFD002200237A
:1042D00000BD00B500290ADBDB43524200D10133A7
:1042E00000F014F8C943404200D1013100BDC94378
:1042F000404200D10131DB43524200D1013300F092
:1043000005F8DB43524200D1013300BD002923D11F
:10431000002B18D1002A0CD0BC460D4F38667A66A7
:1043200000210023FFE7FFE7FFE77A6F386F67465A
:104330007047002801D00748010000B505F030FDA6
:104340000022002300BD02000B0000200021704766
:10435000000000D0FFFFFFFF002B00D0BFE0130CD8
:1043600028D1002AE7D080B4114F39667A66FFE77A
:10437000FFE730B4040C7B6F396F1B0423433B66AB
:104380007A66FFE7FFE7FFE7C04684B27B6F3D6FC9
:104390001B0423433B667A66FFE7FFE7C046002322
:1043A0002C042D0C7A6F386F00196941B0BC70472E
:1043B000000000D0F0B594460025140E01D1120281
:1043C0000835140F01D112010435940F01D1920068
:1043D0000235D40F01D152000135D40B0134254FE1
:1043E0007C66254C3C660E0C93B2FFE7FFE7FFE7C7
:1043F0003C6F6643360C7703BE467343DF0B5B04AA
:10440000C01AB941130C7343DB18C91ACE086643AE
:10441000360CB64493B273431F0F1B01C01AB94147
:10442000130C73431F0B1B05C01AB941860D8F0275
:104430003E436643360C092D24DB520A7243801A30
:104440007703460A6643360C16235B1BDE40DF40CB
:10445000BF1964466643821B70460435063301006B
:10446000D940A840C01900D30131A24206D200238E
:10447000F0BD0000000000D0FFFFFFFF121B013065
:10448000F3D3F1E709277F1BFE406446A2B27243D3
:10449000801A00D20139220C7243130C1204821AC2
:1044A00099410B007046043513370100F940A840CC
:1044B000801900D30131002B02D1A2420AD2F0BDF3
:1044C000013000D30131121BFAD2013BF8D1A242D4
:1044D00000D2F0BD013000D30131121BF7E7F0B577
:1044E0001C0C00D080E00CB400251C0A04D11B0277
:1044F000160E3343120208351C0B04D11B01160F94
:104500003343120104359C0B04D19B00960F3343B7
:1045100092000235DC0B02D192185B4101351C0080
:10452000971864410134464F7C66464C3C660E0C3D
:10453000FFE7FFE7FFE7C0463C6F6643360C7703B3
:10454000BE4697B27743C01B00D20139C01B00D2D0
:1045500001399FB27743C91BC91B170C77437E04EF
:10456000FF0B801BB941CE086643360C0C2D33DBA4
:10457000B644120B1F053A431B0B97B27743C01B7F
:1045800000D201399FB27743C91B170C77433E0411
:104590003F0C801BB941860D8F023E43664329279D
:1045A0007F1BFE400C3D7746AF40BF1930BCA2B226
:1045B000ABB272437343801A9941220C7243130CBD
:1045C0001204801A994102000B000137001BA94117
:1045D000F9D2781E0021F0BD0C277F1BFE407746E4
:1045E0007F0BAF40FF19E0E700245D1C07D0144F9C
:1045F0007D663966FFE7FFE7FFE7FFE73C6F95B2AF
:104600009EB265436643401BB141150C1E0C6543C9
:10461000664336042F0C3E432D04401BB1419942A2
:1046200004D202000B0020000021F0BD01D1904215
:10463000F7D3801A994101349942F2D3F6E700008A
:10464000000000D0FFFFFFFF48404140484018B441
:104650001B4B5B68FC46019308BD04DF3B4900101F
:1046600018B4174B1B68FC46019308BD00DF454991
:1046700000109446134A926F920809D2624618B409
:104680000F4BDB68FC46019308BD0CDFFD4B0010AF
:104690000C4AF0B5146E556E576F166F6246FFF7F1
:1046A000EEFF084A1466556657671667F0BD18B4E2
:1046B000034B9B68FC46019308BD08DFA14A00102C
:1046C00018120020000000D0FFB55040424050407A
:1046D00059404B40594000E0FFB5154F4C00640D68
:1046E00003D0BC4204D10C0314D80020090D0905E5
:1046F0005C00640D03D0BC4204D11C030AD8002224
:104700001B0D1B0501264B4009D44B4003D58B42A2
:1047100000D18242FFBD9942FCD19042FFBD0B43C4
:10472000DB1803431343F5D0C9434918FFBD00000C
:10473000FF07000000B5FFF7CFFF804100BDC04676
:1047400000B5FFF7C9FF01D9002000BD012000BD61
:1047500000B5FFF7B9FF01D9002000BD012000BD61
:1047600000B5FFF7B1FF804100BD012040054A00C0
:10477000121804D85A00121801D8002070470120DE
:10478000704700000021002805D17047C11748403C
:10479000401AFAD0C90713B5064B1B6898470CBCE2
:1047A000441CA2401005120B0349091B09051943BB
:1047B000114310BD202100201F04000010B54C0043
:1047C000620D8023D218DB00D21A5B057E2A10DD31
:1047D0009E3A13DACC170903490819435242D140D3
:1047E000640001341532202A05DAD04008436043C2
:1047F00010BD002010BD0846604310BDC80FC01892
:10480000013810BD18B4044B5B6AFC46019308BD27
:1048100024DFAD4D001000001812002018B4044B26
:10482000DB6FFC46019308BD7CDF2D4E00100000BD
:104830001812002018B4044BDB6CFC46019308BD31
:104840004CDFD94F001000001812002018B4044BA0
:104850001B6DFC46019308BD50DF75500010000031
:1048600018120020132370B51D78012D19D014DD06
:104870001F48FFF759FB06001E48FFF755FB1E4C6B
:1048800080223100200000F0D3FF022D2DD01B48E4
:10489000FFF742FB1A4B186070BD1A4B164CA3640D
:1048A000F5E7184B144C23606360A360E360236159
:1048B0006361A361E36123626362A362E3622363D2
:1048C0006363A363E36323646364A364E3642365B2
:1048D0006365A365E36523666366A366E366236792
:1048E0006367A367E367A364D1E7064BA364CEE7DE
:1048F0005344000053460000181200204C330000BF
:10490000202100200949001007B5604601880A0AE5
:104910000230DF2AFAD1C9B2820804D30288408863
:104920000004104300E00068014A5050039007BDA6
:10493000181200200FB403BC0CBCF0B50124E4072E
:10494000634000E0F0B50C0DCF0F661E3605891BE5
:10495000640503D3C943404200D30131640D03D041
:10496000661CF60A07D0E41B00207F00791C89072B
:104970008912803C24031D0DDF0F6E1E36059B1B24
:104980006D0503D3DB43524200D301336D0D03D0D9
:104990006E1CF60A07D0ED1B00227F007B1C9B07D4
:1049A0009B12803D2D032F1B661B58D4A446202E3E
:1049B00046DA20371400BC401D00BD40F2403341B0
:1049C0002A4380185941CB0F05D0C943C043002268
:1049D00064425041514162464D0D28D10D0D07D121
:1049E00000281FD0241940414941013A0D0DF9D04A
:1049F000640006D3013000D30131002C01D14008FE
:104A00004000013A0BD4941CE40A04D1120511446D
:104A1000DB071944F0BDD907204B194300E0D90743
:104A20000020F0BD0029DDD1002CDBD1F0BD01322A
:104A3000C6074008CD0728434908002EE1D0D9E732
:104A40003C2E29DA203E40371400BC4000D001241F
:104A5000F24014431A00BB401C43D317ACE7AC46EA
:104A6000202F08DA20360400B4400D00B540F8408D
:104A700039412843A5E73C2F0CDA203F403604009B
:104A8000B44000D00124F84004430800B1400C4376
:104A9000C117EAE710001900002494E70000F07F36
:104AA000F0B50C0D661E3605891BE60A6405640D1B
:104AB00002D0651CED0A04D0002001210905803CCC
:104AC0002403A4461C0D671E3F05DB1BE70A640593
:104AD000640D02D0651CED0A04D0002201231B05E1
:104AE000803C24037740644497B484B296B2744304
:104AF000070C7E43150C6F4380B26843361802D30F
:104B0000012000043F183004350C00197D41844613
:104B100088B29AB250430C0C62431F0C7C438EB295
:104B20007E43921902D301263604A4191604170CE9
:104B30003618674101BC81B29AB25143040C6243FA
:104B40001B0C5C4380B25843121802D301200004AE
:104B500024181004130C401863412D185E410020E6
:104B6000474106BC88B293B258430C0C6343120C05
:104B7000544389B251435B1802D3012109046418DC
:104B800019041A0C091862416D185641002047415A
:104B900018BCF902720D1143F0026A0D1043ED02C8
:104BA0000A0D03D16D1940414941013B124E9B1B37
:104BB0007600B3420ED26D0007D30130002671415A
:104BC0006646354301D1400840001B05C918E4077B
:104BD0002144F0BD0BDA013306D1013004D101319B
:104BE0004F0D01D04908F2E7E1070020F0BD013682
:104BF00031050020EBE70000FF030000F0B51C0DBD
:104C0000671E3F05DB1BE70A6405640D02D0661CC6
:104C1000F60A04D0002201231B05803C2403D02582
:104C20002D060026F6432E661E096E66CE0FF61977
:104C3000B44649004F0D02D07E1CF60A03D0002076
:104C40000021403F3F033E1BB600B444013F7F05B7
:104C5000C91B49082E6F013676089C02950D254325
:104C60007543ED137543AD1301356D10F603761BD7
:104C70000CB4CC02450D2C43A2B2B3B25A43270C5C
:104C80007B43350C6F43A4B26C431B1902D3012440
:104C900024043F191C041D0CA4187D4124196D41E6
:104CA000009A91B2ACB26143170C7C432B0C5F436A
:104CB00092B25A43A41802D301221204BF1822044C
:104CC000230C52187B41019C6C431B19520ED901D5
:104CD0000A434401A01A81B2B2B2514303145A43A9
:104CE000360C734387B27743D617D21900277E411B
:104CF00036049B191704160C7F185E417316ED18C5
:104D0000F301002680337541A90F06D16400690ABA
:104D1000E8055B0A184309D22FE00422944480334B
:104D20007541A90AA8059B0A184326D34041494169
:104D30002404009A019B0D005543641B4343E41A6D
:104D400095B286B27543170C7E43030C5F4392B253
:104D50005A43B61802D301221204BF183204330C8E
:104D600052197B4152429C41002C02D40022013056
:104D700051414008CA071043490802B06246D707AC
:104D80009210084BD218084B9A4203D21205891888
:104D9000C919F0BD0020002A01DC3900F0BD013343
:104DA0001905F5E7FD030000FE070000002200B52D
:104DB000203200F004F8080000BD000000220B15AE
:104DC0000AD410B5944600F0A7F81414013400DAA0
:104DD0000021CB17144C204700200021704762446B
:104DE000343A0CD40C2A07DA040091409040524225
:104DF0002032D440214310BDD843D94310BD2032C6
:104E000007D40C469440524220321141D0402043F6
:104E100010BD0800C917203203D45242203210417D
:104E200010BD1800190010BDDF4D00104A00520DD2
:104E3000144BD21A13DDFF2A1EDAD205CB0FDB0783
:104E40001A43C300400F0903490A084310435B009B
:104E500001D301D0013070474308FBD2704702D024
:104E6000C80FC00770470A0312130132F8D1420F6E
:104E7000072AF5D1012200E0FF22C80F00028018A6
:104E8000C00570478003000000210A00002104E0F3
:104E900000210A00C11704E00022002306E0C046FA
:104EA0000022CB1758405940C01A994130B5184CD0
:104EB000A21A002903D1010010D00020203A4C157D
:104EC00012D104D2013A001849414C0DFAD3114CC9
:104ED000A24204D212058918DB07C91830BDD2439B
:104EE000520D00200021F5E703D4013A0018494192
:104EF000FBD50B324405C00A4D052843C90A64009E
:104F000003D0002460416141E1E7E0D34408F8E7C1
:104F100032040000FE0700000A0DCC0F531E1B05D3
:104F2000C91A520503D3C943404200D30131520D7F
:104F300003D0531CDB0A07D0121B00206400611C45
:104F400089078912803A1203014BD21A7047000078
:104F5000FF030000023225D40C2A1CDA1125AD1AF9
:104F60000B002B41083207350600EE40904091407F
:104F70003143F0CC63431A1500235A41554356433D
:104F80005743BF02F412760576196741ED177F1972
:104F9000801BB94170470C220020C917490001311C
:104FA0000905DBE70902030E1943000253422032D0
:104FB00008D40C0019419440D840204300225041AD
:104FC000514170470800C917203B2032F1D500201D
:104FD0000021002270470000F0B5FFF79DFF54A4A8
:104FE000FFF7B8FF002904DA204C214D0019694170
:104FF000013A04B4012752A6002201239B0730CEB8
:10500000B446001BA9410BD47E4220361D003D4111
:105010001C00B4401600FE40344362416B4101E085
:105020000019694166460137212FE8D185B29EB249
:10503000754307147E43190C4F4384B24C43F11758
:1050400036190024614109047F183404310C6419B5
:105050007941A40F8800204389178018594104BC66
:1050600052423E32FFF71DFFF0BD00006BDE73F4CD
:10507000FD855C2CF0B54F0050D27F154ED0013726
:105080004FD0FFF749FF04B44902C20D114340025B
:1050900001272BA6B446002200237E4220360D00B5
:1050A0003D410C00B4400600FE40344344414D41B4
:1050B000AE0F05D120002900664630CE121BAB4151
:1050C0000824A4440137212FE7D189008910121840
:1050D0004B4180BC17A413CC0137784379437C4300
:1050E0004F05C912CD17C0196941A702A415CD17E4
:1050F000C9196C41DD17801859416C413E22CD170A
:10510000AC4208D000090E07304309092607314395
:105110002411043AF3E7FFF7C4FEF0BD0249002072
:10512000F0BD02490020F0BD0000F0FF0000F07F5C
:10513000AAB800006BDE1300A3EF0F0021170B00CD
:10514000F34B98BFEC23F319D6104DCDE3FB470E7C
:105150007AB9BC8ADBC18907CC542C021846E1031A
:10516000053083E7B029F8011E1FE0874505FE00E2
:10517000249E41ACA9807F008117624515E03F0065
:10518000E610ABA902F81F008858455500FE0F0035
:10519000C4AAA90A80FF070056455501E0FF030095
:1051A000ABA92A00F8FF010045550500FEFF0000ED
:1051B000AAAA0080FF7F0000551500E0FF3F000015
:1051C000AB0200F8FF1F0000550000FEFF0F0000BB
:1051D0000B0080FFFF0700000100E0FFFF0300005D
:1051E0000000F8FFFF0100000000FEFFFF000000CC
:1051F0000080FFFF7F00000000E0FFFF3F00000095
:1052000000F8FFFF1F00000000FEFFFF0F0000007E
:1052100080FFFFFF07000000E0FFFFFF030000002A
:10522000F8FFFFFF01000000FEFFFFFF000000008D
:1052300000000080000000000000004000000000AE
:1052400051434343C9188C46110C83B24B4310B4ED
:10525000040C614392B280B2504362431C041B0CA5
:10526000001910BC59411304120CC018514161447B
:10527000704700004840414048400E4B5B6818476B
:105280000C4B1B6818470C4A936F9B0802D2094BC2
:10529000DB681847F0B5146E556E576F166FFFF741
:1052A000F6FF054A1466556657671667F0BD014B51
:1052B0009B68184718130020000000D007B548402D
:1052C0004140484001E0C04607B54200120E03D0FD
:1052D000FF2A03D1420218D8C00DC0054A00120EA1
:1052E00003D0FF2A03D14A020FD8C90DC9050122F4
:1052F000414005D4414001D5814207BD884207BDE8
:105300000143491801D0C043001807BD00B5FFF79D
:10531000DBFF01D0002000BD012000BD491A00289C
:1053200008D1084670470000C10FC90700D54042A8
:10533000002817D0F44603B40B4B1B68984706BCF3
:1053400081409E384042803107D20B0607D0490089
:10535000490AC0051043084360470130F8E7490A8D
:105360008902F5E7704700002021002041000A0E65
:1053700080231B067E2A0BDD9E3A0BDAC117400202
:10538000400818435242D040490001314843704719
:1053900000207047C00FC01801387047C0420DD3BD
:1053A00000B540004008002100F012F8002801D4A8
:1053B000404200BD8020000600BD0000034BDB69B9
:1053C000FC4618471CDFCD570010000018130020C2
:1053D000014B5B6A1847000018130020034BDB6F7A
:1053E000FC4618477CDFE55700100000181300202A
:1053F000132310B512481C78FEF796FD0100012C0E
:105400000AD003DD80220F4800F012FA0E48FEF7A2
:1054100083FD0E4B186010BD0A4C5422200000F092
:1054200007FA0B4B6365A365E36523666366A366B2
:10543000E36623676367A367E3672362E361E5E7E6
:1054400053460000181300204C3300002021002098
:10545000A1570010F8B5CE4647460C0080B5051C94
:1054600001294AD0CE0F76187610012E3DD00327A1
:10547000CA1717407F18BF10012F2ED007231340E3
:105480005B18DB109846012B22D00F2313405B18CA
:105490001B119946012B12D00B00203B1F2B05D965
:1054A0000021FFF7D7FF011CFFF701FF011CFFF7E9
:1054B000FEFE4B46DB0702D5291CFFF7F8FE011C58
:1054C000FFF7F5FE4346DB0702D5291CFFF7EFFE89
:1054D000011CFFF7ECFEFF0713D4011CFFF7E7FEEA
:1054E000F60702D5291CFFF7E2FE011CFFF7DFFEDD
:1054F000E40702D5291CFFF7DAFEC0BCB946B04666
:10550000F8BD291CFFF7D3FEE7E7C046F8B5040055
:10551000061C0D1C002817DA4B001B0E7F3B0ED417
:105520001722D31A0BD401210A009A40013A2A42C9
:1055300005D1172B2BD02A00DA40114227D1802326
:105540001B069C466444261C281CFFF70FFFFF2304
:105550002200DB05070001001A401C4222D09A42BB
:1055600020D063021ED1274B984246DBFF2842DC45
:10557000E40D7F3C67433B007F330020002B10DDB0
:10558000FE2B3CDCFE23FF059B05F81809E0802379
:105590001B06E018291CFFF7B9FF80231B069C4659
:1055A0006044F8BD002F10D03B002033402B0FD8B3
:1055B000002F06DAFE20311C8005FFF764FE7942D9
:1055C000061C301CFFF746FFEBE7FE208005E8E7EE
:1055D000301CFFF703FFFFF739F906000F00281C06
:1055E000FFF7FCFE32003B00FFF761F8FFF722F9FE
:1055F000FFF714F9D5E7FF27BAE71F00B8E7FF2048
:10560000C005CEE700FFFFFFF0B5C6460C1CFE212B
:1056100000B58905071CFFF779FE3D1C00282DD138
:10562000FF26F60533002340984626422AD05949E2
:10563000381CFFF76BFE002827D0B04522D080250C
:10564000544AE30DFF35FF2B5CD053498B4254D0B5
:10565000FF200100194018420BD07F3957D417237F
:105660005B1A002B05DD012199400B00013B234211
:105670004DD1211C381CFFF749FF051C281C80BC9C
:10568000B846F0BDFE25AD05F8E73A003E4214D11C
:10569000E30D002C19DB7F3B0DD41722D31A0AD45B
:1056A00001210A009A40013A224204D1172BE5D089
:1056B000DC402142E2D10025E0E7FD0DFF2D3CD189
:1056C000002CF8DBFF25ED05D8E7FF2213407F3BD8
:1056D000F8D4E83AD31AF5D401210A009A40013AE5
:1056E0002242EFD1172B02D0DC402142EAD0FF2525
:1056F000FF0FFF07ED053D43C0E7FF232B407E2B47
:10570000E0D9D8E72B407E2BDCD80025B6E7002A6D
:10571000D8DB381CFFF762FEFFF798F806000F0091
:10572000201CFFF75BFE32003B00FEF7C0FFFFF7D7
:1057300081F8FFF773F8051CA0E71749E30D8D42C8
:1057400000D080E7002C10DB7F3BBBD41722D31A9C
:10575000B8D4163A9A40013A2242B3D1172B02D05C
:10576000DC40E407AED50D4D88E7FF2213407F3BB8
:10577000A1D4E83AD31A9ED4163A9A40013A22426A
:1057800099D1172B02D0DC40E40794D580252D0653
:1057900074E7C046000080BFFF010000000080FFEA
:1057A00007B5604601880A0A0230DF2AFAD1C9B279
:1057B000820804D3028840880004104300E0006897
:1057C000014A5050039007BD181300200021C21554
:1057D0008032803201D0024A10470020704700001A
:1057E000CD2A0000C30FDB0741000A0E07D0FF2AB5
:1057F00008D00909054A891819434007704719005C
:10580000002070470249C918FAE70000000000387C
:105810000000F07F01480421014B18474010002090
:10582000393F0010014B1B68184700004010002052
:10583000014B5B6818470000401000207047C046CD
:10584000F8B55746DE464E464546E0B599460A9BB2
:1058500007009A460D9B884693460B9C9B073BD1BD
:105860000C9B9C423DD21E1B0B9415000C005E4409
:105870002A004B46013521002020B847B542F7D118
:10588000A0460B9C002C20D0454636195346321BAF
:10589000013C185D29004B46B847002CF6D12B007F
:1058A000350098460D9B9B070FD55B46EC1A0C9B69
:1058B000A3420AD9464698462A004B46310020208A
:1058C0000134B84701354445F6D32800F0BCBB4647
:1058D000B246A946A046F8BD16001500002CD3D14B
:1058E000E0E716001500002CCED1EEE7F0B54546F6
:1058F000DE4657464E46E0B585B09C4610AB1B7859
:10590000149F934698460F9C129E139DBB074CD440
:10591000002D42D1B44248D201233B4099460E9B10
:10592000013B9A46302304E0524601341355A64207
:1059300001D9202CF8D14B46002B00D183E00E9BDF
:10594000013B99463023A54205D82EE04A46013452
:105950001355AC4229D0202CF8D1FB060CD57B0581
:1059600054D4A64263D0A54261D0119B102B50D0D5
:10597000022B57D0202C32D1202301930E9B5A4664
:105980000093039763460295FFF75AFF05B0F0BCFA
:10599000BB46B246A946A046F0BD01233B4099460E
:1059A00001233B422AD1B442B9D3FB061CD57B0567
:1059B000DBD4002CD5D1119B102B5BD0119B022B7B
:1059C0006BD0302301240E9A13704346002B10D164
:1059D0007B073ED52B260E9A631C1655CDE7230078
:1059E000013430260E9AD654202CC5D04346002BC5
:1059F000EED02D260E9A631C1655BEE74346002BAB
:105A00002FD0013DB44200D289E798E7119B102BBB
:105A1000B2D1BB0637D5202CAED058230E9A1355E1
:105A20000134A7E7202CA7D02300013407E0631E30
:105A3000012CC0D0119A102A31D0022AD1D162266D
:105A40000E9AD65496E7FB06CED57B0500D488E7A0
:105A50008BE723003E0790D520260E9A013316557A
:105A60008BE70C233B405A1E9341ED1AB44200D2FF
:105A700055E764E7BB060ED478230E9A0224137010
:105A800030235370A1E7202C00D175E778230E9ABC
:105A9000135501346EE75823EFE76033EDE70E9AB4
:105AA000A61E91464E44BA0602D55822327098E797
:105AB0007822327095E7C04610B5002800D110BD9D
:105AC00001F07EFCFBE7C0460B0010B5002802D0B9
:105AD00049681B68984710BDF0B55746DE464E46EC
:105AE0004546E0B595B083460F00924698461E9A0B
:105AF0001F9B10001900209EFEF737FE002800D0E3
:105B0000EAE11E981F990122C54B5242FEF712FE90
:105B1000002800D014E11E981F990122C14B524267
:105B2000FEF71EFE002800D0E9E01E981F99002213
:105B3000BD4BFEF715FE002800D0C8E01E981F9947
:105B40000022BA4BFEF7F6FD002800D0BFE01E98F9
:105B50001F9900220023FEF7EDFD002800D0E4E0AD
:105B600000230B93229B5B0500D4062600243023E0
:105B700007E0172106AA013452181355013E202CC4
:105B800001D0092EF5D81E981F99FEF717FEA84BD5
:105B9000F2009B181A685B68050008920993FEF7EB
:105BA000F5FD02000B001E981F99FEF750FD089AA4
:105BB000099BFEF77CFD06900791FEF723FE8146C8
:105BC000FEF7E0FD02000B0006980799FEF73FFD87
:105BD0000022984B06900791FEF7C2FD002800D1E5
:105BE0000DE101239C46E1444846FEF7CBFD02004F
:105BF0000B0008980999FEF7A3FD002802D00023A6
:105C000099460135002E00D1D9E006954D46B9469A
:105C100014E006AA944617230A216344280001349D
:105C20001F19FEF7D9FA3031397028000A21013ED8
:105C3000FEF7D2FA092D00D817E10500202CE8D193
:105C40004F46069D20240CAE06AA172394466344B3
:105C500099465B46B34606930FE04B4628000A215F
:105C60000134E618FEF790FA3031280031700A212D
:105C7000FEF78AFA051E00D1E4E0202CEDD1069B48
:105C80005E469B460323229A1340012B18D1219B89
:105C9000002B15D00B9B002B00D1FDE0219B013B7D
:105CA0002193202B0CD93023219A07E0172006A935
:105CB000013409180B55944200D3CCE0202CF5D1C7
:105CC000229B01940393219B0096029322E0229B46
:105CD00052460493219B3900039358461E9B1F9CF8
:105CE000029600930194434600F04AF90400200014
:105CF00015B0F0BCBB46B246A946A046F0BD229BFB
:105D00005B070FD403224C4B2299019203912199F6
:105D1000009302914346524639005846FFF790FDE2
:105D20000400E4E70422454BEEE71E9A1F9B002087
:105D30000021FEF78CFC01231E901F910B9311E7AD
:105D4000229B54469B0711D1219B042B0ED9219BEA
:105D500055469C465E46043C64442A004346013551
:105D600039002020B047A542F7D1B346344D260074
:105D70002B1F99465B46A3461C003200E878434639
:105D80003900013DA04701364D45F6D123005C4660
:105D90009B46229B04349B07A9D55346219AE31ABC
:105DA0009A42A4D95E4615002200434639002020BD
:105DB000B04753460134E31A9D42F5D897E72800CF
:105DC000FEF7E4FC02000B001E981F99FEF73FFC53
:105DD0000022184B06900791FEF7ACFC0CAE002891
:105DE00000D031E7069807990022124BFEF7B8FC65
:105DF000002800D028E7012301359D4324E7002235
:105E0000069807990B4BFEF795FC002800D0F9E6A1
:105E10004B46002B5CD101239C46E144F2E6C04690
:105E2000FFFFEFFFFFFFEF7F65CDCD4165CDCDC11A
:105E3000C0D500100000E03F24B200101CB20010DA
:105E40002CB20010069B5E469B460323229A134009
:105E5000012B00D181E0202C00D131E70B9B002BDE
:105E600027D02D23335501342AE74F46069D202C99
:105E700000D1E7E63022331907E0172006A90134E4
:105E800009180A55202C00D1DCE6A342F5D12E22B8
:105E90000CAE0134F254D7E60C23229A134257D0A9
:105EA000219B013B2193A34200D9FCE6202C00D189
:105EB00006E7229B5B0703D52B2333550134FFE60E
:105EC000229B1B0700D4FBE6202333550134F7E661
:105ED000DB0700D496E69EE7229B55469B0711D12F
:105EE000219B032B0ED9219B54469C465E46033DC5
:105EF000654422004346013439002020B047AC42BB
:105F0000F7D1B346B9465F461C4EEC1C2A00B07868
:105F1000434649460135B847013EAC42F6D1229B83
:105F2000BB464F469B0700D4E1E65346219AE31A4D
:105F30009A4200D8DBE65E4615002200434639004F
:105F40002020B04753460134E31AAB42F5D3CEE6E6
:105F5000219BA34200D9A6E6B2E6219B002B00D1EB
:105F600079E70B9B002B97D0219B013B21939C420F
:105F700000D298E6202C00D073E7A1E628B20010EA
:105F8000F0B5DE4657464E464546E0B599B08146E7
:105F90008B4692469846229A239B10001900FEF7E2
:105FA000E4FB002800D0CAE0229823990122824B0A
:105FB0005242FEF7D5FB002800D0C0E0229823997A
:105FC00001227E4B5242FEF7B5FB002800D0B6E01E
:105FD0002298239900220023FEF7ACFB002800D072
:105FE000C9E1229B239C089309940898099980236E
:105FF000269ADB001A400D928022269C1201144042
:1060000022000B94269C07000E001C4200D0ADE03D
:106010000B00034300D0D5E0002A00D00AE22200A2
:1060200006332493022313400C930223134200D01F
:1060300002E2259B042B00D20FE2043B0B930023CA
:1060400004250A930022229823990023FEF772FB6D
:10605000002800D003E25A4B269A134004930B9B6E
:106060000393249B0293089B099C00930194594637
:10607000434652464846FFF72FFD02002020269B4C
:106080001F27034059424B415B421840531C089361
:10609000594643464530C8470A9AD317D4185C403E
:1060A000D30F0A936B1E0B9308AB9C4600256744E5
:1060B00001E0202D0FD020000A21FEF78DF80135D8
:1060C0007E193031317020000A21FEF785F8260054
:1060D0000400092EEDD8052306930B9B5946059322
:1060E000002304930A3303930A9B4846029310ABA0
:1060F0000093089A43460195FFF7F8FB0C9B002B91
:106100002DD05346C41A259BA34228D94D465F463D
:1061100081461E00534639001A1920204346013497
:10612000A847A642F6D8534648462599C21A0132D6
:106130000023914200D386E1013018180FE0269B1E
:106140000493259B0393249B0293229B239C0093FF
:1061500001944346524659464846FFF7BDFC19B0E4
:10616000F0BCBB46B246A946A046F0BD01432BD1C8
:106170000B9B2200002B00D154E700230A93249BA1
:106180000A9A0024934200DD85E122982399002297
:106190000023FEF7CFFA002800D035E1269B084AFD
:1061A00002941A408023DB0013430493259B03933E
:1061B000089B099CCBE7C046FFFFEF7FFFFFEFFF87
:1061C000FFF7FFFF06232493B44B70009C46400D5D
:1061D0006044FEF7DBFAB24AB24BFEF768FAB24A05
:1061E000B24BFEF73DFA3603B14B360B3343040096
:1061F0000D00380019000022AE4BFEF728FAAE4A17
:10620000AE4BFEF754FA02000B0020002900FEF707
:1062100027FAFEF7D3FA0A90FEF7B8FAA84AA94B74
:1062200004000D00FEF743FA0022A74BFEF718FA10
:10623000FEF7C4FAA54A0600A54B20002900FEF788
:1062400036FA040030000D000C96FEF79FFAA14AC2
:10625000A14BFEF72CFA02000B0020002900FEF7EC
:10626000F6F902000B0006000F00FEF720FA3200DC
:1062700004000D003B0030003900FEF7F1F9002268
:106280000E900F91954B20002900FEF7F2F90022A5
:10629000934BFEF7E5F902000B0020002900FEF702
:1062A000E8F900228F4BFEF7DBF902000B0020001B
:1062B0002900FEF7DEF90D008021040032003B00CA
:1062C0000020C905FEF7C3F902000B0020002900D9
:1062D000FEF7C6F902000B000E980F99FEF7C9F9F8
:1062E0000022734BFEF7BCF97F4B0C9C9C46644428
:1062F00000222305FEF7DBF906000F0002000B0069
:1063000008980999FEF716FA00280AD00A9B30006F
:10631000013B39000A930022714BFEF7AAF90600EF
:106320000F000A9A330063323900C62A12D80222BB
:106330002698042510400B9A0C90002A25D1259B05
:10634000042B05D9002800D0A1E0259B043B0B932A
:10635000042541E00222269810400B9A0C90002A56
:1063600012D1259B052B76D9002872D1259B0525B6
:10637000053B0B9334E0802212069446229B08933F
:10638000239B6344099330E605250B4300D1F6E6D1
:1063900008980999554A564BFEF7DAF9002808D0B3
:1063A000089809990022534BFEF7C4F9002800D041
:1063B000E5E6249B002B1CD00D9B002B19D0249BC1
:1063C000013B2493259BAB4204D90C9B002B5AD054
:1063D00002230C9300230B930A9B002B00D131E680
:1063E0000898099932003B00FEF743F9089009919B
:1063F00028E6259BAB42EDD90C9B002B43D0002314
:106400000B9302330C93E7E78020269B3A4A000661
:106410001A40802384460294089C099D2900DB00D1
:1064200013430493259B6144220003930B000092C5
:1064300001938EE60524A8E600230B930A9302330A
:1064400004250C93FEE553468C46013B63441B1A1E
:1064500072E602230C930525C2E70423EDE58020B4
:10646000089E099F000639008446269A224B614403
:10647000134004930B9B32000393249B02930B0065
:1064800000920193F3E5259B5B1B0B93A4E702238A
:1064900004250C93A0E79C1A013C76E601FCFFFF63
:1064A000FB799F501344D33FB3C8608B288AC63F03
:1064B0000000F03F0000F83F61436F63A787D23FC1
:1064C00071A379094F930A400000E03F1655B5BB10
:1064D000B16B0240EF39FAFE422EE63F00002C403D
:1064E0000000244000001840FF0300002D431CEB77
:1064F000E2361A3F80842E41FFF7FFFFF0B5DE46FB
:1065000057464E464546E0B5A5B01E002E9B924626
:106510000C93CD4ACD4B80468B461A60002900D1A2
:10652000EAE1002330789946002800D1ECE1C84B1D
:106530004C460B93C74B454657460E930AE0631CE7
:10654000984622003B005946A84744463078002828
:1065500000D187E001362528F1D108239A46043B73
:106560009946023B9846013B00229C460D943078A8
:10657000711C0300203BDBB2102B03D80B9C9B004B
:10658000E3589F460300303B89460D9C092B3AD9BE
:10659000002398462A2800D1C1E000239A462E28DD
:1065A0004BD00300683BDBB2122B1ED80E999B0028
:1065B000CB589F4663460E001A43D8E743460E0069
:1065C0001A43D4E74B460E001A43D0E710230E00BF
:1065D0001A43CCE753460E001A43C8E780235B00FA
:1065E0001A43FF3B9C467078E1444E4667284FD8DB
:1065F0002428A4D90300253BDBB2422B9FD896491F
:106600009B00CB589F46002394461E0000E00131BA
:10661000B3009B195B001E180878303E0300303B26
:10662000092BF4D90123624689469C460023B046D3
:106630009A460E00E1442E28B3D1302180204942F1
:106640008C46C000024370784B4684446146092959
:1066500000D86CE12A2800D17AE101239C464E46FD
:10666000E1449EE7A146A846BA46CA4503D801239D
:106670005B425344994653464A4659460020C04718
:10668000200025B0F0BCBB46B246A946A046F0BDEE
:106690000300693BDBB20D930F2B00D94FE70121BB
:1066A00099408C466D49894661464B4619400F9189
:1066B000634649460B4200D028E10D9B0A2B3AD095
:1066C000072B00D03BE70C9B190008C98846002B1C
:1066D00000D14BE121200243914614A98C461F2290
:1066E0000F2162448C4651460D950C91A24615002F
:1066F0000F9902E020290CD0130064461C402000B2
:106700003730092C00D80738013168541A090F2B8B
:10671000F0D80C9B54460D9D9A460F9133E10C9B8B
:1067200002CB8846002947DB0C9301239C467078F6
:106730004E46E14431E70C9B02CB14935346002BA9
:1067400000D138E19C4608780B000C908C4400285E
:1067500001D100F098FC89466146944603E05A78DE
:106760000133002A01D08B42F9D1494662465B1AB7
:106770000C900F93530500D520E102231800104020
:106780000D90134200D1CBE30D930B1BB1469A46FB
:106790005E460C9822003B003100A8475346013466
:1067A000185D0028F6D1B3464E460D9B002B00D055
:1067B000C7E1149B0C93C9E60C9301239C4628382F
:1067C00049420243884670784E46E144E5E67078D7
:1067D0006C2800D17FE180235B001A43FF3B9C467D
:1067E000E14402E780239B001A4301239C46707812
:1067F000E144FAE67078682800D173E180231A43F7
:106800007F3B9C46E144F0E6672800D103E147283E
:1068100000D15AE1452800D15AE1049207214246AD
:106820000C9B0392073352468B43190002920CC90A
:106830002800009201930C9122003B005946FFF77B
:106840009FFB040082E6C046FD640010DC200020AF
:1068500024D4001068D40010B4D40010419000007B
:10686000462800D1DBE00492072142460C9B0392AC
:10687000073352468B43190002920CC9280000923C
:1068800001930C9122003B005946FFF725F90400C3
:106890005CE6631C984622003B0059462520A84729
:1068A000444653E60C9B04330D93631C99469207B0
:1068B00000D422E10C9B2200187859463B00A847DF
:1068C00043464444012B00D885E23300B8462E00ED
:1068D0005F4625004C469946220043460134390064
:1068E0002020B047AC42F7D12C00BB4635004746CC
:1068F0004E460D9B0C9329E6DB4B307898460023DF
:106900009946002800D012E60024AEE66F2800D198
:1069100088E000D80BE31023782800D1CFE09A4319
:106920000A239C4600230F930A330D9380E05646BA
:10693000B1008919490001330E181878303E010062
:1069400030390929F4D9B2461E000133994628E6A8
:106950000C9B023602CB8A46C9435046C9170840F1
:1069600082460C933078731C99461AE61023100067
:10697000984311331843814680201300C000034020
:10698000024200D1A9E64B460693082305935346DD
:10699000049310230393002302930F9B220001937F
:1069A0001CAB009359463B002800FEF79FFF43466F
:1069B00004000C93CAE501235B42C3E60F9B5345D9
:1069C00001D953460F930223180010400D90134233
:1069D00000D1B7E10D93D1460B1B9A463300A14479
:1069E0002E0022004D460C98B9465F469B4608E0B3
:1069F0004B463900541CB0475346185D002877D0E9
:106A000022009542F4D15B46BB464F46A94635006D
:106A10004C461E00C9E680231B011A43FDE62023D5
:106A20001A4320E708239C4600230F9308330D9355
:106A300080231100DB0019401A4200D116E10D231A
:106A40009A431000802302009B001A4014921842BF
:106A500000D0C2E1802302005B001A4091460C9AEC
:106A600004320F92184200D0B7E2430600D59FE1EE
:106A7000030600D419E30C9B1B880993002B00D05C
:106A8000FCE110339843002900D1F7E10023994637
:106A900043460593534604930D9B069003930023AE
:106AA000D2E0582808D0622867D102239C460023F0
:106AB0000F9302330D93BBE720231A43103B9C46F0
:106AC00000230F9310330D93B2E780231B011A4369
:106AD00020231A43A1E6C0239B001A43F31C9946C6
:106AE000B07882E5C0231A43F31C9946B0787CE560
:106AF00035005E46BB464F4657E64346012B00D85D
:106B000063E1631E43449A463300B9462E005F4654
:106B100055469B46A24622004B46013439002020B0
:106B2000B047AC42F7D135005E46BB464F46A14662
:106B300054460C9B4A46187859463B004444A847A3
:106B4000D7E6A1460F9B984500D832E64444E41AA4
:106B50003300B8462E005F4625004C469946220079
:106B60004346013439002020B047AC42F7D12C0015
:106B7000BB46350047464E461BE680231000DB002F
:106B800018401A4200D10FE1112118008A430D92DA
:106B90000D9A802311009B0019408C461A4269D13E
:106BA000802311005B00194089460C9904310F9134
:106BB0001A4200D0CAE113005B0600D5F0E01300D2
:106BC0001B0600D459E20C9B00229B5ED9175A1871
:106BD0004A4092B2D90F0C91002B00D1F9E110007C
:106BE00014AA944642461F23149252466344A84670
:106BF00016944D460400B946B2461F00159201E0B6
:106C0000202D0FD020000A21FDF7E6FA01357E196C
:106C10003031317020000A21FDF7DEFA2600040031
:106C2000092EEDD8149B4F46A94645469846159B1C
:106C300056469A46169C0D9B06934346059353462B
:106C400004930A2303930C9B02934B4601931CABC2
:106C50002200009359463B002800FEF747FE0F9B99
:106C600004000C9372E4C0463D5800100C239A4374
:106C70001000E7E607220C9B07339343013294464A
:106C80009C4462460C920CCBD90F0F911100194312
:106C900000D191E0D917139112915140109113999D
:106CA0005940119110981199129A139B801A994189
:106CB0001090119114AA00239446424699461492CA
:106CC00052461F336344A846B24616944E46109C63
:106CD000119DB94615921F0001E0202E10D0200012
:106CE00029000A220023FDF7B5FA013630322B00C5
:106CF000BA550D0022000400002BEED1092AECD871
:106D0000149B1094119545469846159B4F46B146E5
:106D100056469A46169C0D9B06934346059353464A
:106D200004930A2303930F9B02934B4601931CABDE
:106D30002200009359463B002800FEF7D7FD0400CF
:106D4000FFF704FC0F9B984500D8C1E18023DB00CE
:106D50000D9343460F9A1B199B1A994633002E0038
:106D60004D46B9465F469B460C9122004B46013486
:106D700039002020B047AC42F7D143460C9901338B
:106D80000F930B7835000C935E46BB464F46002BA5
:106D900000D10EE50D9B002B00D1F6E4002319E68F
:106DA0000C9B1B781A0015E710239A430D92EFE60F
:106DB0000C9B1B78099361E6002399460028AAD111
:106DC000002200231092119374E70C9B2200187884
:106DD00059463B00A8474C468BE50C9AFA3BFF3BD3
:106DE00007329A430133994691444B460C931368FA
:106DF000526815921A4306D110329043002209922C
:106E0000002900D081E06122810600D54122D2B262
:106E10000A9214AA91460A9A00210A3A149242460A
:106E20001792524618925A460991B3461F311E00D6
:106E30000F9B4944BA4619941A9500246746984610
:106E40008946159D16901B920AE03032D2B24B460D
:106E500001341A55A8454AD0202C4AD006000D000E
:106E60003A00002330002900FDF7F4F9D2B2092AD4
:106E7000EBD9149B9C466244D2B2E8E761238206B8
:106E800000D54123DBB20A3B0C93434614A91F22D1
:106E90008C46159353466244A046B2464C4617971B
:106EA000A9461700099D0D9E1490169308E03033F3
:106EB000DBB201343B55B5420ED3202C0CD005007B
:106EC00031002800FDF788F9CBB20929EFD90C9AD7
:106ED00094466344DBB2ECE7159B4D46A14644461D
:106EE0009846169B564614989A46179FD0E5B74287
:106EF000B2D9179B57469846189B5E469A461B9BED
:106F000009949B461698199C1A9D4346059353462F
:106F100004930D9B0690039300230293099B05E7BE
:106F20000F9B984500D914E701330F932DE41023EC
:106F3000110099430D91692800D0BAE08023100018
:106F4000DB0018401A4200D122E61DE60C9B1B68AC
:106F5000DA0F1100002B00D18CE0DA17981850409E
:106F600014AA914642461F23149252464B44A0460F
:106F7000A946169704006546B2461F000C9115926B
:106F800001E0202D0FD020000A21FDF725F9013561
:106F90007E193031317020000A21FDF71DF92600DD
:106FA0000400092EEDD8149B444698460C9BAC4631
:106FB0001900159B56464D469A46169F0D9B029109
:106FC000069343460593534604930A23039363466B
:106FD0003CE6002800D02EE602E60C9B1B68994692
:106FE000002B03D110339843002938D16123820646
:106FF00000D54123DBB20A3B0C934346169353461C
:1070000014A91F228C4617932B006244A0464D46BC
:10701000B246189799461700149C0D9E159008E0EB
:107020003033DBB201343B55B5420ED3202C0CD0AB
:10703000050031002800FDF7CFF8CBB20929EFD9C0
:107040000C9A94466344DBB2ECE7169B14944446D6
:107050009846179B56464D469A461598189F4346A4
:107060000593534604930D9B0690039300230293CC
:10707000149BEBE50028A1D172E70C9B1B68D91784
:107080005A184A40A6E580231000DB0018409C46B1
:107090000F901A420FD00220030013400F931042AA
:1070A00019D00023A1460F934CE50C9B1B68099354
:1070B000E4E40A0034E40223180010400D90134267
:1070C00000D03EE54346002B00D042E6FFF771FBBF
:1070D00001330F937FE463460D93F3E710B50C0083
:1070E00084B00394012402A9029000930348130082
:1070F0006242FFF703FA04B010BDC046C95A00103F
:1071000010B5094A0300146884B0002C08D001228D
:1071100000910648524203A9A047012004B010BDC7
:1071200000F098F90020F9E7DC200020B95A00109F
:1071300000BEFDE710B5FFF7FBFFC04670B5FCF7DA
:107140004BFF074D074EB54209D20024013E761B86
:10715000B60808CD984723000134B342F9D170BD79
:107160007C9E0010889E0010030010B508001100DE
:107170001B68984710BDC046F0B5C64600B5437DB4
:1071800007000C001600002B46D0002A17DD0B78F4
:107190000A2B24D000239846012E13D00125290064
:1071A000635C01350A2B26D0B542F8D1464509DC8F
:1071B000A419013C23780D3B5A4253413B7580BCD6
:1071C000B846F0BD4346E018A419F11A013C3B68EB
:1071D000984723780D3B5A4253413B75EFE7037DB7
:1071E000002BD7D102210F483B689847012EDFD0F2
:1071F00001239846D2E7631E5B5C0D2BD4D08845F3
:1072000004DA4346C91AE0183B689847022105484A
:107210003B68A8469847C7E70368110020009847D5
:10722000CDE7C04610D60010F0B5C6460B68060084
:107230000C0000B5802B06D05A1C2260E418267181
:1072400080BCB846F0BD0F4B1D68002D16D00B1D3D
:1072500098460D4F02E02D69002D0FD02B68002BB2
:10726000F9D03B68002B01D0AB42F4D12800414655
:107270002268FFF781FF2D69002DEFD10122002345
:10728000DBE7C046D01C0020D81C0020F0B54546E6
:10729000DE464E465746E0B583B091461C00804618
:1072A0000D00FCF721FA0023304A12184B41002B45
:1072B00002DA01222E4B52422E4908008A4602F081
:1072C000A7FD07006B1C03D1404602F027FD050017
:1072D000002C27D0284E294B1C68002C18D04B4678
:1072E000002B21D1264B994602E02469002C0FD0B7
:1072F0002368002BF9D04B461B68002B01D09C4221
:10730000F3D120002A004146B0472469002CEFD178
:10731000002F26D1280003B0F0BCBB46B246A946D8
:10732000A046F0BD174ED6E7154B99460A239B465B
:1073300002E02469002CEBD02368002BF9D04B46E7
:107340001B68002B01D0A342F3D12A004146200044
:10735000B0476B465A462000DA71D91D0122B0476A
:10736000E7E7504602F014FDD4E7C04640420F0064
:10737000FFFFFF7F8810002079710010D01C0020D3
:10738000D81C0020697100100A4A1368002B05D12F
:107390000CE01A001B691032002B07D08342F8D191
:1073A000002902D118691060196170470029FCD0CA
:1073B0001060FAE7D01C002010B500F0F1FA10BD03
:1073C000F0B5CE46474680B583B06B460600DD1D5E
:1073D0002870FCF789F90023194A12184B41002B39
:1073E00002DA0122174B524217490800884602F080
:1073F0000FFD164B81461C68002C14D0144F02E080
:107400002469002C0FD02368002BF9D03B68002B97
:1074100001D09C42F4D1200001222900FFF7ACFEEC
:107420002469002CEFD14B46002B05D1300003B06E
:10743000C0BCB946B046F0BD404602F0A9FCF5E735
:1074400040420F00FFFFFF7F88100020D01C00206B
:10745000D81C002070B5040002F060FC012301007C
:10746000050001222000FFF711FF084B1C68002CCB
:1074700006D06368002B05D098472469002CF8D10A
:10748000280070BD2469002CF3D1F9E7D01C00203E
:10749000F0B5CE46474680B5A3B004000D00FCF71A
:1074A00023F90023274A12184B41002B02DA01224C
:1074B000254B5242254E300002F0AAFC0023220048
:1074C000019307002B00224801A9FFF707FE214B7B
:1074D000804699461C68019B002B1AD0002C2FD0A7
:1074E0001D4D02E02469002C0FD02368002BF9D039
:1074F0002B68002B01D0A342F4D12000019A02A9ED
:10750000FFF73AFE2469002CEFD14B461C6800239C
:107510000193002C06D06368002B0BD09847246998
:10752000002CF8D1002F07D1404623B0C0BCB9468B
:10753000B046F0BD2469ECE7300002F029FCF3E727
:107540000194EFE740420F00FFFFFF7F881000200B
:1075500029720010D01C0020D81C00200FB400B5E8
:1075600083B004A901C90191FFF792FF03B008BCE1
:1075700004B018477047C0460022014B1A7070478C
:10758000462100204B790020FF2B0BD18B79002B5B
:1075900008D1CB79012B05D1082A03D9024B8A786F
:1075A00009301A707047C0464621002001207047FC
:1075B00010B5012913D112495379107909781B02AA
:1075C00003430020994200D010BD5378012B08D00E
:1075D000022BF9D1642200210020FCF747FC012096
:1075E000F2E7D37891781B021943480ADB0501D4EE
:1075F000012040427F238A05D20F1940FCF7BEFCD0
:107600004621002000487047DCD6001070B5050008
:1076100014000120012909D153780020012B05D144
:10762000637912791B021343072B00D070BD210030
:107630002800024A9F3301F055FAF7E734D60010CC
:10764000012303700048704714D600104B780A7865
:107650001B0213438A7810B512041A43CB781B0619
:1076600013439622D200934200D010BD0022012085
:1076700011004042FCF782FC024B1860024B19607B
:107680007047C046701C0020741C002010B5024BCF
:107690001878FCF773F810BD47210020154B70B522
:1076A0001A68002A22D0EFF3108172B61068002801
:1076B000FCD0BFF35F8F00200F4A596010701B6829
:1076C000BFF35F8F186081F31088002400250B4EF4
:1076D0003078FCF747F8002804D100240025290061
:1076E000200070BD3078FCF749F8F8E7FA2400254F
:1076F000A400ECE7002100204821002047210020C1
:1077000070B5040000200E0001F00AFB002834D000
:10771000002001F01BFB00282FD0FBF7E5FF002322
:10772000174A12184B41002B16DB164D280002F0A9
:107730006FFB002821D0002001F0F2FA00280FD1C1
:1077400001200021404200F001FD03246442280092
:1077500002F01EFB200070BD01220B4B5242E4E7F9
:10776000002001F0F3FA0028EAD0210032000020C6
:1077700001F0F6FA041EEAD1E7E703246442E9E7E0
:1077800040420F0028210020FFFFFF7F10B5FBF7CC
:10779000ABFF00230D4A12184B41002B02DA0122E5
:1077A0000B4B52420B4C200002F032FB00280CD055
:1077B00001200021404200F0C9FC002001F014FB30
:1077C0000028F5D1200002F0E3FA10BD40420F007E
:1077D000FFFFFF7F28210020F8B5DE46574680B521
:1077E00005000C00FBF780FF0023364A12184B41BE
:1077F000002B02DA0122344B5242344908008A46F7
:1078000002F006FB002803D1C0BCBB46B246F8BD5F
:10781000002001F085FA00284AD00026002C43DD24
:107820002B4B9B4614E0A919002001F017FB070021
:1078300001200021404200F089FC002001F0D4FA30
:10784000FBF752FF224BF61918605960B4422BDD4A
:10785000002001F023FBA71B0200B84200DD3A0024
:10786000002AE0D101200021404200F06FFC0020FE
:1078700001F0BAFA002001F053FA002814D00020D9
:1078800001F00CFB0028E1D1FBF72EFF5B460F0057
:107890001A685B68002184460E4812184B419F42CB
:1078A00002D8D3D19445D1D9504602F071FAABE752
:1078B00000200021064B18605960504602F068FA1B
:1078C000A2E7C04640420F00FFFFFF7F28210020B3
:1078D0001012002020A1070030B52A4C85B00021ED
:1078E000200002F075FA00281CD1274B1A68002AE4
:1078F00016D0EFF3108172B610680028FCD0BFF3E9
:107900005F8F01242148596002781B68D2B204704D
:10791000BFF35F8F0020186081F31088002A17D012
:1079200005B030BD01200021404200F00FFC0020D6
:1079300001F00CFA0500200002F02AFA002DEFD029
:10794000134B1B68002BEBD0124A10689847E7E7EF
:10795000FBF73EFC0400FBF7C7FEFA22002392006F
:1079600012184B41002B02DA01220B4B524201212B
:10797000029100210191094920000091FBF72CFCA4
:10798000CEE7C04628210020002100204821002009
:10799000701C0020741C0020FFFFFF7F9D760010EC
:1079A000D02310B51B0684B01C68FBF711FCFBF755
:1079B0000DFDA04202D0002004B010BD294B0021D3
:1079C00000201B7801F05EFD27480368002B45D09E
:1079D0000120FCF76BF8FF23244C25492070184048
:1079E000FBF7E6FE20780121FBF7AAFE0520FBF756
:1079F000CDFE002824D1082200211E48FDF712FFE9
:107A0000FBF7E6FB0400FBF76FFEFA22002392006F
:107A100012184B41002B02DA0122174B524201216E
:107A2000029100210191154920000091FBF7D4FB40
:107A30000028C0DB12480121FFF7A6FC0120BBE7AC
:107A40000120FBF79FF90B4B01001800FCF790F8A1
:107A5000002205200B49FBF7D5FEEBE7FCF76CF89D
:107A6000B6E7C04694D80010282100204721002006
:107A7000D978001000210020FFFFFF7F9D760010C5
:107A8000501000208D7600100048704778D7001005
:107A90000048704724D7001010B504001748037839
:107AA000002B20D0002C06D1154B16484380063BF6
:107AB000FF3B038010BD052C1DD8134BA400E058DC
:107AC00012490123013804E001330A800231142BEA
:107AD0000DD0C25C002AF7D1C022DBB25B0092005D
:107AE00008481343E5E7112100F01AF8DAE7CA2342
:107AF00004489B00DDE70020DCE7C0463021002081
:107B000009040000A81C00200CD70010AA1C0020AB
:107B100010B5024800F0D8F810BDC046182100206A
:107B200030B54B1E012900D1A7E0664A11780D0936
:107B30002C0030349F2900D9A2E00470012B00D121
:107B4000BEE00F21147821400C003034092900D9FF
:107B500098E04470022B00D1B2E054782509290046
:107B600030319F2C00D990E08170032B00D1A7E029
:107B70000F2121400C003034092900D987E0C4705E
:107B8000042B00D19CE094782509290030319F2CEA
:107B900000D97FE00171052B00D191E00F21214038
:107BA0000C003034092900D976E04471062B00D14D
:107BB00086E0D4782509290030319F2C00D96EE069
:107BC0008171072B00D17BE00F2121400C00303464
:107BD000092966D8C471082B00D171E014792509F0
:107BE000290030319F2C5FD80172092B68D00F21FA
:107BF00021400C003034092958D844720A2B5FD038
:107C000054792509290030319F2C52D881720B2BD1
:107C100056D00F2121400C00303409294BD8C472B2
:107C20000C2B4DD094792509290030319F2C00D997
:107C3000073101730D2B43D00F2121400C0030344C
:107C4000092901D937310C0044730E2B38D0D17972
:107C50000C09220030329F2900D9073282730F2B82
:107C60002ED00F220A4011003731092A01D83032B4
:107C70001100C173102B23D010300023037030BDCE
:107C800007345AE737310C0063E707316CE73731C7
:107C90000C0074E707317DE737310C0085E70731C9
:107CA0008EE737310C0095E707319DE737310C003F
:107CB000A3E70731AAE737310C00C4720C2BB1D10E
:107CC000C018DAE71821002010B588B004000D2292
:107CD00000216846FDF7A6FD0D22002104A8FDF74E
:107CE000A1FD4B236A466846137004A90D2202F0D9
:107CF00047F81521082220006944FDF799FD08B0D6
:107D000010BDC046F8B500F047F90C23194DFF220D
:107D1000AB6705201849FBF775FD184C4022002180
:107D20002000FDF77FFD4027002301262121144A72
:107D300066702783A260136063545F3161844539A4
:107D40006354104A10496360E2602787A1620B60A8
:107D50006362E26202F02CF880239B052E64EB64E0
:107D600090230A4A0120EA508022094B5202DA6429
:107D7000F8BDC04600001150F9040020DC1C0020B2
:107D800084001050000110508000105010D00100ED
:107D90000020115010B501210520FBF7D1FC10BDCA
:107DA00010B500220021024800F016F910BDC046AF
:107DB000FC1C0020044B1970002904D08021902362
:107DC000024A8902D1507047422100200020115000
:107DD0000B785B0602D14B78052B00D070478A7870
:107DE000014B1A60FAE7C04600001150F0B5C646D4
:107DF000C87800B58007830F1800012B60D08F78FA
:107E00000A794B797F213940FC091B024E0013434C
:107E1000334D32195201AA189770012767405770E5
:107E200000275B055B0DD7701383D076B846CA0078
:107E3000012C32D02B4FBC468F016244BC46AC446F
:107E40006746BA6047461760002932D0264AC90003
:107E500090466246414451603F223F33934302289B
:107E600037D0224937190A687F01D3180B6020499F
:107E7000EF19FA608B422ED836197601AD19EB7ED8
:107E80001C499B064A4013438022120613436A682A
:107E90001360012080BCB846F0BD174FBC468F016F
:107EA0006244BC46AC446746BA6247461760002944
:107EB00008D1002364012C196360104BE360E8E7EC
:107EC0000020E7E70B4AC9009046624641445162F0
:107ED000C2E75B00C5E7FCF779F8FA68CCE7C04673
:107EE000DC1C00208400105004001050E42000200E
:107EF000FF0F105000001050800010500001105073
:107F000010B501F055FF10BD10B57F200C002040CA
:107F10004000E409110000191A00034B4001C01889
:107F200000F05AF8012010BDDC1C00207F2318004F
:107F300000B5084083B00B4204D14B424B41084A84
:107F4000013393668022C9094000064B4018400166
:107F50000021C018120101F06BFF03B000BDC04644
:107F600000201150DC1C00207F22130010B50B40B4
:107F70000A4200D110BDC9095B005B1804485B01CF
:107F8000C018002300220349C37001F051FFF1E73C
:107F9000DC1C0020FFF7FFFF80220A4B520410B5C3
:107FA0001A60094B09491A6010000B689843FBD10D
:107FB0008022002152010648FDF734FC0922054BBE
:107FC0005A6710BD00E0004000F0004008C00040CB
:107FD0000000105000001150002310B5C38201337F
:107FE000828283760161040001F00AFF002804D038
:107FF00080219023074A8902D150200001F0F0FE31
:10800000002802D00123237710BD200001F008FFD3
:10801000FAE7C046002011507047C0467047C0467E
:1080200000207047002070477047C0467047C04628
:108030007047C0467047C046024B5878431E98416F
:10804000C0B2704784170020024B18784007C00F59
:108050007047C04684170020F0B5D6464F464646C6
:10806000C0B52F4B07009A461B780E00FF2B50D14E
:10807000002941D0002154222A48FDF7D3FB0022D9
:10808000294C2A4B20001A70FBF756FD284B1C6028
:10809000284C2000143CFBF75DFD200001F0FAFDA8
:1080A000254B264D1C60264B002B04D02800FFF7E3
:1080B000C7FA244B1860244900248946214900232B
:1080C00088462A7810E043461B6862019B18002B03
:1080D00012D05B68002B0FD098472A780134E4B2A5
:1080E000511C2300A14209DBA242ECD89B1A5B0180
:1080F0004B445B68002BEFD100200BE0534631006E
:1081000038001F70FFF7FEFD0028F5D03800FFF79C
:1081100041FE0120E0BCBA46B146A846F0BDC046CB
:1081200084100020841700207C17002043210020A9
:10813000D81700207C100020DC17002041210020EF
:1081400041760010D415002034D80010F0B5DE467A
:1081500057464E464546E0B5C84B91B002931B7852
:10816000FF2B00D13EE1C64BC64E9B465F46C64B39
:108170000DAC0193C54B009335686A69EFF310812C
:1081800072B61368002BFCD0BFF35F8FA961280083
:10819000210001F0AFFB6A69AB69BFF35F8F00217B
:1081A000116083F31088002800D11BE16378082B4D
:1081B000E2D89B00FB589F466368002BDCD0A06888
:1081C0009847D9E77F222179AF4D0A405300EB1839
:1081D0009846C809804440460123303005799D43C4
:1081E0000571057903339D430571002A00D100E133
:1081F0004346A74A1B7D1278934200D3EFE0A54A7D
:108200005B011568ED18002D00D1EBE0A3686279E1
:108210002078AD69A847AFE79F4A1378002B00D1BB
:10822000E0E01378013BDBB213701378002BA3D18D
:108230000122954D01212B78042013432B70342308
:10824000EA5C8A43EA54EA5C8243EA540133EA5C1A
:108250008A43EA54EA5C8243EA54237800209B462E
:1082600000F09EFC602223791A40602A00D1EFE0E2
:10827000402A00D1F5E0DB06DB0E012B00D113E133
:10828000022B00D1C7E0002B00D0E1E0202A00D172
:108290001CE2002A00D0DBE06379092B00D9D7E08B
:1082A0007E4A9B00D3589F46774D2B78DB0700D43E
:1082B00062E7FFF7BFFE5FE7019BDB78DB0700D4D7
:1082C0005AE76068FFF7AAFE56E76F4D2B78DB0789
:1082D00000D451E728780007C00FFFF7A9FE4BE74D
:1082E00023786A4999468B46694B6A4998468A467B
:1082F00039001A7847460023B04600254E46894685
:1083000010E053461B686A019B18002B00D176E0F1
:10831000DB68300098473A780135EDB2511C2B00EC
:108320008D4244DC9542ECD39B1A5B015B44EFE742
:10833000237858499946564B8A4698463100BB46A1
:108340004E461A7800250023474689460FE05346DB
:108350001B686A019B18002B55D0DB6830009847DA
:108360003A780135EDB2511C2B008D4207DC954265
:10837000EDD39B1A009A5B0194466344EDE7019D9F
:10838000542200212800FDF74DFA1022FF21444815
:10839000FDF748FA28002022FF2114304E465F46A0
:1083A000FDF740FA00F0F2FBFFF740FEE4E6364D41
:1083B000542200212800FDF735FA1022FF21281D44
:1083C000FDF730FA28002022FF21143046464F46A0
:1083D000FDF728FA00F0DAFB2379AB70CCE6501CED
:1083E000984213DA11B0F0BCBB46B246A946A0468B
:1083F000F0BDA3686279207800F0E6FBBCE6464653
:108400004F46214DE6E74E465F46CBE71F4D9B1A90
:108410005B015D19FAE67023217A0B4218D1C80975
:1084200082460F330B405B0098461948EB185344C3
:108430001B7D00789946834266D216485B0100682E
:1084400081469944002A00D15FE14B46002B68D158
:1084500020780021FFF76AFD80212078FFF766FD74
:108460008AE6104800F09CFB012158460EAAFFF74F
:10847000CDF8002800D07FE6EAE7C046841000204F
:108480008CD70010DC1700208417002034D800108F
:1084900041210020D415002043210020B0D7001036
:1084A000881700200D760010237A0F2BD0D8CF4AE2
:1084B000EB181B791578AB423ED3691C9942C7DB98
:1084C0005D1BCB4B6D01ED18686900F069FB012164
:1084D00058466B690EAA9847002800D04CE66022E7
:1084E000150023791D401A42B2D163790A3B012B52
:1084F000AED800F055FB63790A2B00D199E15846BC
:108500000EA900F0D9FA37E6431C4B4500DAF7E034
:108510004B461B1A5B019946B5488144002A00D19D
:10852000F3E04B46586900F03BFB4B4601215846AF
:108530005B690EAA98479CE7AE4A5B011568ED1887
:10854000002DC1D184E7A37999466B789945D6D09F
:108550006B78002B00D033E14B466B70002B00D1C1
:108560002BE148460138C0B2FFF792FA002800D14B
:108570007EE143780793022B00D079E10122C17993
:10858000B1468B11491113400A40302112015B01A1
:1085900013432A78A8468A4313432B7009239A462B
:1085A00082445646BA46C37882781B021343C318E6
:1085B00005938E4B04938E4B08938E4B09938E4BF1
:1085C0000A93059BB34200D855E1737801220B2B27
:1085D00003D13378F278F6187378042B00D044E195
:1085E000059B00279B1B9BB20693049B0B921D7857
:1085F000002303931BE0099A7B011568ED18002DF9
:1086000000D132E1310058462B69069A98478446DA
:10861000082803D9069A824200D313E1049B01374C
:108620001D78FFB26B1C03979F4200DD1DE1BD4228
:10863000E1D8039B5D1B089B6D019C466544E1E707
:108640006B780CAA02321370584601230EA900F071
:1086500049FA91E5E3881A0AD8B20F2A00D9F7E659
:1086600066499300CB589F460EA800F09FFA5846E3
:10867000A179FFF795FB02222B7813432B707BE542
:10868000E388012B00D0E3E608222B785846934379
:108690000EA92B7000F010FA6EE5022029780CABC1
:1086A0009A1C8B068908DB0F01400B431380584648
:1086B00002230EA900F016FA5EE5E388012B00D034
:1086C000C6E608222B7813432B7018E7237A0F2B6A
:1086D00000D9BDE6EB181D79444B1B789D4228D28A
:1086E000444B6D011B685D19002D00D1B0E668692F
:1086F00000F056FA012158466B690EAA9847B8E671
:10870000002A00D0A4E600239946627902201300D3
:1087100003928343012B15D0002A00D098E62B004A
:108720004344534430331B790CAA9B07DB0F0232BE
:10873000BCE75A1CAA4200DA8AE6ED1A2C4B6D01FE
:10874000ED18D4E7E388002B12D1029B1878039B25
:10875000012B23D0FFF7EAFB43460221EB185344D9
:1087600030331A790A4301211A711A790A431A71AE
:108770004B46002B00D1FFE4586900F011FA4B463C
:1087800001215B690EAA58469847002000F008FABC
:108790003523EB5CDB0700D5EEE4B0E6FFF7E4FB46
:1087A00043460221EB18534430331A798A431A7135
:1087B0001A7903998A431A71DAE7FFF737FC9EE6C4
:1087C00000215846FFF7F6FA5846FFF799FBAB78B9
:1087D000074903930491054B064998461A78059179
:1087E000002329001D008A461BE0C04641210020CD
:1087F00034D80010D415002098170020D8D70010C6
:10880000059B6A011B689B18002B4DD0DB685846FE
:10881000984743461A780135EDB2511C2B008D4222
:108820002EDC9542ECD39B1A049A5B019446634478
:10883000ECE70CAB9A1C584601230EA9157000F00A
:1088400051F999E40B9A012A4FD0002A3CD0002319
:10885000B07804E00133DBB20F71934234D2C11817
:10886000C9B241440D79FF2DF4D04E4645465746D6
:1088700000236B70ECE54E465746FFF7D5FB3EE60E
:108880005546542200212800FCF7CCFF1022FF217E
:10889000281DFCF7C7FF28002022FF211430FCF719
:1088A000C1FF039BAB7057E65546FAE7FEF7AAFEF9
:1088B000021E00D1CCE5D37891781B020B435846B9
:1088C0000EA900F00FF9D4E565463B002A003100FF
:1088D0000A9800F07FFEAC46049B039A1B7866441E
:1088E0000133934200DB6CE6BFE7174B29699942DD
:1088F000ADD1079AABE7FFF793FB021E00D1A7E5C6
:10890000584613780EA900F0EDF8B2E52189FFF77B
:10891000C3F8021EF4D19BE5022A0FD0FFF782FBB9
:10892000021EC8D194E5FFF7AFF8021E00D18FE513
:10893000122358460EA900F0D5F89AE5FFF7A8F8DB
:10894000021EB8D184E5C0469D8F0010F8B5574689
:108950004E46DE4645460C00E0B516001F00002AD4
:108960003CD0702398461E4B00259B461D4B9A46D3
:108970001AE05B461B78200099465346997800F030
:10898000EBFD00281CD021004846FFF72FFA0028F5
:1089900016D0A378DA09012A19D00A9A0135137082
:1089A0002378E418B54219DA6378052B08D1E37807
:1089B0009B079B0FBB4203D14246A3781A42D8D0F3
:1089C0000020F0BCBB46B246A946A046F8BD0B9AB3
:1089D000013513702378E418B542E5DB0120F0E798
:1089E0008410002084170020702270B58B780C0052
:1089F0001A4201D0002070BD064B20001D78064BA6
:108A0000997800F0A9FD0028F4D021002800FFF794
:108A1000EDF9F0E784100020841700200B007F2080
:108A200010B51840DB0934334000044AC018044B29
:108A30001168C01800F04CFD10BDC046D8170020CA
:108A4000841700200B007F2010B51840DB09343359
:108A50004000044AC018044B1168C01800F060FDC3
:108A600010BDC046D81700208417002070B57F24A1
:108A70000F480C4064000419CD0964193034207982
:108A8000C00701D5002070BD01262579094835436E
:108A900000782571FFF738FA0028F4D101222379F4
:108AA000934323712379033293432371EAE7C0464A
:108AB000841700208410002070B5094C060008229D
:108AC00020000D00FCF7B4FE00238021E360A360CA
:108AD0002B783000994300220023FFF7C7FF70BDB9
:108AE00064170020F8B5CE4647469046254E80B51F
:108AF0008146082230000D001F00FCF799FE434616
:108B0000B3600023F381EC79AB7924021C43231C6E
:108B1000BC4200D93B1C9FB2B381002C0DD0002F6A
:108B200017D04246002A2BD0402F1BD89FB2337853
:108B30007F2B1CD80021144A0FE080212B780022C3
:108B4000994348460023FFF791FFC0BCB946B046A1
:108B5000F8BD7F230022317899433B004846FFF758
:108B600085FFF2E740239FB233787F2BE2D9064C92
:108B70003A0041462000FCF75BFE80212200ECE732
:108B80000020E2E7641700202417002010B514220B
:108B900000210248FCF746FE10BDC04664170020C5
:108BA000014B18617047C0466417002010B5054C92
:108BB000010008222000FCF73BFE0023A360E360D5
:108BC00010BDC0466417002070B5384C1D002378D6
:108BD0000600DA09C9098A4210D00020002D00D011
:108BE00070BD21003000FFF7F3F82369002B03D09C
:108BF00022000321300098470120F1E77F2B06D89F
:108C0000A068002834D02A002949FCF711FEE28927
:108C1000A1685219E38892B24919E281A160934296
:108C200014D03F2D12D9A389981A051C80B2402870
:108C30002AD82078ADB27F2828D800219A4232D095
:108C40001B4A2B003000FFF711FFC9E72369002BF7
:108C500005D0220002213000984700280AD0802148
:108C600023780022994330000023FFF7FFFEB7E787
:108C70000020B5E700213000FFF758F930008021CF
:108C8000FFF754F90120ABE74025D2E79A4207D01D
:108C9000074C2A002000FCF7CBFD80212200D0E702
:108CA00080210022CDE70022CBE7C04664170020D8
:108CB0002417002070B50400FFF7BEF9002800D18A
:108CC00070BDFFF7C1F90028FAD1C8236343124DE4
:108CD000EE18F1780029F3D010335D19280000F068
:108CE000F3FD3F28ECD90020F178FFF797FE00282C
:108CF000E6D0280000F0E8FDF1783F2807D9074BBF
:108D0000E201D21800204023FFF7B0FED8E7002090
:108D1000FFF798FED4E7C0465C160020D815002067
:108D200010B50400FFF788F9002801D1002010BD1C
:108D3000FFF78AF90028F9D1C8226243024B0130BB
:108D40009B181B791840F2E75C160020C82310B569
:108D500043430248181800F099FD10BD6C1600201E
:108D6000F8B5C824802344431C4F103405003C1937
:108D70005B029A4200D31A4A200092B200F008FE29
:108D80000600FFF759F9002801D13000F8BDFFF7C0
:108D90005BF90028F9D1C8236B43FF18FB78002B3F
:108DA000F3D0200000F090FD3F28EED90020F978A4
:108DB000FFF734FE0028E8D0200000F085FDF978A8
:108DC0003F2807D9074BEA01D21800204023FFF7BC
:108DD0004DFEDAE70020FFF735FED6E75C160020EF
:108DE000FFFF0000D8150020F8B50400FFF724F9B4
:108DF000002801D10020F8BDFFF726F90028F9D19D
:108E0000C82565432E00134F2436F619300000F0B4
:108E10003DFD0028EED07F190020B978FFF7FEFD58
:108E20000028E7D00C4DE4016519290040223000EC
:108E300000F0AEFDB978041E08D003002A0000201F
:108E4000FFF714FE0028D5D02000D4E70020FFF75C
:108E5000F9FDCFE75C1600201816002070B5C82475
:108E600044430C4B0500E41880235B029A4200D374
:108E7000094A200092B200F051FE0600200000F0E6
:108E800005FD3F2801D8300070BD2800FFF7ACFF7A
:108E9000F9E7C04680160020FFFF0000C82310B588
:108EA00043430248181800F00FFD10BD8016002043
:108EB000F0B50025184C83B0C82200212000FCF733
:108EC000B1FC164B21001D70FF236371E1235B028F
:108ED000A360200008234022A37338310095073B8C
:108EE000103000F09DFC2700012321002000260007
:108EF000402278310093B837243000F091FCC0361E
:108F00003800FAF719FE3000FAF716FEE56127621D
:108F10002663656303B0F0BD5C1600205816002080
:108F20000A4A116B136A00290CD0002B07D00023CA
:108F3000D3615363136300231362012070475363AB
:108F40001363FAE7002BF8D0D161F4E75C16002038
:108F500070B50F4C052200212000FCF763FC0D4D7D
:108F60002B78DA0707D50C4C9B070CD50121200084
:108F700000F0B0FE70BD2000103000F08BFE2B78AA
:108F8000054C9B07F2D4200000F084FEEEE7C046BB
:108F90005C1600205816002080160020F0B54B7992
:108FA000060083B0022B02D18B79022B03D000255F
:108FB000280003B0F0BD204FBB78002BF7D18B7891
:108FC00009253B700C780C196378242B07D00CE032
:108FD0002378E4185D196378ADB2242B05D195424E
:108FE000F6D90020FFF766FEE2E71A00052B15D040
:108FF000042AF6D163790A2BF3D1104B2778019319
:109000000133009330000223E119023AFFF79EFC7E
:109010000028CCD00E35ED19ADB2E2E721003000CA
:10902000FFF7E2FC0028C2D0A3787B7023785D199B
:10903000E4186278ADB2DBE75C1600205E16002013
:10904000F8B5602314001278050013400020202B8F
:1090500007D1304A6379277916781B023B439E4239
:1090600000D0F8BD6378222B1AD007D8202B34D03B
:10907000212BF6D101293ED00120F2E7232BF0D19C
:10908000012940D00329F7D1234B002BF4D0E178FC
:10909000A37809020020194300E000BF0120E0E7A7
:1090A000012930D00329E7D101252E00A378E478E7
:1090B000023924021C4314712640243210007140EE
:1090C00000F008FE154B002BD6D0620800203100BE
:1090D0002A4000E000BF0120C3E701290BD003298B
:1090E000CAD10F4B002BC7D0083200201100FEF769
:1090F000ADFA0120B5E7072321002800094AFFF750
:10910000F1FC0120ADE721002800FFF7D5FC01208C
:10911000A7E7C0465C160020000000000000000029
:109120004D76001064160020F0B54F464646D646F0
:10913000C0B5364D8046EA780C001F008A423CD00C
:10914000AB788B4210D00020E0BCBA46B146A846AE
:10915000F0BD2F4B002B04D02E4800F0ADFB0028B3
:1091600051D00020FFF7A6FDAB78A34201D001202B
:10917000EAE7294B002B02D0002000E000BF0020CE
:10918000FFF732FE0028F2D1244C200000F07EFBD5
:109190000028ECD1002FEAD0BF06E8D1243C40469D
:1091A000A178FFF73BFC0028E1D0002300224046D5
:1091B000A178FFF75BFC0120C6E79AB210239A461C
:1091C000174EAA443100504600F0A8FC154B002B66
:1091D000BFD06B79FF2BBCD0002FBAD0F2199146CB
:1091E00003E001364E45B4D06B7932789A42F8D11B
:1091F000504600F061FB0028F3D15346103B5979EB
:1092000000E000BFEDE700E000BFAAE75C16002029
:10921000000000006C1600200000000080160020F6
:10922000D8150020000000009322F0B5134C85B043
:10923000002120009200FCF7F5FA23002000802690
:1092400040270F4D4D337600FF33293002950093B0
:1092500000220023002103970196FF3000F0D4F98B
:109260004035201D28340023012200210397029558
:109270000196009400F0C8F905B0F0BD2019002057
:10928000A018002010B5054C200000F0F3F92000D4
:109290002538FF3800F0EEF9012010BD481A0020F3
:1092A00070B5084C002520003130FF30257000F0EB
:1092B000F1FC20000C3000F0EDFC2A23FF33E554D4
:1092C000657170BD20190020F8B557464546DE4649
:1092D0004E46E0B54B7980460F00FF2B5BD1404BEB
:1092E00099462A234946FF33CB5C002B53D14E7954
:1092F000002E50D1BB783C780B703B793C19002B89
:1093000046D098235B004B449A460C234B449B4623
:10931000A51803E0AC423BD22378E4186378052B10
:10932000F8D1AC4234D221004046FFF75DFB002863
:1093300031D0A3780136F6B2DB09012B32D050468A
:1093400000F0A8FC2A234946A278FF33CA54637967
:1093500022791B021343234A5B0594465B0D94213B
:1093600063445A4253414A4602204900525C5B0022
:10937000824313434A46535451464046083900F04D
:10938000E3F9002807D02378E4183B79B342C5D825
:10939000E01B80B200E00020F0BCBB46B246A9460C
:1093A000A046F8BD584600F075FC5A46A3780C3A22
:1093B0005371637921791B020B430A495B058C4683
:1093C0005B0D634459424B41022011795B0081439C
:1093D0000B43594600200839137100F081F9D2E798
:1093E0002019002000FEFFFFF8B52A2506001F48BF
:1093F000FF35455D1F008D4215D043798B4201D06A
:109400000020F8BD1A4B002B04D039040020090CB1
:1094100000E000BF174C3000210000F061F9002887
:109420001DD00120EDE79A235B00C35A002B0DD11C
:10943000114B002B04D000201049BAB200E000BF4D
:1094400030000F4900F080F90120DAE796235B0035
:10945000C1583130BAB2FF3000F060FBE8E73A00A3
:109460002100300000F008F90120CAE7201900208F
:10947000000000002419002000000000A0180020B7
:10948000481A002000B5030083B0002910D0002046
:10949000012B07D80A78002A04D00C48C2540120B6
:1094A000012A01D003B000BD1800FEF7D5FDF9E791
:1094B00001236A46002001A99380FEF7CDFD002814
:1094C000F0D00122014B1A70ECE7C046781700205B
:1094D000037870B5DB0704000E00DD0F002B17D1F9
:1094E00003785B0701D5280070BD01213000494297
:1094F00000F07EFC2378DB07DD0F002B0AD12378F8
:109500005B0708D40422237801251343237002E06B
:109510000025E8E70025300000F03AFCE3E7C0460C
:1095200070B50C00012106004942200000F060FCEB
:1095300033785B07DD0F002B04DB200000F028FCF4
:10954000280070BD3378DB0704D4042233789343BA
:109550003370F2E70025F0E7437902791B021343E9
:10956000C2785B0592075B0D920F022A1DD0032A79
:109570000CD00020012A08D102394A425141124A36
:109580009446614499424041C0B2704702394A1E34
:1095900091410E4A494211408022D2009446002057
:1095A000614499424041C0B2EFE7022905D0002052
:1095B00040229A424041C0B2E7E7054A9818434228
:1095C0005841C0B2E1E7C046FF03000040FCFFFF86
:1095D00000FEFFFF8A1870B5914207D27F264C78B3
:1095E000052C04D00C7809198A42F8D870BD3400D3
:1095F0008D782C4064000419ED0963550C78091925
:109600008A42ECD8F2E7C046F0B5C64600B582B053
:10961000150008AA40CA040017886A46928D0120E6
:1096200090460A00217802408143200011432170B6
:109630003A00009331000123083000F0F1F8002EC9
:1096400001D0002F08D10A9B01206360434663804C
:1096500002B080BCB846F0BD26001C363000FAF7D8
:109660006BFA0023002D01D0330000266361A66150
:10967000E9E7C04601207047F8B502240B780700DF
:109680001C4063425C41144B64421C40134B080075
:109690009C4608300D001600644400F0F7F80028DE
:1096A00007D1002E05D0344203D101242B781C426F
:1096B00001D00020F8BD38006978FFF7AFF9002825
:1096C000F7D02B781C42F4D10023002238006978AF
:1096D000FFF7CCF9EEE7C04640FEFFFFFF010000B8
:1096E000F8B50D000835060028000C0000F0CEF893
:1096F000002803D0012723781F4201D00020F8BDA5
:1097000030006178FFF78AF90028F7D028006288D6
:10971000616800F03DF9237805001F4000280BD058
:10972000002FEBD10300626830006178FFF79EF9EB
:109730000028E3D02800E2E7002FDFD13000617875
:10974000FFF780F9DAE7C046F8B5CE46474680B560
:109750008A8906000C000B78002A07D101251D42DA
:1097600040D00020C0BCB946B046F8BD9B0733D4FA
:109770002A4B4025994627000837380000F0A4F806
:109780008542EED80122237890461A42E9D1300072
:109790006178FFF743F90028E3D0380000F094F82F
:1097A000424623781A40854231D8002AD9D14A4608
:1097B000638802401D1C934200D9151CADB20022E3
:1097C0006178002D00D062682B003000FFF74EF961
:1097D0000028C6D02800C5E7FE2380251B02994635
:1097E000AD00C8E74978FFF719F90028B9D0237808
:1097F0001D42B6D1638800226178002B00D06268D8
:109800003000FFF733F90028ABD06088AAE7002AC0
:10981000A7D130006178FFF715F9A2E7C0FF00007B
:10982000F0B5C64600B504006846057E802088462F
:1098300017001E000002824226D8E068002803D0EC
:109840000121494200F0D4FA2069002803D0012107
:10985000494200F0CDFA4346236073045B0CED03EC
:109860001D430023E0686381A780E58023810028F1
:1098700001D000F08DFA2069002801D000F088FAAC
:10988000012080BCB846F0BD0020FAE710B504897D
:1098900041898288A3B288B28C4207D31B1A9BB23B
:1098A000101C9A4200D9181C80B210BD5100091A30
:1098B0005B189BB2F4E7C04603894089181A4342FB
:1098C0005841C0B27047C04610B5048941898288AA
:1098D000A3B288B28C4207D31B1A9BB200209A42D3
:1098E00001D9D21A90B210BD5100091A5B189BB26F
:1098F000F4E7C04670B5040000690E00002803D0EC
:109900000121494200F074FA25896089A288A9B230
:1099100083B2854232D3CD1AADB2002D28D0AA42EF
:1099200008D291422FD3891A8BB263819A4203D80D
:109930009B1A9BB29A42FBD9E28821685204520CCE
:1099400053433000C918FBF773FF63890125591C85
:1099500089B2A2888B420DD900215200891A89B29E
:1099600020696181002801D000F012FA280070BD42
:10997000618989B252009142F2DBEFE75500ED1A9E
:109980004D19ADB2C9E789188BB26381CEE7C046E5
:10999000F0B546464F46D646C0B506000069894632
:1099A0009046002803D00121494200F021FA318974
:1099B0007289B5888BB294B2914254D31F1BBFB247
:1099C000002F4AD0BD4205D2AB4251D25B199CB2A6
:1099D0002F0074814346B8453DD89FB2A54203D8B5
:1099E000641BA4B2A542FBD9F28831685204520C20
:1099F000904662432B1B9BB2891842469F4225D951
:109A000053439BB21A0048469A46FBF711FF434660
:109A100048467D1B64195C4331685044A2B2FBF791
:109A200007FF7189B588CB199BB26A00994216D994
:109A30009B1A9BB230697381002801D000F0A8F90D
:109A40003800E0BCBA46B146A846F0BD48467A4365
:109A5000FBF7EEFEE5E73B1CBFE773899BB26A00AC
:109A60009342E7DBE4E76F003F1BDF19BFB2A7E7D4
:109A70005B1B9CB2ACE7C046F8B50400C0680E00A2
:109A8000002803D00121494200F0B2F9258920893C
:109A90006189A288ADB283B28FB2884229D3DB1B21
:109AA0009BB29A4209D8E779FF0906D1E0680028FD
:109AB00001D000F06DF93800F8BD2B0095421DD3A0
:109AC0009B1A9BB29342FBD2E28820685204520C4C
:109AD00053433100C018FBF7ABFE6B1C9BB2A2884E
:109AE0009D4217D9002352009B1A9BB20127238164
:109AF000DCE75100C91B5B189BB2D2E7E288206803
:109B00005204520C53433100C018FBF791FE01354B
:109B1000A288ABB252009342E8DBE5E7F0B54E46CF
:109B20005746DE464546E0B589460600170083B035
:109B3000002A67D0C068002803D00121494200F004
:109B400057F93389F2799BB298467389B5889BB2ED
:109B5000D20940D198455ED26A00D31A43449BB2E1
:109B6000AB425DD2EB1A1A1C9BB2BB4200D93A1C25
:109B700097B27B1B9BB20193F3885B045B0C9A4604
:109B80004346DB199BB29B464446A84503D3641B5E
:109B9000A4B2AC42FBD25346634330682D1BADB236
:109BA000C018BD424BD3524649467A43FBF740FEAC
:109BB000B3885B00D84501D89B4503DB5A46D31ACE
:109BC0009BB29B465B463D003381F06800281AD06B
:109BD00000F0DEF817E0F2885204520C9246AF42D1
:109BE00020D298454DD34246D21A92B26900781BD2
:109BF00080B2D21901908A4233DA4346FB189BB2F5
:109C00009B46C1E70025280003B0F0BCBB46B24626
:109C1000A946A046F0BD4246D31A9BB2AB42A1D39F
:109C20000025D2E7002DD0D07F1B574398465A1904
:109C3000002392B2B94493462F000193A4E7534600
:109C40005D43ADB22A004946FBF7F2FD019B2900B6
:109C5000E21853465A43306892B24944FBF7E8FD94
:109C6000A6E75A1992B29346D21B92B290469342FB
:109C70000CD94346591A8BB29846FB189BB29B46A7
:109C800082E76900CA1A424492B2B0E7914200DD0D
:109C90007AE7EEE710B50400C068002803D0012180
:109CA000494200F0A5F82069002803D0012149426B
:109CB00000F09EF80023E06863812381002801D032
:109CC00000F066F82069002801D000F061F801205A
:109CD00010BDC04670B50400C0680D00002803D058
:109CE0000121494200F084F82069002803D00121B5
:109CF000494200F07DF87F21E379ED011940E068E9
:109D00002943E171002801D000F042F820690028C1
:109D100001D000F03DF8012070BDC04610B58307AA
:109D20000AD00300032102E001330B4205D01A7868
:109D3000002AF9D1181A10BD030019680C4A0D4CFD
:109D40008A188A4322420FD15968094A04338A1873
:109D50008A43224208D15968054A04338A188A4343
:109D60002242F1D000E001331A78002AFBD1E1E76A
:109D7000FFFEFEFE80808080F8B5C0460000000037
:109D800001B40248844601BC604700BFC102002004
:109D900001B40248844601BC604700BF2502002090
:109DA00001B40248844601BC604700BF110F002087
:109DB00001B40248844601BC604700BFF1030020A3
:109DC00001B40248844601BC604700BF110F002067
:109DD00001B40248844601BC604700BFC1000020B6
:109DE00001B40248844601BC604700BFF50B002067
:109DF00001B40248844601BC604700BF99010020BD
:109E000001B40248844601BC604700BFCD0B00206E
:109E100001B40248844601BC604700BF0101002034
:109E200001B40248844601BC604700BF850C002095
:109E300001B40248844601BC604700BF350C0020D5
:109E4000014000102D4000107941001015580010FD
:109E500065480010F1530010A14000104940001067
:109E6000694000107D400010E93A00108540001064
:109E7000F5300010C93F00101D370010B10200106E
:089E8000A5030010117B001086
:109E88005B494E464F5D20202020496E7469616C05
:109E9800697A696E672E2E2E000000005B494E46D7
:109EA8004F5D20202020496E697469616C697A6170
:109EB80074696F6E20636F6D706C65746521000046
:109EC800000000005B494E464F5D20202020536C67
:109ED80061746520757365732025642062797465E3
:109EE80073206F66206D656D6F72790A000000003F
:109EF8005761726E696E67205B25645D203A204663
:109F080049464F20656D7074790D0A005761726E6D
:109F1800696E67205B25645D203A204649464F20DC
:109F28007061727469616C20726561640D0A000069
:109F38004572726F72205B25645D203A204E756C05
:109F48006C20706F696E746572206572726F722E04
:109F5800204974206F6363757273207768656E207B
:109F680074686520757365722074726965732074EE
:109F78006F2061737369676E2076616C7565202840
:109F88006E6F7420616464726573732920746F2026
:109F98006120706F696E7465722C207768696368D8
:109FA80020686173206265656E20696E69746961F5
:109FB8006C697A656420746F204E554C4C2E0D0ADE
:109FC800000000004572726F72205B25645D203AC4
:109FD80020436F6D6D756E69636174696F6E20667D
:109FE80061696C757265206572726F722E20497492
:109FF800206F63637572732064756520746F2072B7
:10A008006561642F7772697465206F706572617419
:10A01800696F6E206661696C75726520616E642077
:10A02800616C736F2064756520746F20706F77653D
:10A0380072206661696C75726520647572696E67F5
:10A0480020636F6D6D756E69636174696F6E0D0A5B
:10A05800000000004572726F72205B25645D203A33
:10A0680020446576696365206E6F7420666F756E2F
:10A0780064206572726F722E204974206F63637555
:10A088007273207768656E207468652064657669E8
:10A098006365206368697020696420697320696E4C
:10A0A800636F72726563746C7920726561640D0AFE
:10A0B800000000004572726F72205B25645D203AD3
:10A0C80020496E76616C69642073656E736F7220C7
:10A0D8006572726F722E204974206F636375727394
:10A0E800207768656E2074686572652069732061E1
:10A0F800206D69736D6174636820696E207468658A
:10A108002072657175657374656420666561747520
:10A118007265207769746820746865206176616962
:10A128006C61626C65206F6E650D0A004572726F16
:10A1380072205B25645D203A2053656C662D74653A
:10A148007374206661696C6564206572726F722E23
:10A15800204974206F6363757273207768656E2079
:10A168007468652076616C69646174696F6E206FCC
:10A178006620616363656C2073656C662D74657316
:10A18800742064617461206973206E6F7420736138
:10A19800746973666965640D0A0000004572726F20
:10A1A80072205B25645D203A20496E76616C696493
:10A1B80020696E746572727570742070696E20659E
:10A1C80072726F722E204974206F636375727320E8
:10A1D8007768656E2074686520757365722074727F
:10A1E80069657320746F20636F6E66696775726541
:10A1F80020696E746572727570742070696E732050
:10A2080061706172742066726F6D20494E543120FE
:10A21800616E6420494E54320D0A00004572726F17
:10A2280072205B25645D203A204F7574206F66208C
:10A2380072616E6765206572726F722E2049742094
:10A248006F6363757273207768656E207468652024
:10A258006461746120657863656564732066726FF4
:10A268006D2066696C7465726564206F7220756E06
:10A2780066696C74657265642064617461206672D5
:10A288006F6D206669666F20616E6420616C736F04
:10A29800207768656E207468652072616E67652036
:10A2A8006578636565647320746865206D61786995
:10A2B8006D756D2072616E676520666F72206163CF
:10A2C80063656C20616E64206779726F20776869B6
:10A2D8006C6520706572666F726D696E6720464F97
:10A2E800430D0A004572726F72205B25645D203A47
:10A2F80020496E76616C696420416363656C2063F4
:10A308006F6E66696775726174696F6E20657272C7
:10A318006F722E204974206F63637572732077689B
:10A32800656E20746865726520697320616E2065AA
:10A3380072726F7220696E20616363656C20636F4F
:10A348006E66696775726174696F6E207265676998
:10A358007374657220776869636820636F756C64CD
:10A36800206265206F6E6520616D6F6E6720726177
:10A378006E67652C204257206F722066696C746581
:10A388007220706572666F726D616E636520696EAA
:10A398002072656720616464726573732030783455
:10A3A800300D0A004572726F72205B25645D203A99
:10A3B80020496E76616C6964204779726F20636FFB
:10A3C8006E66696775726174696F6E206572726F07
:10A3D800722E204974206F636375727320776865E5
:10A3E8006E207468657265206973206120657272D9
:10A3F8006F7220696E206779726F20636F6E66696D
:10A408006775726174696F6E726567697374657276
:10A4180020776869636820636F756C6420626520C3
:10A428006F6E6520616D6F6E672072616E67652C57
:10A43800204257206F722066696C746572207065BF
:10A4480072666F726D616E636520696E20726567F2
:10A45800206164647265737320307834320D0A00A9
:10A468004572726F72205B25645D203A20496E76D2
:10A47800616C696420416363656C2D4779726F2054
:10A48800636F6E66696775726174696F6E20657255
:10A49800726F722E204974206F6363757273207710
:10A4A80068656E207468657265206973206120652F
:10A4B80072726F7220696E20616363656C20616ED1
:10A4C80064206779726F20636F6E66696775726161
:10A4D80074696F6E2072656769737465727320772B
:10A4E8006869636820636F756C64206265206F6EAD
:10A4F8006520616D6F6E672072616E67652C204202
:10A5080057206F722066696C746572207065726678
:10A518006F726D616E636520696E20726567206178
:10A52800646472657373203078343020616E6420FF
:10A53800307834320D0A00004572726F72205B2544
:10A54800645D203A20436F6E66696775726174694D
:10A558006F6E206C6F6164206572726F722E204975
:10A5680074206F6363757273207768656E20666107
:10A57800696C757265206F627365727665642077A1
:10A5880068696C65206C6F6164696E6720746865C2
:10A5980020636F6E66696775726174696F6E206992
:10A5A8006E746F207468652073656E736F720D0A20
:10A5B800000000004572726F72205B25645D203ACE
:10A5C80020496E76616C69642070616765206572E8
:10A5D800726F722E204974206F63637572732064E2
:10A5E800756520746F206661696C75726520696E87
:10A5F8002077726974696E672074686520636F726A
:10A6080072656374206665617475726520636F6E28
:10A6180066696775726174696F6E2066726F6D2006
:10A6280073656C656374656420706167650D0A0005
:10A638004572726F72205B25645D203A2041505349
:10A64800206661696C757265206572726F722E2062
:10A658004974206F63637572732064756520746F25
:10A66800206661696C75726520696E2077726974FD
:10A6780065206F6620616476616E636520706F7710
:10A688006572206D6F646520636F6E6669677572A9
:10A698006174696F6E2072656769737465720D0AFB
:10A6A800000000004572726F72205B25645D203ADD
:10A6B80020496E76616C69642041555820636F6E3D
:10A6C80066696775726174696F6E206572726F7200
:10A6D8002E204974206F6363757273207768656EE6
:10A6E8002074686520617578696C69617279206980
:10A6F8006E746572666163652073657474696E67EC
:10A708007320617265206E6F7420656E61626C657E
:10A71800642070726F7065726C790D0A0000000019
:10A728004572726F72205B25645D203A204155584E
:10A738002062757379206572726F722E20497420B9
:10A748006F6363757273207768656E20746865201F
:10A75800617578696C6961727920696E7465726671
:10A768006163652062757365732061726520656E2B
:10A778006761676564207768696C6520636F6E66DA
:10A7880069677572696E6720746865204155580D50
:10A798000A0000004572726F72205B25645D203AE2
:10A7A8002052656D6170206572726F722E20497437
:10A7B800206F63637572732064756520746F2066FB
:10A7C80061696C75726520696E2061737369676E63
:10A7D800696E67207468652072656D6170206178A4
:10A7E8006573206461746120666F7220616C6C20EF
:10A7F800746865206178657320616674657220638A
:10A8080068616E676520696E206178697320706F72
:10A81800736974696F6E0D0A000000004572726FEB
:10A8280072205B25645D203A204779726F2075732A
:10A838006572206761696E20757064617465206651
:10A8480061696C206572726F722E204974206F6383
:10A8580063757273207768656E2074686520726509
:10A868006164696E67206F66207573657220676121
:10A87800696E207570646174652073746174757392
:10A88800206661696C730D0A000000004572726FE2
:10A8980072205B25645D203A2053656C662D7465D3
:10A8A8007374206E6F7420646F6E65206572726FAA
:10A8B800722E204974206F63637572732077686500
:10A8C8006E207468652073656C662D7465737420DA
:10A8D80070726F63657373206973206F6E676F6939
:10A8E8006E67206F72206E6F7420636F6D706C6579
:10A8F8007465640D0A0000004572726F72205B2552
:10A90800645D203A20496E76616C696420696E70D6
:10A918007574206572726F722E204974206F63639C
:10A92800757273207768656E207468652073656E2C
:10A93800736F7220696E7075742076616C696469D2
:10A948007479206661696C730D0A00004572726F34
:10A9580072205B25645D203A20496E76616C6964DB
:10A9680020737461747573206572726F722E20493A
:10A9780074206F6363757273207768656E207468DE
:10A988006520666561747572652F73656E736F7285
:10A998002076616C6964697479206661696C730DED
:10A9A8000A0000004572726F72205B25645D203AD0
:10A9B80020435254206572726F722E204974206FA2
:10A9C8006363757273207768656E207468652043C9
:10A9D8005254207465737420686173206661696CD1
:10A9E80065640D0A000000004572726F72205B25D5
:10A9F800645D203A2053656C662D7465737420611C
:10AA08006C72656164792072756E6E696E67206517
:10AA180072726F722E204974206F6363757273208F
:10AA28007768656E207468652073656C662D74653B
:10AA3800737420697320616C726561647920727522
:10AA48006E6E696E6720616E6420616E6F746865F2
:10AA58007220686173206265656E20696E69746929
:10AA6800617465640D0A00004572726F72205B257F
:10AA7800645D203A204352542072656164792066EF
:10AA88006F7220646F776E6C6F6164206661696CA9
:10AA98002061626F7274206572726F722E20497421
:10AAA800206F6363757273207768656E20646F77B3
:10AAB8006E6C6F616420696E204352542066616930
:10AAC8006C732064756520746F2077726F6E6720D1
:10AAD80061646472657373206C6F636174696F6E0F
:10AAE8000D0A00004572726F72205B25645D203A82
:10AAF80020446F776E6C6F6164206572726F722E7E
:10AB0800204974206F6363757273207768656E20BF
:10AB18007772697465206C656E6774682065786300
:10AB2800656564732074686174206F662074686555
:10AB3800206D6178696D756D206275727374206C13
:10AB4800656E6774680D0A004572726F72205B2526
:10AB5800645D203A205072652D636F6E6469746974
:10AB68006F6E616C206572726F722E204974206F4F
:10AB78006363757273207768656E20707265636FA2
:10AB88006E646974696F6E20746F20737461727477
:10AB980020746865206665617475726520776173D5
:10ABA800206E6F7420636F6D706C657465640D0A38
:10ABB800000000004572726F72205B25645D203AC8
:10ABC8002041626F7274206572726F722E20497410
:10ABD800206F6363757273207768656E207468658B
:10ABE8002064657669636520776173207368616B9B
:10ABF800656E20647572696E6720435254207465CF
:10AC080073740D0A000000004572726F72205B2594
:10AC1800645D203A205772697465206379636C65B6
:10AC2800206F6E676F696E67206572726F722E2073
:10AC38004974206F6363757273207768656E20743A
:10AC48006865207772697465206379636C6520692B
:10AC58007320616C72656164792072756E6E696EBD
:10AC68006720616E6420616E6F7468657220686128
:10AC780073206265656E20696E69746961746564C4
:10AC88000D0A00004572726F72205B25645D203AE0
:10AC98002053656C662D74657374206973206E6F1C
:10ACA800742072756E6E696E67206572726F722E8F
:10ACB800204974206F6363757273207768656E200E
:10ACC80073656C662D746573742072756E6E696E2B
:10ACD800672069732064697361626C6564207768B2
:10ACE800696C6520697427732072756E6E696E676A
:10ACF8000D0A00004572726F72205B25645D203A70
:10AD0800204461746120726561647920696E74659C
:10AD18007272757074206572726F722E2049742079
:10AD28006F6363757273207768656E207468652039
:10AD380073616D706C6520636F756E7420657863E0
:10AD4800656564732074686520464F432073616DA0
:10AD5800706C65206C696D697420616E6420646133
:10AD680074612072656164792073746174757320ED
:10AD78006973206E6F7420757064617465640D0A60
:10AD8800000000004572726F72205B25645D203AF6
:10AD980020496E76616C696420464F4320706F735A
:10ADA8006974696F6E206572726F722E2049742003
:10ADB8006F6363757273207768656E20617665725C
:10ADC80061676520464F4320646174612069732080
:10ADD8006F627461696E656420666F72207468655D
:10ADE8002077726F6E6720617865730D0A00000026
:10ADF8004572726F72205B25645D203A20556E6B38
:10AE08006E6F776E206572726F7220636F64650D66
:10AE18000A0000005B494E464F5D20202020526505
:10AE28006164696E672025642062797465732066A1
:10AE3800726F6D2061646472657373203078257851
:10AE48000A0000005B494E464F5D20202020444107
:10AE580054413A00257820005B494E464F5D20203A
:10AE6800202057726974696E67202564206279749E
:10AE7800657320746F206164647265737320307821
:10AE880025780A005B494E464F5D20202020496EF8
:10AE9800697469616C697A696E6720424D49323715
:10AEA80030206F766572204932432E2E2E0A00001C
:10AEB800417373657274696F6E206661696C65644D
:10AEC8003A20726573756C74203D3D20424D4932BD
:10AED8005F4F4B00433A2F55736572732F7065743B
:10AEE800652F446F63756D656E74732F7069636F3A
:10AEF8002F414443535F494D552F7372632F64723A
:10AF080069766572732F696D752E63707000000025
:10AF18005B4552524F525D20202025733A2564200C
:10AF280025730A0A000000005B4552524F525D200B
:10AF380020204572726F722073657474696E672081
:10AF4800636F6E66696775726174696F6E00000081
:10AF58005B494E464F5D20202020494D55206368AF
:10AF680069702049442069732025780A0000000090
:10AF7800417373657274696F6E206661696C65648C
:10AF88003A20636869705F6964203D3D20307832FB
:10AF980034000000424D49323730204779726F2023
:10AFA8004578616D706C6520563100000A44617403
:10AFB80061207365742C204779725F5261775F58FE
:10AFC8002C204779725F5261775F592C204779723C
:10AFD8005F5261775F5A2C204779726F5F445053F4
:10AFE8005F582C204779726F5F4450535F592C206B
:10AFF8004779726F5F4450535F5A0A0025642C20CA
:10B0080025642C2025642C2025642C2025342E3200
:10B01800662C2025342E32662C2025342E32660AE2
:10B02800000000000A52652D72756E6E696E672EFB
:10B038002E2E000054686520626F69207265616475
:10B048002025642062797465732100004641494CCB
:10B0580045442048455245210000000053686F755B
:10B068006C642068617665207265616420256420BF
:10B078006279746573210000626D69322E633A202B
:10B08800626D69325F7365635F696E69743A204205
:10B098004D49325F455F4445565F4E4F545F464FBA
:10B0A800554E443A20457870656374696E6720434D
:10B0B80068697020494420307832342062757420E1
:10B0C800676F7420307825780A000000626D693255
:10B0D8002E633A20626D69325F7365635F696E69DA
:10B0E800743A20436F756C646E27742072656164CE
:10B0F800206368697020494420307825780A000068
:10B10800636F6D6D6F6E2E633A626D693237305FB3
:10B118006C65676163795F696E69743A20424D496D
:10B128003237305F4C454741435920696E6974692D
:10B13800616C697A6174696F6E206661696C6564B7
:10B148002077697468206572726F722025640A001E
:10B158000A2A2A2A2050414E4943202A2A2A0A002C
:10B168000A0000004E6F207370696E6C6F636B731A
:10B178002061726520617661696C61626C650000AE
:10B18800486172647761726520616C61726D202517
:10B198006420616C726561647920636C61696D65B6
:10B1A800640000004E6F2075736572204952517318
:10B1B8002061726520617661696C61626C6500006E
:10B1C80048617264206173736572740052656C65BE
:10B1D80061736500626F6F74325F77323571303832
:10B1E80030000000302E3100322E312E31000000A8
:10B1F8007069636F0000000073616D776973655F44
:10B2080061646373000000004D617920323220329E
:10B2180030323500666E692B00000000666E6900EA
:10B228006E616E00666E692D000000005553422065
:10B23800737464696E202F207374646F75740000D2
:10B248005261737062657272792050690000000063
:10B258005069636F00000000426F617264204344CC
:10B26800430000005265736574000000556E686104
:10B278006E646C65642049525120307825780A0044
:10B28800657020253032582077617320616C7265B3
:10B2980061647920617661696C61626C65000000A7
:10B2A80043616E277420636F6E74696E75652078CC
:10B2B800666572206F6E20696E61637469766520B9
:10B2C8006570202530325800B0050010A405001024
:10B2D80098050010340400108C0500103404001088
:10B2E8003404001080050010740500106805001073
:10B2F8005C050010500500104405001038050010CA
:10B308002C05001020050010140500100805001079
:10B31800FC040010F0040010E4040010D80400102D
:10B32800CC04001034040010C0040010B404001051
:10B33800A80400109C04001090040010840400105D
:10B34800780400106C04001060040010540400100D
:10B358003E0400104A0400104004001007000008D2
:10B3680000040E00060F000609000829000C27003B
:10B378000E28000E2F01002401022A01032B0103CD
:10B388002601042201052C010504010605010A0E07
:10B3980002000F020410020A11030003030406044A
:10B3A800000704000804000904041905001A050030
:10B3B8001B05001E05001F0600000000C82E002EF9
:10B3C800802E3CB2C82E002E802E9B03802EA4B364
:10B3D800802EB803C82E002E802EC4B25030212EE5
:10B3E80059F51030212E4AF1212E6AF5802EE501FB
:10B3F800005D01002200770000100010D10045F523
:10B40800802E00C1802E00C1802E00C1802E00C178
:10B41800802E00C1802E00C1802E00C1802E00C168
:10B42800802E00C1802E00C1802E00C1802E00C158
:10B43800802E00C1802E00C1802E00C1802E00C148
:10B44800802E00C1802E00C1802E00C1802E00C138
:10B45800802E00C1802E00C1802E00C1802E00C128
:10B46800802E00C1802E00C1802E00C1802E00C118
:10B47800802E00C1802E00C1802E00C1802E00C108
:10B48800802E00C1802E00C1802E00C1802E00C1F8
:10B49800802E00C1802E00C1802E00C1802E00C1E8
:10B4A800802E00C1802E00C1802E00C1455A0000A8
:10B4B8000000000000000000000000000000000084
:10B4C800000000000000000000000000005D000017
:10B4D800880005E0AA3805E090300000300A804076
:10B4E8001027E8730430000200010030100B09082F
:10B4F800FA0096004B091100110002000000220713
:10B5080000000000000000000000000040000600ED
:10B5180009008200060006000800500000004C04E4
:10B52800020003000000000000000000000000000E
:10B538000000000000000000000000000000000003
:10B5480000000000000000000000000000000000F3
:10B5580000000000000000000000000000000000E3
:10B568000000000000008000000000000000000053
:10B578000100010000000000000003003201E6782D
:10B5880084009C6C07006475AA7E5F05BE0A5F058F
:10B5980096E8EF4101000C000C004A00A0000000F2
:10B5A8000C00F03C00010000000000000000E0007A
:10B5B800000000000000000001009A009A019F01AD
:10B5C800880196018401000CFF0F0004C0005BF5A0
:10B5D80098F17B017A011EF2FDF5FCF576017E01FA
:10B5E8008000A0005FFFC800CB00CB00D200810123
:10B5F80069F5E0003FFF19F458F566F5FF0064F5BA
:10B60800C0F1BAF1AEF1A000DF00A201FA00FC001F
:10B61800FF3FFFFB00380030B301BA01BC01C20193
:10B62800CA01FF7FFF018E0174F700405F0FEB0036
:10B638007FFFC2F568F7590F4D0F530F720F58F778
:10B648005BF7750F00808600640F770FB3F1710FF9
:10B658006CF7B9F1C6F100E000FFD1F5790F7C0F66
:10B66800FF0300FCF03F8B009000950092009800CB
:10B678008D00A200B9002DF5CAF57C0120F2DB018E
:10B68800000800F8E8030180B87EE17AF0000000C5
:10B69800000004000000000000000000000000009E
:10B6A8000000A900010000000000000000000000E8
:10B6B8000000000000000000000000000000000082
:10B6C8000000000000000000000000000000000072
:10B6D8000000000000000000000000000000000062
:10B6E8000000000000000000000000000000000052
:10B6F8000000000000000000000000000000000042
:10B708000000000000000000000000000000000031
:10B718000000000000000000000000000000000021
:10B728000000000000000000000000000000000011
:10B738000000000000000000000000000000000001
:10B7480000000000000000000000000000000000F1
:10B7580000000000000000000000000000000000E1
:10B7680000000000000000000000000000000000D1
:10B7780000000000000000000000000000000000C1
:10B788000000000000001A242200802E00B01D5284
:10B79800002E604041400DBC98BCC02E010A0FB875
:10B7A8001F52533C524040404B00821626B901B804
:10B7B8004140100897B80108C02E1130010843868F
:10B7C80025400440D8BE2C0B2211544203804B0E56
:10B7D800F62FB82E215010502352052ED500FB7F8E
:10B7E800002E13409342410EFB2F982E9103982E62
:10B7F80087CF012E700100B2FB6F0B2F012E69F766
:10B80800B13F01080130F05F232E7001212E69F746
:10B81800802E2E02F05FB82E032EFCF5012EC0F804
:10B828002554275682080B2E69F7CB0A2958809091
:10B83800DDBE4C085FB959228090072F0334C30836
:10B84800F23A0A080235C0904A0A4822C02E232E2E
:10B85800FCF5012E7E01018AF05050411A2503BDE6
:10B86800718202BE2FB9424281BD45414FBAF17F74
:10B87800BFB80FB85CB9247F00B2317FEB7FD27FAD
:10B88800082F106F00900B2F206F0090082F306F3B
:10B898000090052F0130232E7D00D06F982E95CF74
:10B8A800052E7D00809000302B522F56072F2B58E5
:10B8B800002E1043630EFC2F8184252E7D00092E57
:10B8C8007E01028513410441B1BDB1B944BE824035
:10B8D80044BA24BDB37F5C0524B901562D58927F24
:10B8E800A57F807FC07F737F647F002EF26F407FCB
:10B8F800517F002E9040F27F0090042F516F00304E
:10B908004042452C626FC140982E74C0516F002E82
:10B918004340C0B22D2F626FA56F8440C50E072F1C
:10B92800756F1030454140A105300522201A022FBD
:10B93800003040422C2D10301828936F4042C30E1F
:10B94800252FC06F0090222F456F1030C51446BFB9
:10B95800B3BFB70B2B5865012F5E0B30251A002F8C
:10B968000B4301892D2E7901670EF72F807FC37F46
:10B978000E2DB26FC20E082F103040420230746F85
:10B98800636F044100A10222C042002E626F406F23
:10B99800736F0180C1868184418203A2627F737FB5
:10B9A800A42FEB6FD06F816F105F802E95CF032E81
:10B9B8007F01418450509040824083BDBFB92CBA6A
:10B9C800FB7FC0B2E47F0B30362F072E7E00C0907D
:10B9D800042FC186272E7E00372E7F00A4BD04BD0C
:10B9E80034B8414091BC91B9B37F24B90952C07FA2
:10B9F800D27F982EB3C0D16FB26F5128410F11304A
:10BA08000D2FC20E072E7F001928042FC0A6042F61
:10BA1800212E7F00022D212E7F00042C02300230BF
:10BA2800252E7F00C06F072E7F00580FFB6FE06F39
:10BA3800B05F4A22802E95CFE06F0130982E95CFC7
:10BA48000030212E7E00FB6FB05FB82E212E59F5F5
:10BA58001030C02E212E4AF1802E00C101000000B6
:10BA680000000000000000009A01340300000000FC
:10BA780000000000000000000000000000000000BE
:10BA880000000000000000000000000000000000AE
:10BA9800000000000000000000000000000000009E
:10BAA800000000000000000000000000000000008E
:10BAB800000000000000000000000000000000007E
:10BAC800000000000000000000000000000000006E
:10BAD8000000000000000000000000000000032E2D
:10BAE800D50016B802344A0C212E2DF5C02E232E6F
:10BAF800D5002050F67FE77F002E355C002E874169
:10BB0800FFBFFFBBC091022F37302F2E69F5B88FCA
:10BB18000632C741FE09C0B3042F17302F2E9501F6
:10BB28002D2E61F5F66FE76FE05FC82E3050E57F88
:10BB3800F67FD77F002E355A002E46416FBF6FBB68
:10BB48008091022F36302D2E69F546300F2EA4F144
:10BB5800BE09778B80B3062F0D2E6B0184AF022FA1
:10BB680016302D2EDE0086304643002EF66FE56F28
:10BB7800D76FD05FC82E1050FB7F982E56C7982ECF
:10BB880049C3023030301130FB6FF05F252E7E0044
:10BB9800252ECE00212EDF00232E7C00232EFE0032
:10BBA800212E7801B82E11308108012E6AF7713FD5
:10BBB80023BD0108020AC02E212E6AF74050982E94
:10BBC800BD0E5032982E48030030F07FE07F212EC2
:10BBD80069F5002E002ED02E002E018008A2FB2F22
:10BBE800052EA8002FBCAEBCADBD0FB89FB8010A8A
:10BBF800052E9300BFB9AFB8030A010A212E7A00B7
:10BC0800982EEBB5032E9D01212E7B0040B21A2FF2
:10BC1800052E8A000152982EC7C1032EA8009CBC8D
:10BC28009FB8232EDD004090F07F032F0152982EFD
:10BC38004CB6032D0352982E4CB6E07F982E4B023B
:10BC48001030212E7C00012E990100B2072F012E01
:10BC58007B0000B2032F05500752982E07CC012E07
:10BC6800870100B2352F052E8A000952982EC7C1C8
:10BC7800032E930140B2F07F082F012E7B0000B203
:10BC8800042F0030212E9301982E88B5012E7900BB
:10BC980000B21E2F982E78B4982E49B50950982EC8
:10BCA8004DC30950982E5AC7982EF902813F012E8C
:10BCB800790101080952D07F212E7901982EFFC5FC
:10BCC800D16F080A212E7901982EC3B11030212E88
:10BCD8007C00012E950100B2042F982E2E02003010
:10BCE800212E9501012E6B0104AE0B2F012E870129
:10BCF80000B2072F0952982E740E00B2022F10308E
:10BD0800212ED700012ED7000090902E72B1012E5F
:10BD18006E0100B2042F982E150E0030212EDE0081
:10BD2800012EDE0000B2122F012E6B010090022FAF
:10BD3800982E050E092D982E5D0D012E6B0104908D
:10BD4800022F5032982E48030030212EDE00012E9B
:10BD5800D60000B2902E8AB1012ED600013101081A
:10BD680000B2042F982E47CB1030212E7C00813052
:10BD7800012ED600010800B2612F032E8900012E82
:10BD88006B0198BC98B805B21358232F07900D542F
:10BD98000030372F15410441DCBE44BEDCBA2C010B
:10BDA800610013564A0F0C2FD14294B8C14211308A
:10BDB800052E6AF72CBD2FB980B20822982EF503FC
:10BDC800212D6130232E6B01982EF5030030212E92
:10BDD8005AF5182DD17F5030982E480313520B5026
:10BDE80050427030115442427E82D26F80B2424239
:10BDF800052F212E6B011030982EF503032D60308E
:10BE0800212E6B01012E6B010690182F012E780050
:10BE18000F540B52D07F982E7AC1D16F081A403038
:10BE2800082F212E6B012030982E24B65032982EE0
:10BE38004803052D982E1E0E0030212E6B0141302F
:10BE4800012ED600010800B2262F012E710100B282
:10BE58000D2F01901D2F052EBF00072E7201A13254
:10BE68001758982EAEB70030212E7101122D155893
:10BE7800A3321041114118B9044198BC410A940AEF
:10BE8800982EA0B71130212E7201212E7B01232E6E
:10BE980071011030212E7C000030212ED600182D83
:10BEA800012E6B0103AA012F982E2B0E012E6B0178
:10BEB8003F8003A2012F002E022D982E410E303014
:10BEC800982E38B60030212ED7005032982E4803CD
:10BED800012E7C0000B2292F982EF5CB032E6C0181
:10BEE8001954410ABC84232E7A018380743023407C
:10BEF80005401B508140DC0818B91142D3BEE46FDD
:10BF0800C5BCDD0A1242590A1142D07FF131004006
:10BF1800F26F25BD0108020AC07F982EA8CF06BC83
:10BF2800C16FD26F080A8042982E0C020030212E71
:10BF38009D01212E9901212E7C00212E8701802E22
:10BF480009B0012E8001014090509FBD13BDBFB9BB
:10BF58002CB9FB7FE27FC0B20B30622F072ECE00D8
:10BF68003154C0900B2F9B42C1869B42272ECE0096
:10BF7800372ECF00372ED000372ED1008B420184C8
:10BF880017BC834032BD99BC9ABABABD0EB828B95D
:10BF9800BAB909581A250D2ECF007782857FA67F5A
:10BFA800747F937FD27FC07F982ED1C3032ECF009A
:10BFB800081AB07F0130012F232ED100012ED100A5
:10BFC800D16F410E142FC16F40B20B2F43B2092F0E
:10BFD80009543156982E0BC40090062FB16F232EAA
:10BFE800D000032DB16F232ED000D16F232ED100A6
:10BFF800032ED1004182232ED10009503152124024
:10C008005242002E12405242002E00404042002E62
:10C01800032ED000E06F982E95CFB16F232ECF005E
:10C02800062D372ECE00E06F0130982E95CFFB6F8E
:10C03800705FB82ED050807F917FD77FC57FB37F48
:10C04800A27FE47FF67F7B7F002E3550002E0140D3
:10C058009FBC9FB84090022F3130232E69F538825B
:10C06800617F20304140232ED600032ED6000808D9
:10C0780000B2112F33501A251240327F73821240BA
:10C08800427F002E0040507F982E6AD6012E61F71D
:10C098000131010A212E61F78030032ED6000808ED
:10C0A80000B2402F032E890017BC96BC0FB89FB86A
:10C0B8004090212E6F01103001302A2F032E6B0182
:10C0C80044B2052F47B200302D2F212ED6002B2D3C
:10C0D800032EFDF59EBC9FB84090142F032EFCF54F
:10C0E80099BC9FB840900E2F032E49F137544A0847
:10C0F8004090082F982EE90100B21030032F5030DD
:10C10800212E6B01102D982E24B60030212ED6003A
:10C118000A2D052E69F72DBD2FB980B2012F212ECA
:10C12800D700232ED600606FE1310142002EF66F52
:10C13800E46F806F916FA26FB36FC56FD76F7B6F1E
:10C14800305FC82EA050827F907FD77FC57FB37F96
:10C15800A17FE47FF67F7B7F002E3554002E804040
:10C168000FBC0FB80090022F3030212E69F5B7842C
:10C17800627F982EE90100B2902E7FB3052EA000B1
:10C18800032E8C00012E8E00A3BD9FB80FB8080A9D
:10C19800BFB9A4BC030A22BE9FB8072E9600410A65
:10C1A8004FBA052E9800B3BD0C0B012E9000BFB9F5
:10C1B8002FBD032E9F002FB90FBCE30A0FB89FBCF9
:10C1C8009A0A9FB8900A910A252E7900052EC1F582
:10C1D8002EBD2EB9012E7B0031308A0400900B2F22
:10C1E800012E6B0104A2072F012E79000090032F66
:10C1F800012ED90000B2192F3B500952982E010286
:10C20800052ED800252E8701052ED8008090022FF4
:10C218001230252ED800012ED90000B21030052E7C
:10C228007900012F212E7900252ED900982EF201B0
:10C2380000B222302130032F012E7B000090052F01
:10C24800012E7A000090303001304122012E9401F5
:10C25800081A0E2F232E940133303D500B0901404C
:10C26800395646BE4B084C0A01420A802552014203
:10C27800002E012E790000B21F2F032EC0F5F030DA
:10C28800480847AA7430072EDC0061224B1A052F94
:10C29800072E66F5BFBDBFB9C0900B2F3F560430BF
:10C2A800D442D242810424BDFE808184C442232E1C
:10C2B800DC0002420232252E62F5052E6D018180D6
:10C2C800032E8A00212E6D010F56626F4B08003134
:10C2D800804240B20B2FF23E012ECAF58208252E6D
:10C2E800CAF5052E59F5E03F9008252E59F5F66F49
:10C2F800E46FA16FB36FC56FD76F7B6F826F906F5D
:10C30800605FC82EC050807F927FD57FC47FB37F87
:10C31800A17FE77FF67F7B7F002E3550002E0240FD
:10C328002FBD2FB98090022F3230252E69F5378026
:10C33800002E0040607F982EE9010B305B7F407F24
:10C348000232646F255243560B30802E65B4620961
:10C3580040B30B2F00B2032F0B2E79004091032F0F
:10C36800C28A252E64F54B43252E60F5210900B3BA
:10C37800792F982EF20100B2062F012E7B0000B211
:10C38800022F406F00900A2F012EDB000090192F1A
:10C398001030212EDB000030982E0DB6132D012E03
:10C3A800C3F50CBC0FB81230100403B02625455055
:10C3B8000752982E01021030212E99010230507F29
:10C3C800252EDB00406F00B2032F052E7A008090E7
:10C3D8000E2F052EDA008090362F11300230232ED2
:10C3E800DA00232E7401252E7D00252E9E012C2D8A
:10C3F800052E9E018182232E9E0112304A0840B2EA
:10C40800052F032E58F598BC9EB843901A2F012E7D
:10C41800C1F50EBD30302EB9820401524750627FFB
:10C42800982E0102012EDD00019049500352022F7F
:10C43800626F982E01021230252E9D010030212EA8
:10C44800DA00406F527F002E526F8090052F023025
:10C45800252E94012554252E64F52552232E60F5AA
:10C46800023243560B3000900B2F372ED800415024
:10C47800212E5AF2982EDD03406F02322552435680
:10C488000B30092E60F562094091902EC9B36109FD
:10C498004091902EC9B3806F926FA16FB36FC46F34
:10C4A800D56F7B6FF66FE76F405FC82E4B52005118
:10C4B80052404740F8BC9CB9012E9F00F37F8FBDC6
:10C4C8003FBA1A2578B85956D308758C738AEB7F0A
:10C4D800FCBFD47F0B30FCBB1C0B4B7F8B434B4307
:10C4E800212EE40000B3A77FB57FC67F937F902EEF
:10C4F80035B5012EFE0000B20B2F4F52012EF90068
:10C50800827F982EBBCC0B30372EFE00826F936F44
:10C518001A25C0B28B7F142F26BC25BD06B82FB9AB
:10C5280080B214B00C2F515053540B300B2EA00076
:10C5380057581B429B426C092B2EA0000B428B4282
:10C54800867F70845B50D80855520950727F637F8C
:10C55800982EC2C0D16F626FD10A012EF900C56F43
:10C56800B46F726F4F524D5C982E06CD536F906F1B
:10C578005152C0B204BD5440AFB94540D17F0230DA
:10C58800062FC0B20230032F535C12309443854308
:10C5980003BF6FBB80B3202F366F2601466F6E0333
:10C5A8004542C090292EFA005352142F535C002E96
:10C5B80093418641E304AE0780AB042F80910A2F94
:10C5C800866F730F072F836FC0B2042F5442454202
:10C5D8001230042C1130022C1130113002BC0FB86B
:10C5E800C27F0090062F3130232E7801232EDF00E2
:10C5F8000B2C0130012EDF00052E7801101A022FB6
:10C60800212E7801012D0130F06F982E95CFC16F42
:10C61800A06F982E95CFD26F2152012EFA0082403A
:10C628005042112C424210303130212EFE00232E70
:10C638007801232EDF00F06F0130982E95CFA06F80
:10C648000130982E95CF002EEB6F005FB82E072E85
:10C658009F003BBC6050BFBD0CB8F07FC0B2EB7F01
:10C668002D2F072EFF00C340012E6901031A112F39
:10C678005F52272E69015040A07F78804340D07FC9
:10C68800B37F982E64CFD06F0780A36F1342002E1C
:10C69800B36F03420330012EDF0001B2012F029075
:10C6A800002F13301A257C88012EFF005D52095493
:10C6B800982EC4CEC16FF06F982E95CF042D0130FF
:10C6C800F06F982E95CFEB6FA05FB82E60510A25BA
:10C6D8003688F47FEB7F00326B5232301330982E5D
:10C6E80015CB0A253384D27F433009506752982EE0
:10C6F80095C1D26F6152982ED7C72A25B086C07FC0
:10C70800D37FAF846350F16F982E4DC82A25AE8A27
:10C71800AA88F26E6550C16FD36FF47F982EB6C8A1
:10C72800E06E00B2322F6D548386F16FC37F043000
:10C738003030F47FD07FB27FE330C56F564045413B
:10C74800280803140EB408BC8240100A6954260550
:10C75800917F4428A37F982ED9C008B93330530954
:10C76800C16FD36FF46F831747406C15B26FBE0962
:10C77800750B90424542510E32BC0289A16F7E86EC
:10C78800F47FD07FB27F0430916FD62FEB6FA05E1D
:10C79800B82E012E77F709BC0FB800B21050FB7FF6
:10C7A80010300B2F032E8A0096BC9FB840B2052F7D
:10C7B800032E68F79EBC9FB840B2072F032E6A016C
:10C7C8004190012F982E0DB6032C0030212E6A01BE
:10C7D800FB6FF05FB82E2050E07FFB7F002E61508A
:10C7E800982E3BC86350982EA7C80550982E55CC54
:10C7F800E16F6550982EE0C9FB6F0030E05F212E95
:10C808006A01B82E03BC212E6C01032E6C0140B2C4
:10C818001030212E7C000130052F052E6F018090ED
:10C82800012F232E6FF5C02E212E700130250030E8
:10C83800212E5AF51050212EDE00212ED600FB7F26
:10C84800982EF5034030212E6B01FB6FF05F032516
:10C85800802E24B6012EA800312508BD7130205045
:10C868002CB90109F27F0091EB7F0A2F0130F06F9C
:10C87800982E95CF1330272E7401EB6FC02E003001
:10C88800E05F012E740100B2052F0630C350982EC8
:10C8980084B62D2E7401052E73018B80C352044279
:10C8A800982EBFB61025F06FF17F982E95CFF06FB8
:10C8B8000090022F012E7501022D212E7501EB6FBC
:10C8C800E05FB82E0A8202301242410EFC2F3780F8
:10C8D800C5521142002EC7520142B82E0788468E13
:10C8E80006413C8B321A4241C741162F8091232FB3
:10C8F800570F16300C2F0680002E004000B2042F70
:10C908004582002E4140D10F022F06300643464390
:10C9180080B3112F03434743B82ED70E0C2F438201
:10C9280017044140410F072F034342834743002E1A
:10C938004340C1864342B82EB82E8888C050398DEE
:10C948008881E27F02300540F27F41AB2230952298
:10C958008641275E9A00044137186601C956EB00E4
:10C96800C17FB37FD57F488239808240A07F917F85
:10C978008B7F06306F5ACB586F56982E67CC916FC5
:10C988007B82C66F4240818442424382838B42400D
:10C9980086897B828487717F80B2957F647F507F90
:10C9A800022FC540418BC54287896740070F858B99
:10C9B800417F828D47403C2F8141010EE16F2D2F31
:10C9C800468C906F86410740FE0E022F044100B34B
:10C9D800212F4482043041407100F90E362F464120
:10C9E80080A7013004300D2FE46F002E0441740F2E
:10C9F8000430072F8090002FC14203868184C242F1
:10CA08000142143042854143A142002E8240809069
:10CA18001C2F01421B2D0642192C0430B26FBA0498
:10CA2800021E80431230C06F2330982E90B60E2C11
:10CA38000430B26FC06FBA00516F01864A1CC14200
:10CA48002230E16F1330982E90B60430526FCD52D9
:10CA5800406FC47F982EA0CC416F706F4240CF5278
:10CA6800982EA0CC416F706F42400140D36FD30025
:10CA7800CB1ECF521342B07F982EA0CCB06F3E840D
:10CA8800D16F824003405104591C01420282A06FB9
:10CA980042400340D30F003014306022C56F4091EC
:10CAA800012F530E262FE56F4785002E8340590F1F
:10CAB800202F626F4A8F8540C7417F8D6F0FA61563
:10CAC800173004300F2FE06F0B80002E07403E0810
:10CAD80000B20030062F591A042FFD12C0901330EF
:10CAE8004B2206257125C0B3042FA442A442838299
:10CAF80084424442002E8B6F405FB82E40500A2576
:10CB08003C80FB7F0142D27FE37F32301025982E94
:10CB18007AC1FB6FC05FB82E70500A253980F37F49
:10CB28000342A17FC27FD17F03300343E47FBB7FF1
:10CB380022301025982E7AC1D26F02170408C16FCF
:10CB48000C09041A10300430202201B2142FD158D5
:10CB58001409F330930824BD44BA940A0217F36FFA
:10CB68004C089A088A0A9D5251084158940828BDD1
:10CB780098B8E46F510A0143002EBB6F905FB82E3E
:10CB8800802E00C1802E00C1802E00C1802E00C1E1
:10CB9800802E00C1802E00C1802E00C1802E00C1D1
:10CBA800802E00C1802E00C1802E00C1802E00C1C1
:10CBB800802E00C1802E00C1802E00C1012E5DF79D
:10CBC80008BC80AC0EBB022F003041048206C0A412
:10CBD8000030112F40A9032F40910D2F00A70B2FD4
:10CBE80080B36F58022F90A1261320238090103015
:10CBF800012FCC0E002F0030B82E77567154D0403C
:10CC0800C4400B2EFDF37752904294429542053072
:10CC180079500F88064004419642C54248BE733099
:10CC28000D2E6F014FBA8442034281B3022F2B2E7F
:10CC38006FF5062D052E77F775569308252E77F78D
:10CC48007354252EC2F5072EFDF34230B433DA0AA9
:10CC58004C00272EFDF34340D43FDC084342002E0E
:10CC6800002E43402430DC0A43420480032EFDF3A7
:10CC78004A0A232EFDF36134C02E0142002ED05102
:10CC8800FB7F982ECF0D5A25982EF60D6B87815471
:10CC9800E17FA37FB37FB2887B52C27F658B7D56CD
:10CCA800847F617F757FD07F957F537F14307F5459
:10CCB800816F427F002E5340458C42409041BB8398
:10CCC8008641D804160600AC817F022F0230D304B7
:10CCD8001006C1840130C1020B160409140199021F
:10CCE800C1B9AFBC590A646F5143A1B41241134191
:10CCF8004143357F647F2631E56FD46F982E37CA5C
:10CD0800326F756F83404241237F127FF630402592
:10CD18005125982E37CA146F2005706F256F690743
:10CD2800A26F316F0B3004429B428B425542327FD7
:10CD380040A9C36F717F0230D040C37F032F409159
:10CD4800152F00A7132F00A4112F84BD982E79CA80
:10CD5800556F895454418200F33F4541CB02F63068
:10CD6800982E37CA336FA46FC142032C0043A46FB7
:10CD7800336F002E426F556F9140428B0041410046
:10CD88000143557F1430C14095404D02C56F87500F
:10CD9800680E756FD142A37F8A2F092E6F0101B3E8
:10CDA800222F8158906F17301341B66FE47F002E01
:10CDB8009141144092411540172E6FF5B67FD07FF0
:10CDC800CB7F982E000C0715C26F140B292E6FF518
:10CDD800C3A3C18FE46FD06FE62F1430052E6FF513
:10CDE800140B292E6FF5442D8354013289580530D0
:10CDF80041508340D8089101B8BD38B5E67F0A167E
:10CE0800B16F2ABBA6BD1C0106BC5240060A53409E
:10CE18004503B17FF630982E37CA1ABD16B686BAC2
:10CE280000A9AA0A67520F2F00916752032F675A69
:10CE3800550F6752082F3FA1042F3F91032F8958A0
:10CE4800D40F002F89541225F233982ED9C0E46FDD
:10CE5800F53745092185054305308552510E0132C4
:10CE68008958C52F2554092E77F7220B292E77F7D5
:10CE7800FB6F305EB82E1050012E6B0100B2FB7FA5
:10CE88005D2F01B2542F02B24E2F0390632F8F50A3
:10CE98003982024081889154414097560442002EBD
:10CEA80094409540D8BE2C0B45406C0155420C1758
:10CEB80045402C035442530EF22F99563E82E240CD
:10CEC800C34028BD930A4340DA0053428A164340C0
:10CED8009A025242002E414025544A0E3B2F3A8274
:10CEE80000304140212E770F40B20A2F982E610C56
:10CEF800982E2B0E982E410EFB6FF05F0030802E7F
:10CF080038B695548B5683428F8674309354C442F6
:10CF18001130232E6B01A1422330272E6E01212EC2
:10CF28006D01BA82182C81423030212E6B01132DED
:10CF380021300030232E6B01212E7BF70C2D77300A
:10CF4800982E1F0C8D500C8212304042252E6B01FA
:10CF58002F2E7BF7FB6FF05FB82E70500A253986AD
:10CF6800FB7FE1326230982EC2C44156A56FAB08F0
:10CF7800916F4B089B56C46F23094DBA93BC8C0B19
:10CF8800D16F0B0981529D5E5642AF094DBA23BD40
:10CF9800940AE56F68BBEB08BDB963BEFB6F5242EC
:10CFA800E30AC02E4342905F8750032E25F31240B8
:10CFB800004028BA9BBC88BD93B4E30A891608B61A
:10CFC800C02E190062021050FB7F982E5D0D012EB5
:10CFD8006B0131300804FB6F0130F05F232E6D01C7
:10CFE800212E6E01B82E012E6E01032E6D01480E02
:10CFF800012F802E050EB82E9F5021340142823019
:10D00800C132252E62F50100223001404A0A014250
:10D01800B82E9F54F03B8340D808A1528342003079
:10D0280083305042C432272E64F594005042404267
:10D03800D33F84407D82E30840428342B82E955214
:10D04800003040427C867152092E620F7754C442E8
:10D05800D3865440554094428542212E6E01424069
:10D06800252EFDF3C0427E82052ED70080B2142FF4
:10D07800052E890027BD2FB98090022F212E6FF52C
:10D088000C2D072E630F14301C09052E77F77556E3
:10D0980047BE9308940A252E77F7A35450424A0EA8
:10D0A800FC2FB82E505002304386A150FB7FE37FFF
:10D0B800D27FC07FB17F002E414000404804982EA7
:10D0C80074C01EAAD36F1430B16FE322C06F5240F0
:10D0D800E46F4C0E1242D37FEB2F032E780F409053
:10D0E8001130032F232E780F022C0030D06FFB6FE6
:10D0F800B05FB82E4050F17F0A253C86EB7F413364
:10D108002230982EC2C4D36FF430DC09A758C26FFE
:10D118009409A9586ABBDC08B4B9B1BDA55A9508E9
:10D1280021BDF6BF770B51BEF16FEB6F52425442EF
:10D13800C02E4342C05F5050BB5031301142FB7F7C
:10D148007B300B4211300280233301420300072E4B
:10D158008003052ED5003352E27FD37FC07F982EFF
:10D168009C0ED16F080A1A257B86D07F01331230B6
:10D17800982EC2C4D16F080A00B20D2FE36F012E9A
:10D1880080035130C786232E21F208BCC042982E56
:10D198009103002E002ED02EB06F0BB8032E1B006B
:10D1A800081AB07F7030042F212E21F2002E002E95
:10D1B800D02E982E6DC0982E5DC0AB50982E46C3C9
:10D1C800AD50982EFCC55D50982E64CFB150212EDD
:10D1D8007E01AF56B352272E7F01232E8001B55012
:10D1E800982E53C7B750982E44CB1030982E0DB6B2
:10D1F8002026C06F02311242EB330B4237800130D8
:10D208000142F337BD52C1504440A20A42428B3119
:10D21800092E5EF7BF54E30883421B4223334B00B9
:10D22800BC840B40333083420B42E07FD17F982E81
:10D238000C02D16F803040420330E06FB9540430A3
:10D24800002E002E0189620EFA2F43421130FB6F27
:10D25800C02E0142B05FC14A00006D570000778EB2
:10D268000000E0FFFFFFD3FFFFFFE5FFFFFFEEE158
:10D27800FFFF7C13000046E6FFFF000000000000EF
:10D288000000000000000000000000000000000096
:10D298000000000000000000000000000000000086
:10D2A8000000000000000000000000000000000076
:10D2B80000000000802E00C1802E00C1802E00C119
:10D2C800802E00C1802E00C1802E00C1802E00C19A
:10D2D800802E00C1802E00C1802E00C1802E00C18A
:10D2E800802E00C1802E00C1802E00C1802E00C17A
:10D2F800802E00C1802E00C1802E00C1802E00C16A
:10D30800802E00C1802E00C1802E00C1802E00C159
:10D31800802E00C1802E00C1802E00C1802E00C149
:10D32800802E00C1802E00C1802E00C1802E00C139
:10D33800802E00C1802E00C1802E00C1802E00C129
:10D34800802E00C1802E00C1802E00C1802E00C119
:10D35800802E00C1802E00C1802E00C1802E00C109
:10D36800802E00C1802E00C1802E00C1802E00C1F9
:10D37800802E00C1802E00C1802E00C1802E00C1E9
:10D38800802E00C1802E00C1802E00C1802E00C1D9
:10D39800802E00C1802E00C1802E00C1802E00C1C9
:10D3A800802E00C1802E00C1802E00C1802E00C1B9
:10D3B800802E00C1802E00C1802E00C10600525070
:10D3C800D3F07542D4B1001006005250E182887F34
:10D3D800DCB10010060052503ABCA911ECB10010A3
:10D3E80006005250ABB36053F0B100100600525023
:10D3F800BBFF3CB6F8B1001006005250861C030271
:10D4080000B20010060052505422A29D10B2001023
:10D4180005005250DE65F46868E80010D465001015
:10D428008465001084650010CC65001084650010C8
:10D438008465001084650010846500108465001000
:10D448008465001084650010C465001084650010B0
:10D45800BC6500108465001084650010B465001078
:10D46800F4670010EA650010E4670010EA65001030
:10D47800CE670010EA650010EA650010EA65001042
:10D48800EA650010EA650010EA650010EA65001018
:10D49800DC650010EA650010EA650010EA65001016
:10D4A800EA650010EA650010DC650010926800105B
:10D4B8003E6500103E6500103E6500103E65001098
:10D4C8003E6500103E6500103E6500103E65001088
:10D4D8003E6500103E6500103E6500103E65001078
:10D4E8003E6500103E6500103E6500103E65001068
:10D4F8003E6500103E6500103E6500103E65001058
:10D508003E6500103E6500103E6500103E65001047
:10D518003E6500103E6500103E6500103E65001037
:10D528003E6500103E6500103E650010086800105A
:10D5380060680010086800103E6500103E65001025
:10D548003E6500103E6500103E6500103E65001007
:10D558003E6500103E6500103E6500103E650010F7
:10D568003E6500103E6500103E6500103E650010E7
:10D578003E6500103E650010A26A00103E6500106E
:10D588003E6500103E6500103E6500103E650010C7
:10D598003E6500103E6500103E6500103E650010B7
:10D5A800A26A0010A4680010A26A0010086800109F
:10D5B8006068001008680010000000000000F03FDC
:10D5C8000000000000002440000000000000594056
:10D5D8000000000000408F40000000000088C340A9
:10D5E80000000000006AF8400000000080842E411E
:10D5F80000000000D01263410000000084D797416A
:10D608000000000065CDCD410D0A000000000000BB
:10D618007575001000000000797500108575001000
:10D62800B1750010AD750010000000000A00000080
:10D6380000000306A6000800020002009C00140077
:10D64800030057494E5553420000000000000000F7
:10D6580000008000040001002800440065007600F6
:10D6680069006300650049006E007400650072007F
:10D6780066006100630065004700550049004400EA
:10D6880000004E007B006200630037003300390061
:10D698003800630031002D00370033006300640058
:10D6A8002D0034006300620037002D003900380077
:10D6B800620038002D003900310033006100380065
:10D6C80066006300610037006200660036007D0076
:10D6D80000000000050F2100011C100500DF60DDBF
:10D6E800D88945C74C9CD2659D9E648A9F000003DB
:10D6F80006A60001000000000600525053B4F4A131
:10D7080034B200100000000048B2001058B20010F7
:10D718003021002060B200106CB2001009025400E1
:10D72800030100807D080B000202020000090400CA
:10D738000001020200040524002001052401000163
:10D7480004240206052406000107058103080010C9
:10D7580009040100020A0000000705020240000057
:10D76800070582024000000904020000FF000105CD
:10D7780012011002EF0201408A2E0A000001010284
:10D788000301000078810010E0820010308300104F
:10D79800B8820010CA820010A882001018820010F7
:10D7A800C4810010B88100109A860010808600108D
:10D7B80050840010BA86001050840010688600104B
:10D7C80054860010508400104086001046850010D2
:10D7D8005084001026890010188900100C89001048
:10D7E8005084001050840010F6880010188900102A
:10D7F8005084001050840010508400105084001091
:10D80800508400105084001050840010AC88001020
:10D81800520D0020520D00209C0D0020BC0D002050
:10D82800000E0020120E0020480D0020000000000D
:10D83800B18E0010218F0010518F00109D8F0010A5
:10D848004190001029910010000000000000000025
:10D858002992001085920010A1920010C992001020
:0CD868000D760010E99300100000000095
:10D87400C4D30010D0D30010DCD30010E8D30010C0
:10D88400F4D3001000D400100CD4001018D40010ED
:04D8940000D70010A9
:10D8980003000068EFF3108C72B60268002AFCD00F
:10D8A800BFF35F8F04229A56002A0BDB002900D0B1
:10D8B8000A6000201B68BFF35F8F00221A608CF398
:10D8C80010887047D0221206126801201A71F1E7F9
:10D8D800F0B5C646150000B504001E000268EFF357
:10D8E800108172B61368002BFCD0BFF35F8F04233E
:10D8F800E3562268002B2BDBBFF35F8F00201060FC
:10D9080081F31088D02212061278002752B290466E
:10D918009A420ED1002080BCB846F0BDBFF35F8F9D
:10D92800176081F310882800310000F0F5FE002808
:10D93800F0D12268EFF3108172B61368002BFCD087
:10D94800BFF35F8F237922687F2BE7D9434602E034
:10D95800D0231B061B682371BFF35F8F002313605E
:10D9680081F310880120D6E7F0B5C64600B50D0052
:10D97800040000F0E1FEFA2206000F000023280050
:10D988000021920000F0E8FE36184F41002F02DA1D
:10D998000126174F7642D0231B061B6800259846A0
:10D9A8000AE0BFF35F8F156081F3108830003900FB
:10D9B80000F0B2FE002818D12268EFF3108172B689
:10D9C8001368002BFCD0BFF35F8F237922687F2B6D
:10D9D800E7D943462371BFF35F8F0023136081F3B8
:10D9E8001088012080BCB846F0BD0020FAE7C04688
:10D9F800FFFFFF7F0268EFF3108172B61368002BF8
:10DA0800FCD0BFF35F8FFF2303710368BFF35F8F01
:10DA180000221A6081F3108840BF704710B5084C87
:10DA28002378002B0AD18023064807495B051A682A
:10DA3800C25004338B42FAD10123237010BDC04673
:10DA480044210020701B00100001001010B5014B8C
:10DA5800984710BD711B0020034B1A68C0239B0018
:10DA68009343024A136070470C8001400C900140B8
:10DA7800054B1A6880239B005340C0229200134034
:10DA8800024A13607047C0460C8001400C90014068
:10DA98000023F0B5DE4657464E4645469A46E0B561
:10DAA80083B001900E00988A42491B8B1400984756
:10DAB800534681464049988A1B8B984753463F49AD
:10DAC8000500988A1B8B98478046FFF7A7FFC84731
:10DAD800A847FFF7CDFF251E22D00823C0219C466A
:10DAE8000220490562468B6A1A4018423CD0631BE3
:10DAF800002D2CD1002A11D1002C11D0C0235B0598
:10DB08009B4602239A46063399465B464A46574641
:10DB18009B6A1A401F423FD0002AF6D0002C2DD114
:10DB2800FFF79AFFC047FFF791FF03B0F0BCBB4671
:10DB3800B246A946A046F0BD002C2FD1C0225205FE
:10DB4800926A914608224F463A40BF072DD50D2BC1
:10DB58001BD9002AF0D1C0225205926A91460822A8
:10DB68004F463A40BF07F2D4002A04D12B00234382
:10DB7800002BB7D1D4E72B00002CF9D00B6E013C59
:10DB88003370230001362B43F2E7019F013D3B78B8
:10DB980001370B660197E7E70025E5E7C0235B053A
:10DBA8001B6E013C337001369CE72B00002ADFD145
:10DBB800DCE7C046494600004558000046430000DF
:10DBC8000022154B10B59A60DA601A615A619A61A1
:10DBD800DA611A625A629A62DA621A635A639A635B
:10DBE800DA631A645A649A64DA641A655A659A653B
:10DBF800DA651A665A669A66DA661A675A679A671B
:10DC0800DA67F03292000021044800F08DFD044BE1
:10DC1800044A1A6010BDC046000010501C1D0020A8
:10DC2800E420002080011050F0B54E464546DE46FF
:10DC38005746E0B5214B00249E6D012585B0002E86
:10DC480022D01F4B9A46012399461E4B984601E065
:10DC5800202C19D02A00230001342F003240E4B2CE
:10DC68006D00002AF4D0524697654A465B085B006F
:10DC780022409B185B01434418009B4600F01EFCA1
:10DC8800002808D1BE43E3D105B0F0BCBB46B2467C
:10DC9800A946A046F0BD5B46E0219A78DB8A01A838
:10DCA80083600023C900018001210271437100F0E3
:10DCB80025FC584600F0A0FBE4E7C04600001150E0
:10DCC80000301150DC1C00209823F0B5C646C84A25
:10DCD80000B5D55880232E009B02102484B01E4026
:10DCE8001D4274D0C34BC44C9A6AC44B00261A60B8
:10DCF8003B23E35C022B00D14FE17B23E35C022B47
:10DD080000D1F3E0BB23E35C022B00D1FAE0FB2354
:10DD1800E35C022B00D101E13C23FF33E35C022BDF
:10DD280000D12DE17C23FF33E35C022B00D10EE10F
:10DD3800BC23FF33E35C022B00D13FE1FC23FF331C
:10DD4800E35C022B00D1F5E0AD4BE35C022B00D184
:10DD580074E1AC4BE35C022B00D105E1AA4BE35C18
:10DD6800022B00D175E1A94BE35C022B00D132E113
:10DD7800A74BE35C022B00D1A0E1A64BE35C022B8E
:10DD880000D171E1A44BE35C022B00D1A1E1A34BCC
:10DD9800E35C022B00D17FE1002E08D1A04B1B7859
:10DDA800002B04D180219F4A90338902D150C02290
:10DDB80069468F4B92009B6C80265B058A805B0DC1
:10DDC800012101A8029300F099FB974CB602EB06DB
:10DDD80000D57FE080235B021D4231D01E43012322
:10DDE80002249846844FBB7E002B14D000F084FC9C
:10DDF800012800D972E0C02200213800920100F009
:10DE080001FB380000F0F8FA00F076FC012802D98E
:10DE1800844B5C661C664346FB702037012C22D17C
:10DE2800C0236A46DB009380804A02AB03CA03C35F
:10DE3800012101A800F062FB80227A4B92021A6548
:10DE480080235B011D4210D18023DB011D4223D1B9
:10DE580080231B021D422FD1AE4200D0C0E104B086
:10DE680080BCB846F0BD0124BDE700241E43604BCA
:10DE78001C60FFF7A5FE80236A465B00938014723E
:10DE8800012101A800F03AFB8022664B12031A65B3
:10DE98008023DB011D42DBD01E4380236A46DB0062
:10DEA8009380012101A800F029FB10225D4B1A651F
:10DEB80080231B021D42CFD01E43A0236A46DB00ED
:10DEC8009380012101A800F019FB8022554B120113
:10DED8001A65C1E7FFF7A8FE26007BE7544B444AC2
:10DEE8001C66536E2340A342FBD184E77833E75C7A
:10DEF800002F00D106E70233E25C002A00D00DE1D2
:10DF08003E00FFE6B833E75C002F00D1FFE602339E
:10DF1800E25C002A00D0F9E03E00F8E6F833E75C5E
:10DF2800002F00D1F8E60233E25C002A00D041E17C
:10DF38003E00F1E6F933FF33E75C002F00D103E739
:10DF48000233E25C002A00D02BE13E00FCE6793384
:10DF5800FF33E75C002F00D1EAE60233E25C002AD7
:10DF680000D015E13E00E3E6324BE75C002F00D11C
:10DF7800F4E60233E25C002A00D001E13E00EDE65F
:10DF88003933FF33E75C002F00D1CBE60233E25C84
:10DF9800002A00D0EBE03E00C4E63833E65C002EF1
:10DFA80000D1AAE60233E25C002A00D1A5E62000EF
:10DFB80000222030E25400F04DFA9EE6B933FF33D8
:10DFC800E75C002F00D1B9E60233E25C002A00D0FA
:10DFD800C4E03E00B2E6184BE75C002F00D1C7E66C
:10DFE8000233E25C002A00D0B0E03E00C0E6C04642
:10DFF8000000115000400540DC1C0020D41C00200B
:10E008003B0200007B020000BB020000FB02000094
:10E018003B0300007B030000BB030000FB03000080
:10E028004221002000301150100002000000105062
:10E03800002011507A020000FA0200006B4BE75CE6
:10E04800002F00D185E60233E25C002A76D13E003B
:10E058007FE6674BE75C002F00D184E60233E25C81
:10E06800002A63D13E007EE6624BE75C002F00D1B8
:10E0780088E60233E25C002A00D0A3E05E4BE35C52
:10E08800022B30D15D4BE35C002B27D15C4BE35C6A
:10E09800022B00D08BE63E005A4BE35C002B00D1EC
:10E0A8007AE6FF239B00E25C002A00D17FE600228B
:10E0B800E2541C3BE01800F0CDF978E6524BE75CDF
:10E0C800002F00D159E60233E25C002A16D13E0047
:10E0D80053E64A4BE35C002B00D158E6EF239B0044
:10E0E800E25C002A75D1464BE35C022B00D05EE669
:10E0F800444BE35C002B00D159E6D2E70022E254FE
:10E108001C3BE01800F0A6F93E0036E6200000228D
:10E11800A030E2543E0000F09DF9F8E5200000220E
:10E128006030E2543E0000F095F9EBE50022E2543D
:10E138001C3BE01800F08EF93E0014E60022E25481
:10E148001C3BE01800F086F93E0002E60022E2548B
:10E158001C3BE01800F07EF93E0009E62000002292
:10E16800A130FF30E2543E0000F074F9E6E52000EB
:10E1780000222130FF30E2543E0000F06BF9D1E577
:10E188000022E2541C3BE01800F064F93E00E5E58B
:10E19800200000226130FF30E2543E0000F05AF9BE
:10E1A800C6E520000022E130FF30E2543E0000F0D6
:10E1B80051F9C9E520000022E030E2543E0000F0A9
:10E1C80049F9A9E50022E2541C3BE01800F042F9A5
:10E1D80054E70022E2541C3BE01800F03BF982E7C8
:10E1E80031000A48694000F07FFAC0463A02000050
:10E1F800BA0200007A030000BB030000BA03000063
:10E20800FB030000FA0300003A03000074B2001098
:10E21800F0B5C64600B50200838A008B8C46011C07
:10E22800984200D9191CD47880252000461EB04198
:10E2380089B2ED000D434003284301256C405B1A69
:10E24800D47054789BB29382002C31D16446D5683F
:10E25800A4014E1E2D19B0461469002923D0062E9C
:10E2680032D92B0023439B072ED1631CEB1A022BB8
:10E278002AD900238F08BF00E658EE5004339F4286
:10E28800FAD14346ED19DB1BE419B94209D02678C7
:10E298002E70002B05D066786E70012B01D0A37804
:10E2A800AB701469938A64181461802212021043B7
:10E2B800002B02D18023DB0118436346002B00D0DA
:10E2C800000480BCB846F0BD0023E65CEE54013380
:10E2D8009942FAD1E5E7C0468368F0B51A680400A8
:10E2E800002900D0120C63789205900D002B08D1FC
:10E2F800E38AC318E382238B834201D90023A382D4
:10E30800F0BDE368890125695E18471E002822D000
:10E31800062F26D901315B18EB1A022B21D92B00C5
:10E3280033439B071DD10023120E9200F158E95088
:10E3380004339A42FAD1BF1AAD18B618904209D0E0
:10E3480032782A70002F05D072786A70012F01D0B8
:10E35800B278AA702569E38A2D18C318E38225616B
:10E36800C9E70022B35CAB5401329042FAD1256967
:10E37800F1E7C04610B50400836800211B68FFF769
:10E38800ABFF63681B685B0002D5238B834200D018
:10E3980010BD01212000FFF79FFFF9E7084A03009D
:10E3A800126C0020920703D49A78D209012A00D06F
:10E3B8007047D87E023843425841C0B2F8E7C04699
:10E3C8000000115010B5FFF7E9FF00280CD00749ED
:10E3D800074B8C46074A9B6A126863449B1A0020C5
:10E3E800C6229A424041C0B210BDC046E0FCFFFFC1
:10E3F80000400540D41C002000238376436103615C
:10E408007047C04610B58368002901D01C682140B8
:10E41800002A12D08024E400114322420DD01A6849
:10E4280022420CD1084A0A401A60084A126C920724
:10E4380003D40C23033BFDD28368196010BD817897
:10E44800034800F051F9C046FFFBFFFF00001150E0
:10E4580088B20010436870B50021802504001E684A
:10E46800FFF7D6FE124B6D011A6C0543A37892078D
:10E478000ED55B060ED00F4B1E4080239B05334301
:10E4880062680021136020002A00FFF7BBFF70BDFF
:10E49800DB09F0D0A38A002BEDD001212000FFF783
:10E4A800B7FEA023044ADB05324005431343E7E7E0
:10E4B80000001150FFFFFFAFFFFFFFDF70B5857E43
:10E4C8000400002D14D0FFF755FFA38A002B01D1BB
:10E4D800280070BD2000FFF775FF002803D0012336
:10E4E80000252377F4E72000FFF7B4FF0025EFE7C6
:10E4F8008178014800F0F8F8A8B20010F0B5CE46CF
:10E50800474680B5437805000E0085B0062B08D82D
:10E518006C4A9B00D3589F466B4A13780133DBB291
:10E5280013706A4B1C686269EFF3108172B6136846
:10E53800002BFCD0BFF35F8FA1612000290000F001
:10E5480003F96269A369BFF35F8F0021116083F348
:10E558001088002804D105B0C0BCB946B046F0BD4B
:10E5680032006978287800F0CFF8F4E70121584B99
:10E578001A788A431A701A7801318A431A7000226D
:10E588005A701A7802318A431A70CAE75149524FB1
:10E59800894652490024002388463A7812E04346C7
:10E5A8001B6861015B18002B06D0DB69002B03D0C8
:10E5B8006968287898473A780134E4B2511C2300F6
:10E5C800A14217DBA242EAD89B1A5B014B44ECE755
:10E5D8003F4B1A78D207BED504211A780A431A701D
:10E5E8009FE73B4B1A78D207B5D504211A788A439E
:10E5F8001A7096E7364F3B785B072BD504223B7899
:10E60800002193433B706B460632981D00F08CF84E
:10E618002B7801AC2370052363702C4B1B6898463C
:10E628005A69EFF3108172B61368002BFCD0BFF360
:10E638005F8F434640469961210000F085F84346C4
:10E648005A699B69BFF35F8F0021116083F31088BB
:10E65800002831D1FB78DB0700D47CE76B460A221F
:10E668000021981D00F060F82B7801AC237003237B
:10E6780063706B686360154B1D686A69EFF31081FE
:10E6880072B61368002BFCD0BFF35F8FA961280016
:10E69800210000F059F86A69AB69BFF35F8F002168
:10E6A800116083F31088002800D154E732006178A4
:10E6B800207800F029F84EE732006178207800F0E1
:10E6C80023F8C7E718D8001043210020DC170020E2
:10E6D8008417002034D8001041210020D4150020D0
:10E6E8007047C0460000000001B40248844601BCDF
:10E6F800604700BF712C001001B40248844601BC79
:10E70800604700BF652C001001B40248844601BC74
:10E71800604700BF1980001001B40248844601BC5C
:10E72800604700BFB935001001B40248844601BCF7
:10E73800604700BF2558001001B40248844601BC58
:10E74800604700BFE936001001B40248844601BCA6
:10E75800604700BF799A001001B40248844601BCA2
:10E76800604700BF41520010030107020602080279
:10E778000F0410041C081110052004400E801920F5
:10E788001A401B8000800440000000000040044044
:10E798000000000010000000000000000000000061
:10E7A80000000000000000000000000090100020A1
:10E7B8000000000000000100000000000000000050
:10E7C800000002000000000000000000000003003C
:10E7D80000000000000000000000FF000000000032
:10E7E80001B5486801318E4600477046093801492D
:10E7F800884701BDF9390010000000000000000042
:10E80800503300004C3300005433000052330000F2
:10E818004D5300004D4300005334000043340000C2
:10E82800D97700108D7700100177001079760010E5
:10E838000000000000010000E017002010000C009C
:10E8480000000000000000000000000000000000C0
:10E8580000000000FF0000000000000000000000B1
:04000005100001E9FD
:00000001FF
