
C:/Users/pete/Documents/pico/ADCS_IMU/build/samwise-adcs.elf:     file format elf32-littlearm

Sections:
Idx Name          Size      VMA       LMA       File off  Algn
  0 .boot2        00000100  10000000  10000000  00001000  2**0
                  CONTENTS, ALLOC, LOAD, READONLY, CODE
  1 .text         00009d88  10000100  10000100  00001100  2**3
                  CONTENTS, ALLOC, LOAD, READONLY, CODE
  2 .rodata       000039ec  10009e88  10009e88  0000ae88  2**3
                  CONTENTS, ALLOC, LOAD, READONLY, DATA
  3 .binary_info  00000024  1000d874  1000d874  0000e874  2**2
                  CONTENTS, ALLOC, LOAD, READONLY, DATA
  4 .ram_vector_table 000000c0  20000000  20000000  00011000  2**2
                  ALLOC
  5 .uninitialized_data 00000000  200000c0  200000c0  00010090  2**0
                  CONTENTS
  6 .data         00000fd0  200000c0  1000d898  0000f0c0  2**4
                  CONTENTS, ALLOC, LOAD, READONLY, CODE
  7 .tdata        00000000  20001090  20001090  00010090  2**0
                  CONTENTS, ALLOC, LOAD, DATA, THREAD_LOCAL
  8 .tbss         00000000  20001090  20001090  00000000  2**0
                  ALLOC, THREAD_LOCAL
  9 .bss          000010bc  20001090  1000e868  00010090  2**3
                  ALLOC
 10 .heap         00000800  2000214c  2000214c  00010090  2**2
                  CONTENTS, READONLY
 11 .scratch_x    00000000  20040000  20040000  00010890  2**0
                  CONTENTS
 12 .scratch_y    00000000  20041000  20041000  00010890  2**0
                  CONTENTS
 13 .stack_dummy  00000800  20041000  20041000  000108a0  2**5
                  CONTENTS, READONLY
 14 .ARM.attributes 00000028  00000000  00000000  000110a0  2**0
                  CONTENTS, READONLY
 15 .comment      00000045  00000000  00000000  000110c8  2**0
                  CONTENTS, READONLY
 16 .debug_info   00059c5a  00000000  00000000  0001110d  2**0
                  CONTENTS, READONLY, DEBUGGING, OCTETS
 17 .debug_abbrev 0000a882  00000000  00000000  0006ad67  2**0
                  CONTENTS, READONLY, DEBUGGING, OCTETS
 18 .debug_loclists 00038e48  00000000  00000000  000755e9  2**0
                  CONTENTS, READONLY, DEBUGGING, OCTETS
 19 .debug_aranges 00001d28  00000000  00000000  000ae438  2**3
                  CONTENTS, READONLY, DEBUGGING, OCTETS
 20 .debug_rnglists 000067fd  00000000  00000000  000b0160  2**0
                  CONTENTS, READONLY, DEBUGGING, OCTETS
 21 .debug_line   00039636  00000000  00000000  000b695d  2**0
                  CONTENTS, READONLY, DEBUGGING, OCTETS
 22 .debug_str    0000cabe  00000000  00000000  000eff93  2**0
                  CONTENTS, READONLY, DEBUGGING, OCTETS
 23 .debug_frame  000049f8  00000000  00000000  000fca54  2**2
                  CONTENTS, READONLY, DEBUGGING, OCTETS
 24 .debug_line_str 00000356  00000000  00000000  0010144c  2**0
                  CONTENTS, READONLY, DEBUGGING, OCTETS

C:/Users/pete/Documents/pico/ADCS_IMU/build/samwise-adcs.elf:     file format elf32-littlearm


Disassembly of section .boot2:

10000000 <__boot2_start__>:
10000000:	4b32b500 	.word	0x4b32b500
10000004:	60582021 	.word	0x60582021
10000008:	21026898 	.word	0x21026898
1000000c:	60984388 	.word	0x60984388
10000010:	611860d8 	.word	0x611860d8
10000014:	4b2e6158 	.word	0x4b2e6158
10000018:	60992100 	.word	0x60992100
1000001c:	61592102 	.word	0x61592102
10000020:	22f02101 	.word	0x22f02101
10000024:	492b5099 	.word	0x492b5099
10000028:	21016019 	.word	0x21016019
1000002c:	20356099 	.word	0x20356099
10000030:	f844f000 	.word	0xf844f000
10000034:	42902202 	.word	0x42902202
10000038:	2106d014 	.word	0x2106d014
1000003c:	f0006619 	.word	0xf0006619
10000040:	6e19f834 	.word	0x6e19f834
10000044:	66192101 	.word	0x66192101
10000048:	66182000 	.word	0x66182000
1000004c:	f000661a 	.word	0xf000661a
10000050:	6e19f82c 	.word	0x6e19f82c
10000054:	6e196e19 	.word	0x6e196e19
10000058:	f0002005 	.word	0xf0002005
1000005c:	2101f82f 	.word	0x2101f82f
10000060:	d1f94208 	.word	0xd1f94208
10000064:	60992100 	.word	0x60992100
10000068:	6019491b 	.word	0x6019491b
1000006c:	60592100 	.word	0x60592100
10000070:	481b491a 	.word	0x481b491a
10000074:	21016001 	.word	0x21016001
10000078:	21eb6099 	.word	0x21eb6099
1000007c:	21a06619 	.word	0x21a06619
10000080:	f0006619 	.word	0xf0006619
10000084:	2100f812 	.word	0x2100f812
10000088:	49166099 	.word	0x49166099
1000008c:	60014814 	.word	0x60014814
10000090:	60992101 	.word	0x60992101
10000094:	2800bc01 	.word	0x2800bc01
10000098:	4700d000 	.word	0x4700d000
1000009c:	49134812 	.word	0x49134812
100000a0:	c8036008 	.word	0xc8036008
100000a4:	8808f380 	.word	0x8808f380
100000a8:	b5034708 	.word	0xb5034708
100000ac:	20046a99 	.word	0x20046a99
100000b0:	d0fb4201 	.word	0xd0fb4201
100000b4:	42012001 	.word	0x42012001
100000b8:	bd03d1f8 	.word	0xbd03d1f8
100000bc:	6618b502 	.word	0x6618b502
100000c0:	f7ff6618 	.word	0xf7ff6618
100000c4:	6e18fff2 	.word	0x6e18fff2
100000c8:	bd026e18 	.word	0xbd026e18
100000cc:	40020000 	.word	0x40020000
100000d0:	18000000 	.word	0x18000000
100000d4:	00070000 	.word	0x00070000
100000d8:	005f0300 	.word	0x005f0300
100000dc:	00002221 	.word	0x00002221
100000e0:	180000f4 	.word	0x180000f4
100000e4:	a0002022 	.word	0xa0002022
100000e8:	10000100 	.word	0x10000100
100000ec:	e000ed08 	.word	0xe000ed08
	...
100000fc:	7a4eb274 	.word	0x7a4eb274

Disassembly of section .text:

10000100 <__VECTOR_TABLE>:
10000100:	20042000 	.word	0x20042000
10000104:	100001f7 	.word	0x100001f7
10000108:	100001c3 	.word	0x100001c3
1000010c:	100001c5 	.word	0x100001c5
10000110:	100001c1 	.word	0x100001c1
10000114:	100001c1 	.word	0x100001c1
10000118:	100001c1 	.word	0x100001c1
1000011c:	100001c1 	.word	0x100001c1
10000120:	100001c1 	.word	0x100001c1
10000124:	100001c1 	.word	0x100001c1
10000128:	100001c1 	.word	0x100001c1
1000012c:	100001c7 	.word	0x100001c7
10000130:	100001c1 	.word	0x100001c1
10000134:	100001c1 	.word	0x100001c1
10000138:	100001c9 	.word	0x100001c9
1000013c:	100001cb 	.word	0x100001cb
10000140:	100001cd 	.word	0x100001cd
10000144:	100001cd 	.word	0x100001cd
10000148:	100001cd 	.word	0x100001cd
1000014c:	100001cd 	.word	0x100001cd
10000150:	100001cd 	.word	0x100001cd
10000154:	100001cd 	.word	0x100001cd
10000158:	100001cd 	.word	0x100001cd
1000015c:	100001cd 	.word	0x100001cd
10000160:	100001cd 	.word	0x100001cd
10000164:	100001cd 	.word	0x100001cd
10000168:	100001cd 	.word	0x100001cd
1000016c:	100001cd 	.word	0x100001cd
10000170:	100001cd 	.word	0x100001cd
10000174:	100001cd 	.word	0x100001cd
10000178:	100001cd 	.word	0x100001cd
1000017c:	100001cd 	.word	0x100001cd
10000180:	100001cd 	.word	0x100001cd
10000184:	100001cd 	.word	0x100001cd
10000188:	100001cd 	.word	0x100001cd
1000018c:	100001cd 	.word	0x100001cd
10000190:	100001cd 	.word	0x100001cd
10000194:	100001cd 	.word	0x100001cd
10000198:	100001cd 	.word	0x100001cd
1000019c:	100001cd 	.word	0x100001cd
100001a0:	100001cd 	.word	0x100001cd
100001a4:	100001cd 	.word	0x100001cd
100001a8:	100001cd 	.word	0x100001cd
100001ac:	100001cd 	.word	0x100001cd
100001b0:	100001cd 	.word	0x100001cd
100001b4:	100001cd 	.word	0x100001cd
100001b8:	100001cd 	.word	0x100001cd
100001bc:	100001cd 	.word	0x100001cd

100001c0 <isr_invalid>:
100001c0:	be00      	bkpt	0x0000

100001c2 <isr_nmi>:
100001c2:	be00      	bkpt	0x0000

100001c4 <isr_hardfault>:
100001c4:	be00      	bkpt	0x0000

100001c6 <isr_svcall>:
100001c6:	be00      	bkpt	0x0000

100001c8 <isr_pendsv>:
100001c8:	be00      	bkpt	0x0000

100001ca <isr_systick>:
100001ca:	be00      	bkpt	0x0000

100001cc <__unhandled_user_irq>:
100001cc:	f3ef 8005 	mrs	r0, IPSR
100001d0:	3810      	subs	r0, #16

100001d2 <unhandled_user_irq_num_in_r0>:
100001d2:	be00      	bkpt	0x0000

100001d4 <binary_info_header>:
100001d4:	7188ebf2 	.word	0x7188ebf2
100001d8:	1000d874 	.word	0x1000d874
100001dc:	1000d898 	.word	0x1000d898
100001e0:	10000238 	.word	0x10000238
100001e4:	e71aa390 	.word	0xe71aa390

100001e8 <_entry_point>:
100001e8:	481e      	ldr	r0, [pc, #120]	@ (10000264 <data_cpy_table+0x2c>)

100001ea <_enter_vtable_in_r0>:
100001ea:	491f      	ldr	r1, [pc, #124]	@ (10000268 <data_cpy_table+0x30>)
100001ec:	6008      	str	r0, [r1, #0]
100001ee:	c806      	ldmia	r0!, {r1, r2}
100001f0:	f381 8808 	msr	MSP, r1
100001f4:	4710      	bx	r2

100001f6 <_reset_handler>:
100001f6:	481d      	ldr	r0, [pc, #116]	@ (1000026c <data_cpy_table+0x34>)
100001f8:	6800      	ldr	r0, [r0, #0]
100001fa:	2800      	cmp	r0, #0
100001fc:	d001      	beq.n	10000202 <hold_non_core0_in_bootrom+0x4>

100001fe <hold_non_core0_in_bootrom>:
100001fe:	4819      	ldr	r0, [pc, #100]	@ (10000264 <data_cpy_table+0x2c>)
10000200:	e7f3      	b.n	100001ea <_enter_vtable_in_r0>
10000202:	a40d      	add	r4, pc, #52	@ (adr r4, 10000238 <data_cpy_table>)
10000204:	cc0e      	ldmia	r4!, {r1, r2, r3}
10000206:	2900      	cmp	r1, #0
10000208:	d002      	beq.n	10000210 <hold_non_core0_in_bootrom+0x12>
1000020a:	f000 f812 	bl	10000232 <data_cpy>
1000020e:	e7f9      	b.n	10000204 <hold_non_core0_in_bootrom+0x6>
10000210:	4917      	ldr	r1, [pc, #92]	@ (10000270 <data_cpy_table+0x38>)
10000212:	4a18      	ldr	r2, [pc, #96]	@ (10000274 <data_cpy_table+0x3c>)
10000214:	2000      	movs	r0, #0
10000216:	e000      	b.n	1000021a <bss_fill_test>

10000218 <bss_fill_loop>:
10000218:	c101      	stmia	r1!, {r0}

1000021a <bss_fill_test>:
1000021a:	4291      	cmp	r1, r2
1000021c:	d1fc      	bne.n	10000218 <bss_fill_loop>

1000021e <platform_entry>:
1000021e:	4916      	ldr	r1, [pc, #88]	@ (10000278 <data_cpy_table+0x40>)
10000220:	4788      	blx	r1
10000222:	4916      	ldr	r1, [pc, #88]	@ (1000027c <data_cpy_table+0x44>)
10000224:	4788      	blx	r1
10000226:	4916      	ldr	r1, [pc, #88]	@ (10000280 <data_cpy_table+0x48>)
10000228:	4788      	blx	r1
1000022a:	be00      	bkpt	0x0000
1000022c:	e7fd      	b.n	1000022a <platform_entry+0xc>

1000022e <data_cpy_loop>:
1000022e:	c901      	ldmia	r1!, {r0}
10000230:	c201      	stmia	r2!, {r0}

10000232 <data_cpy>:
10000232:	429a      	cmp	r2, r3
10000234:	d3fb      	bcc.n	1000022e <data_cpy_loop>
10000236:	4770      	bx	lr

10000238 <data_cpy_table>:
10000238:	1000d898 	.word	0x1000d898
1000023c:	200000c0 	.word	0x200000c0
10000240:	20001090 	.word	0x20001090
10000244:	1000e868 	.word	0x1000e868
10000248:	20040000 	.word	0x20040000
1000024c:	20040000 	.word	0x20040000
10000250:	1000e868 	.word	0x1000e868
10000254:	20041000 	.word	0x20041000
10000258:	20041000 	.word	0x20041000
1000025c:	00000000 	.word	0x00000000
10000260:	4770      	bx	lr
10000262:	0000      	.short	0x0000
10000264:	00000000 	.word	0x00000000
10000268:	e000ed08 	.word	0xe000ed08
1000026c:	d0000000 	.word	0xd0000000
10000270:	20001090 	.word	0x20001090
10000274:	2000214c 	.word	0x2000214c
10000278:	1000713d 	.word	0x1000713d
1000027c:	1000036d 	.word	0x1000036d
10000280:	10007135 	.word	0x10007135

10000284 <_init>:
10000284:	b5f8      	push	{r3, r4, r5, r6, r7, lr}
10000286:	46c0      	nop			@ (mov r8, r8)

10000288 <register_tm_clones>:
10000288:	4806      	ldr	r0, [pc, #24]	@ (100002a4 <register_tm_clones+0x1c>)
1000028a:	4907      	ldr	r1, [pc, #28]	@ (100002a8 <register_tm_clones+0x20>)
1000028c:	1a09      	subs	r1, r1, r0
1000028e:	108b      	asrs	r3, r1, #2
10000290:	0fc9      	lsrs	r1, r1, #31
10000292:	18c9      	adds	r1, r1, r3
10000294:	b510      	push	{r4, lr}
10000296:	1049      	asrs	r1, r1, #1
10000298:	d003      	beq.n	100002a2 <register_tm_clones+0x1a>
1000029a:	4b04      	ldr	r3, [pc, #16]	@ (100002ac <register_tm_clones+0x24>)
1000029c:	2b00      	cmp	r3, #0
1000029e:	d000      	beq.n	100002a2 <register_tm_clones+0x1a>
100002a0:	4798      	blx	r3
100002a2:	bd10      	pop	{r4, pc}
100002a4:	20001090 	.word	0x20001090
100002a8:	20001090 	.word	0x20001090
100002ac:	00000000 	.word	0x00000000

100002b0 <frame_dummy>:
100002b0:	4b05      	ldr	r3, [pc, #20]	@ (100002c8 <frame_dummy+0x18>)
100002b2:	b510      	push	{r4, lr}
100002b4:	2b00      	cmp	r3, #0
100002b6:	d003      	beq.n	100002c0 <frame_dummy+0x10>
100002b8:	4904      	ldr	r1, [pc, #16]	@ (100002cc <frame_dummy+0x1c>)
100002ba:	4805      	ldr	r0, [pc, #20]	@ (100002d0 <frame_dummy+0x20>)
100002bc:	e000      	b.n	100002c0 <frame_dummy+0x10>
100002be:	bf00      	nop
100002c0:	f7ff ffe2 	bl	10000288 <register_tm_clones>
100002c4:	bd10      	pop	{r4, pc}
100002c6:	46c0      	nop			@ (mov r8, r8)
100002c8:	00000000 	.word	0x00000000
100002cc:	200020e8 	.word	0x200020e8
100002d0:	10009e88 	.word	0x10009e88

100002d4 <_Z4initP18samwise_adcs_slate>:
100002d4:	b510      	push	{r4, lr}
100002d6:	0004      	movs	r4, r0
100002d8:	f007 f86e 	bl	100073b8 <stdio_init_all>
100002dc:	481f      	ldr	r0, [pc, #124]	@ (1000035c <_Z4initP18samwise_adcs_slate+0x88>)
100002de:	f007 f8b9 	bl	10007454 <__wrap_puts>
100002e2:	2103      	movs	r1, #3
100002e4:	2005      	movs	r0, #5
100002e6:	f003 fd41 	bl	10003d6c <gpio_set_function>
100002ea:	2103      	movs	r1, #3
100002ec:	2004      	movs	r0, #4
100002ee:	f003 fd3d 	bl	10003d6c <gpio_set_function>
100002f2:	2200      	movs	r2, #0
100002f4:	2101      	movs	r1, #1
100002f6:	2005      	movs	r0, #5
100002f8:	f003 fd52 	bl	10003da0 <gpio_set_pulls>
100002fc:	2200      	movs	r2, #0
100002fe:	2101      	movs	r1, #1
10000300:	2004      	movs	r0, #4
10000302:	f003 fd4d 	bl	10003da0 <gpio_set_pulls>
10000306:	2103      	movs	r1, #3
10000308:	201f      	movs	r0, #31
1000030a:	f003 fd2f 	bl	10003d6c <gpio_set_function>
1000030e:	2103      	movs	r1, #3
10000310:	201e      	movs	r0, #30
10000312:	f003 fd2b 	bl	10003d6c <gpio_set_function>
10000316:	2200      	movs	r2, #0
10000318:	2101      	movs	r1, #1
1000031a:	201f      	movs	r0, #31
1000031c:	f003 fd40 	bl	10003da0 <gpio_set_pulls>
10000320:	2200      	movs	r2, #0
10000322:	2101      	movs	r1, #1
10000324:	201e      	movs	r0, #30
10000326:	f003 fd3b 	bl	10003da0 <gpio_set_pulls>
1000032a:	490d      	ldr	r1, [pc, #52]	@ (10000360 <_Z4initP18samwise_adcs_slate+0x8c>)
1000032c:	480d      	ldr	r0, [pc, #52]	@ (10000364 <_Z4initP18samwise_adcs_slate+0x90>)
1000032e:	f002 fc5d 	bl	10002bec <i2c_init>
10000332:	490b      	ldr	r1, [pc, #44]	@ (10000360 <_Z4initP18samwise_adcs_slate+0x8c>)
10000334:	480c      	ldr	r0, [pc, #48]	@ (10000368 <_Z4initP18samwise_adcs_slate+0x94>)
10000336:	f002 fc59 	bl	10002bec <i2c_init>
1000033a:	23d0      	movs	r3, #208	@ 0xd0
1000033c:	2280      	movs	r2, #128	@ 0x80
1000033e:	061b      	lsls	r3, r3, #24
10000340:	0252      	lsls	r2, r2, #9
10000342:	625a      	str	r2, [r3, #36]	@ 0x24
10000344:	619a      	str	r2, [r3, #24]
10000346:	2280      	movs	r2, #128	@ 0x80
10000348:	01d2      	lsls	r2, r2, #7
1000034a:	629a      	str	r2, [r3, #40]	@ 0x28
1000034c:	2280      	movs	r2, #128	@ 0x80
1000034e:	0212      	lsls	r2, r2, #8
10000350:	0020      	movs	r0, r4
10000352:	629a      	str	r2, [r3, #40]	@ 0x28
10000354:	f000 f9fa 	bl	1000074c <_Z8imu_initP18samwise_adcs_slate>
10000358:	bd10      	pop	{r4, pc}
1000035a:	46c0      	nop			@ (mov r8, r8)
1000035c:	10009e88 	.word	0x10009e88
10000360:	00061a80 	.word	0x00061a80
10000364:	20000fbc 	.word	0x20000fbc
10000368:	20000fb4 	.word	0x20000fb4

1000036c <main>:
1000036c:	b510      	push	{r4, lr}
1000036e:	4c09      	ldr	r4, [pc, #36]	@ (10000394 <main+0x28>)
10000370:	0020      	movs	r0, r4
10000372:	f7ff ffaf 	bl	100002d4 <_Z4initP18samwise_adcs_slate>
10000376:	4808      	ldr	r0, [pc, #32]	@ (10000398 <main+0x2c>)
10000378:	f003 f8a0 	bl	100034bc <sleep_ms>
1000037c:	4807      	ldr	r0, [pc, #28]	@ (1000039c <main+0x30>)
1000037e:	f007 f869 	bl	10007454 <__wrap_puts>
10000382:	21dc      	movs	r1, #220	@ 0xdc
10000384:	4806      	ldr	r0, [pc, #24]	@ (100003a0 <main+0x34>)
10000386:	0049      	lsls	r1, r1, #1
10000388:	f007 f8e8 	bl	1000755c <__wrap_printf>
1000038c:	0020      	movs	r0, r4
1000038e:	f000 fac7 	bl	10000920 <_Z16imu_get_rotationP18samwise_adcs_slate>
10000392:	e7fb      	b.n	1000038c <main+0x20>
10000394:	20001418 	.word	0x20001418
10000398:	00001388 	.word	0x00001388
1000039c:	10009ea4 	.word	0x10009ea4
100003a0:	10009ecc 	.word	0x10009ecc

100003a4 <_GLOBAL__sub_I_slate>:
100003a4:	2200      	movs	r2, #0
100003a6:	2180      	movs	r1, #128	@ 0x80
100003a8:	4b1c      	ldr	r3, [pc, #112]	@ (1000041c <_GLOBAL__sub_I_slate+0x78>)
100003aa:	505a      	str	r2, [r3, r1]
100003ac:	3104      	adds	r1, #4
100003ae:	505a      	str	r2, [r3, r1]
100003b0:	3104      	adds	r1, #4
100003b2:	505a      	str	r2, [r3, r1]
100003b4:	3104      	adds	r1, #4
100003b6:	505a      	str	r2, [r3, r1]
100003b8:	3104      	adds	r1, #4
100003ba:	505a      	str	r2, [r3, r1]
100003bc:	3104      	adds	r1, #4
100003be:	505a      	str	r2, [r3, r1]
100003c0:	3104      	adds	r1, #4
100003c2:	505a      	str	r2, [r3, r1]
100003c4:	3104      	adds	r1, #4
100003c6:	505a      	str	r2, [r3, r1]
100003c8:	3104      	adds	r1, #4
100003ca:	505a      	str	r2, [r3, r1]
100003cc:	3104      	adds	r1, #4
100003ce:	505a      	str	r2, [r3, r1]
100003d0:	310c      	adds	r1, #12
100003d2:	505a      	str	r2, [r3, r1]
100003d4:	3104      	adds	r1, #4
100003d6:	505a      	str	r2, [r3, r1]
100003d8:	3104      	adds	r1, #4
100003da:	505a      	str	r2, [r3, r1]
100003dc:	3104      	adds	r1, #4
100003de:	505a      	str	r2, [r3, r1]
100003e0:	3104      	adds	r1, #4
100003e2:	505a      	str	r2, [r3, r1]
100003e4:	3104      	adds	r1, #4
100003e6:	505a      	str	r2, [r3, r1]
100003e8:	3104      	adds	r1, #4
100003ea:	505a      	str	r2, [r3, r1]
100003ec:	3104      	adds	r1, #4
100003ee:	505a      	str	r2, [r3, r1]
100003f0:	3104      	adds	r1, #4
100003f2:	505a      	str	r2, [r3, r1]
100003f4:	3104      	adds	r1, #4
100003f6:	505a      	str	r2, [r3, r1]
100003f8:	31c8      	adds	r1, #200	@ 0xc8
100003fa:	505a      	str	r2, [r3, r1]
100003fc:	3104      	adds	r1, #4
100003fe:	505a      	str	r2, [r3, r1]
10000400:	3104      	adds	r1, #4
10000402:	505a      	str	r2, [r3, r1]
10000404:	3104      	adds	r1, #4
10000406:	505a      	str	r2, [r3, r1]
10000408:	3104      	adds	r1, #4
1000040a:	505a      	str	r2, [r3, r1]
1000040c:	3104      	adds	r1, #4
1000040e:	669a      	str	r2, [r3, #104]	@ 0x68
10000410:	66da      	str	r2, [r3, #108]	@ 0x6c
10000412:	671a      	str	r2, [r3, #112]	@ 0x70
10000414:	679a      	str	r2, [r3, #120]	@ 0x78
10000416:	67da      	str	r2, [r3, #124]	@ 0x7c
10000418:	505a      	str	r2, [r3, r1]
1000041a:	4770      	bx	lr
1000041c:	20001418 	.word	0x20001418

10000420 <_ZL29bmi2_error_codes_print_resulta>:
10000420:	0003      	movs	r3, r0
10000422:	3322      	adds	r3, #34	@ 0x22
10000424:	b2db      	uxtb	r3, r3
10000426:	b510      	push	{r4, lr}
10000428:	2b24      	cmp	r3, #36	@ 0x24
1000042a:	d803      	bhi.n	10000434 <_ZL29bmi2_error_codes_print_resulta+0x14>
1000042c:	4a63      	ldr	r2, [pc, #396]	@ (100005bc <_ZL29bmi2_error_codes_print_resulta+0x19c>)
1000042e:	009b      	lsls	r3, r3, #2
10000430:	58d3      	ldr	r3, [r2, r3]
10000432:	469f      	mov	pc, r3
10000434:	4b62      	ldr	r3, [pc, #392]	@ (100005c0 <_ZL29bmi2_error_codes_print_resulta+0x1a0>)
10000436:	0001      	movs	r1, r0
10000438:	0018      	movs	r0, r3
1000043a:	f007 f88f 	bl	1000755c <__wrap_printf>
1000043e:	bd10      	pop	{r4, pc}
10000440:	2102      	movs	r1, #2
10000442:	4860      	ldr	r0, [pc, #384]	@ (100005c4 <_ZL29bmi2_error_codes_print_resulta+0x1a4>)
10000444:	f007 f88a 	bl	1000755c <__wrap_printf>
10000448:	e7f9      	b.n	1000043e <_ZL29bmi2_error_codes_print_resulta+0x1e>
1000044a:	2101      	movs	r1, #1
1000044c:	485e      	ldr	r0, [pc, #376]	@ (100005c8 <_ZL29bmi2_error_codes_print_resulta+0x1a8>)
1000044e:	f007 f885 	bl	1000755c <__wrap_printf>
10000452:	e7f4      	b.n	1000043e <_ZL29bmi2_error_codes_print_resulta+0x1e>
10000454:	2101      	movs	r1, #1
10000456:	485d      	ldr	r0, [pc, #372]	@ (100005cc <_ZL29bmi2_error_codes_print_resulta+0x1ac>)
10000458:	4249      	negs	r1, r1
1000045a:	f007 f87f 	bl	1000755c <__wrap_printf>
1000045e:	e7ee      	b.n	1000043e <_ZL29bmi2_error_codes_print_resulta+0x1e>
10000460:	2102      	movs	r1, #2
10000462:	485b      	ldr	r0, [pc, #364]	@ (100005d0 <_ZL29bmi2_error_codes_print_resulta+0x1b0>)
10000464:	4249      	negs	r1, r1
10000466:	f007 f879 	bl	1000755c <__wrap_printf>
1000046a:	e7e8      	b.n	1000043e <_ZL29bmi2_error_codes_print_resulta+0x1e>
1000046c:	2103      	movs	r1, #3
1000046e:	4859      	ldr	r0, [pc, #356]	@ (100005d4 <_ZL29bmi2_error_codes_print_resulta+0x1b4>)
10000470:	4249      	negs	r1, r1
10000472:	f007 f873 	bl	1000755c <__wrap_printf>
10000476:	e7e2      	b.n	1000043e <_ZL29bmi2_error_codes_print_resulta+0x1e>
10000478:	2104      	movs	r1, #4
1000047a:	4857      	ldr	r0, [pc, #348]	@ (100005d8 <_ZL29bmi2_error_codes_print_resulta+0x1b8>)
1000047c:	4249      	negs	r1, r1
1000047e:	f007 f86d 	bl	1000755c <__wrap_printf>
10000482:	e7dc      	b.n	1000043e <_ZL29bmi2_error_codes_print_resulta+0x1e>
10000484:	2105      	movs	r1, #5
10000486:	4855      	ldr	r0, [pc, #340]	@ (100005dc <_ZL29bmi2_error_codes_print_resulta+0x1bc>)
10000488:	4249      	negs	r1, r1
1000048a:	f007 f867 	bl	1000755c <__wrap_printf>
1000048e:	e7d6      	b.n	1000043e <_ZL29bmi2_error_codes_print_resulta+0x1e>
10000490:	2106      	movs	r1, #6
10000492:	4853      	ldr	r0, [pc, #332]	@ (100005e0 <_ZL29bmi2_error_codes_print_resulta+0x1c0>)
10000494:	4249      	negs	r1, r1
10000496:	f007 f861 	bl	1000755c <__wrap_printf>
1000049a:	e7d0      	b.n	1000043e <_ZL29bmi2_error_codes_print_resulta+0x1e>
1000049c:	2107      	movs	r1, #7
1000049e:	4851      	ldr	r0, [pc, #324]	@ (100005e4 <_ZL29bmi2_error_codes_print_resulta+0x1c4>)
100004a0:	4249      	negs	r1, r1
100004a2:	f007 f85b 	bl	1000755c <__wrap_printf>
100004a6:	e7ca      	b.n	1000043e <_ZL29bmi2_error_codes_print_resulta+0x1e>
100004a8:	2108      	movs	r1, #8
100004aa:	484f      	ldr	r0, [pc, #316]	@ (100005e8 <_ZL29bmi2_error_codes_print_resulta+0x1c8>)
100004ac:	4249      	negs	r1, r1
100004ae:	f007 f855 	bl	1000755c <__wrap_printf>
100004b2:	e7c4      	b.n	1000043e <_ZL29bmi2_error_codes_print_resulta+0x1e>
100004b4:	2109      	movs	r1, #9
100004b6:	484d      	ldr	r0, [pc, #308]	@ (100005ec <_ZL29bmi2_error_codes_print_resulta+0x1cc>)
100004b8:	4249      	negs	r1, r1
100004ba:	f007 f84f 	bl	1000755c <__wrap_printf>
100004be:	e7be      	b.n	1000043e <_ZL29bmi2_error_codes_print_resulta+0x1e>
100004c0:	210a      	movs	r1, #10
100004c2:	484b      	ldr	r0, [pc, #300]	@ (100005f0 <_ZL29bmi2_error_codes_print_resulta+0x1d0>)
100004c4:	4249      	negs	r1, r1
100004c6:	f007 f849 	bl	1000755c <__wrap_printf>
100004ca:	e7b8      	b.n	1000043e <_ZL29bmi2_error_codes_print_resulta+0x1e>
100004cc:	210c      	movs	r1, #12
100004ce:	4849      	ldr	r0, [pc, #292]	@ (100005f4 <_ZL29bmi2_error_codes_print_resulta+0x1d4>)
100004d0:	4249      	negs	r1, r1
100004d2:	f007 f843 	bl	1000755c <__wrap_printf>
100004d6:	e7b2      	b.n	1000043e <_ZL29bmi2_error_codes_print_resulta+0x1e>
100004d8:	210d      	movs	r1, #13
100004da:	4847      	ldr	r0, [pc, #284]	@ (100005f8 <_ZL29bmi2_error_codes_print_resulta+0x1d8>)
100004dc:	4249      	negs	r1, r1
100004de:	f007 f83d 	bl	1000755c <__wrap_printf>
100004e2:	e7ac      	b.n	1000043e <_ZL29bmi2_error_codes_print_resulta+0x1e>
100004e4:	210e      	movs	r1, #14
100004e6:	4845      	ldr	r0, [pc, #276]	@ (100005fc <_ZL29bmi2_error_codes_print_resulta+0x1dc>)
100004e8:	4249      	negs	r1, r1
100004ea:	f007 f837 	bl	1000755c <__wrap_printf>
100004ee:	e7a6      	b.n	1000043e <_ZL29bmi2_error_codes_print_resulta+0x1e>
100004f0:	210f      	movs	r1, #15
100004f2:	4843      	ldr	r0, [pc, #268]	@ (10000600 <_ZL29bmi2_error_codes_print_resulta+0x1e0>)
100004f4:	4249      	negs	r1, r1
100004f6:	f007 f831 	bl	1000755c <__wrap_printf>
100004fa:	e7a0      	b.n	1000043e <_ZL29bmi2_error_codes_print_resulta+0x1e>
100004fc:	2110      	movs	r1, #16
100004fe:	4841      	ldr	r0, [pc, #260]	@ (10000604 <_ZL29bmi2_error_codes_print_resulta+0x1e4>)
10000500:	4249      	negs	r1, r1
10000502:	f007 f82b 	bl	1000755c <__wrap_printf>
10000506:	e79a      	b.n	1000043e <_ZL29bmi2_error_codes_print_resulta+0x1e>
10000508:	2111      	movs	r1, #17
1000050a:	483f      	ldr	r0, [pc, #252]	@ (10000608 <_ZL29bmi2_error_codes_print_resulta+0x1e8>)
1000050c:	4249      	negs	r1, r1
1000050e:	f007 f825 	bl	1000755c <__wrap_printf>
10000512:	e794      	b.n	1000043e <_ZL29bmi2_error_codes_print_resulta+0x1e>
10000514:	2112      	movs	r1, #18
10000516:	483d      	ldr	r0, [pc, #244]	@ (1000060c <_ZL29bmi2_error_codes_print_resulta+0x1ec>)
10000518:	4249      	negs	r1, r1
1000051a:	f007 f81f 	bl	1000755c <__wrap_printf>
1000051e:	e78e      	b.n	1000043e <_ZL29bmi2_error_codes_print_resulta+0x1e>
10000520:	2113      	movs	r1, #19
10000522:	483b      	ldr	r0, [pc, #236]	@ (10000610 <_ZL29bmi2_error_codes_print_resulta+0x1f0>)
10000524:	4249      	negs	r1, r1
10000526:	f007 f819 	bl	1000755c <__wrap_printf>
1000052a:	e788      	b.n	1000043e <_ZL29bmi2_error_codes_print_resulta+0x1e>
1000052c:	2114      	movs	r1, #20
1000052e:	4839      	ldr	r0, [pc, #228]	@ (10000614 <_ZL29bmi2_error_codes_print_resulta+0x1f4>)
10000530:	4249      	negs	r1, r1
10000532:	f007 f813 	bl	1000755c <__wrap_printf>
10000536:	e782      	b.n	1000043e <_ZL29bmi2_error_codes_print_resulta+0x1e>
10000538:	2115      	movs	r1, #21
1000053a:	4837      	ldr	r0, [pc, #220]	@ (10000618 <_ZL29bmi2_error_codes_print_resulta+0x1f8>)
1000053c:	4249      	negs	r1, r1
1000053e:	f007 f80d 	bl	1000755c <__wrap_printf>
10000542:	e77c      	b.n	1000043e <_ZL29bmi2_error_codes_print_resulta+0x1e>
10000544:	2116      	movs	r1, #22
10000546:	4835      	ldr	r0, [pc, #212]	@ (1000061c <_ZL29bmi2_error_codes_print_resulta+0x1fc>)
10000548:	4249      	negs	r1, r1
1000054a:	f007 f807 	bl	1000755c <__wrap_printf>
1000054e:	e776      	b.n	1000043e <_ZL29bmi2_error_codes_print_resulta+0x1e>
10000550:	2117      	movs	r1, #23
10000552:	4833      	ldr	r0, [pc, #204]	@ (10000620 <_ZL29bmi2_error_codes_print_resulta+0x200>)
10000554:	4249      	negs	r1, r1
10000556:	f007 f801 	bl	1000755c <__wrap_printf>
1000055a:	e770      	b.n	1000043e <_ZL29bmi2_error_codes_print_resulta+0x1e>
1000055c:	2118      	movs	r1, #24
1000055e:	4831      	ldr	r0, [pc, #196]	@ (10000624 <_ZL29bmi2_error_codes_print_resulta+0x204>)
10000560:	4249      	negs	r1, r1
10000562:	f006 fffb 	bl	1000755c <__wrap_printf>
10000566:	e76a      	b.n	1000043e <_ZL29bmi2_error_codes_print_resulta+0x1e>
10000568:	2119      	movs	r1, #25
1000056a:	482f      	ldr	r0, [pc, #188]	@ (10000628 <_ZL29bmi2_error_codes_print_resulta+0x208>)
1000056c:	4249      	negs	r1, r1
1000056e:	f006 fff5 	bl	1000755c <__wrap_printf>
10000572:	e764      	b.n	1000043e <_ZL29bmi2_error_codes_print_resulta+0x1e>
10000574:	211a      	movs	r1, #26
10000576:	482d      	ldr	r0, [pc, #180]	@ (1000062c <_ZL29bmi2_error_codes_print_resulta+0x20c>)
10000578:	4249      	negs	r1, r1
1000057a:	f006 ffef 	bl	1000755c <__wrap_printf>
1000057e:	e75e      	b.n	1000043e <_ZL29bmi2_error_codes_print_resulta+0x1e>
10000580:	211b      	movs	r1, #27
10000582:	482b      	ldr	r0, [pc, #172]	@ (10000630 <_ZL29bmi2_error_codes_print_resulta+0x210>)
10000584:	4249      	negs	r1, r1
10000586:	f006 ffe9 	bl	1000755c <__wrap_printf>
1000058a:	e758      	b.n	1000043e <_ZL29bmi2_error_codes_print_resulta+0x1e>
1000058c:	211e      	movs	r1, #30
1000058e:	4829      	ldr	r0, [pc, #164]	@ (10000634 <_ZL29bmi2_error_codes_print_resulta+0x214>)
10000590:	4249      	negs	r1, r1
10000592:	f006 ffe3 	bl	1000755c <__wrap_printf>
10000596:	e752      	b.n	1000043e <_ZL29bmi2_error_codes_print_resulta+0x1e>
10000598:	2120      	movs	r1, #32
1000059a:	4827      	ldr	r0, [pc, #156]	@ (10000638 <_ZL29bmi2_error_codes_print_resulta+0x218>)
1000059c:	4249      	negs	r1, r1
1000059e:	f006 ffdd 	bl	1000755c <__wrap_printf>
100005a2:	e74c      	b.n	1000043e <_ZL29bmi2_error_codes_print_resulta+0x1e>
100005a4:	2121      	movs	r1, #33	@ 0x21
100005a6:	4825      	ldr	r0, [pc, #148]	@ (1000063c <_ZL29bmi2_error_codes_print_resulta+0x21c>)
100005a8:	4249      	negs	r1, r1
100005aa:	f006 ffd7 	bl	1000755c <__wrap_printf>
100005ae:	e746      	b.n	1000043e <_ZL29bmi2_error_codes_print_resulta+0x1e>
100005b0:	2122      	movs	r1, #34	@ 0x22
100005b2:	4823      	ldr	r0, [pc, #140]	@ (10000640 <_ZL29bmi2_error_codes_print_resulta+0x220>)
100005b4:	4249      	negs	r1, r1
100005b6:	f006 ffd1 	bl	1000755c <__wrap_printf>
100005ba:	e740      	b.n	1000043e <_ZL29bmi2_error_codes_print_resulta+0x1e>
100005bc:	1000b2d0 	.word	0x1000b2d0
100005c0:	1000adf8 	.word	0x1000adf8
100005c4:	10009f14 	.word	0x10009f14
100005c8:	10009ef8 	.word	0x10009ef8
100005cc:	10009f38 	.word	0x10009f38
100005d0:	10009fcc 	.word	0x10009fcc
100005d4:	1000a05c 	.word	0x1000a05c
100005d8:	1000a224 	.word	0x1000a224
100005dc:	1000a2ec 	.word	0x1000a2ec
100005e0:	1000a3ac 	.word	0x1000a3ac
100005e4:	1000a468 	.word	0x1000a468
100005e8:	1000a0bc 	.word	0x1000a0bc
100005ec:	1000a540 	.word	0x1000a540
100005f0:	1000a5bc 	.word	0x1000a5bc
100005f4:	1000a1a4 	.word	0x1000a1a4
100005f8:	1000a638 	.word	0x1000a638
100005fc:	1000a6ac 	.word	0x1000a6ac
10000600:	1000a728 	.word	0x1000a728
10000604:	1000a134 	.word	0x1000a134
10000608:	1000a79c 	.word	0x1000a79c
1000060c:	1000a824 	.word	0x1000a824
10000610:	1000a894 	.word	0x1000a894
10000614:	1000a900 	.word	0x1000a900
10000618:	1000a954 	.word	0x1000a954
1000061c:	1000a9ac 	.word	0x1000a9ac
10000620:	1000a9f0 	.word	0x1000a9f0
10000624:	1000aa70 	.word	0x1000aa70
10000628:	1000aaec 	.word	0x1000aaec
1000062c:	1000ab50 	.word	0x1000ab50
10000630:	1000abbc 	.word	0x1000abbc
10000634:	1000ac10 	.word	0x1000ac10
10000638:	1000ac8c 	.word	0x1000ac8c
1000063c:	1000acfc 	.word	0x1000acfc
10000640:	1000ad8c 	.word	0x1000ad8c

10000644 <_Z13bmi2_i2c_readhPhmPv>:
10000644:	b5f0      	push	{r4, r5, r6, r7, lr}
10000646:	46c6      	mov	lr, r8
10000648:	230f      	movs	r3, #15
1000064a:	0016      	movs	r6, r2
1000064c:	b500      	push	{lr}
1000064e:	b084      	sub	sp, #16
10000650:	446b      	add	r3, sp
10000652:	7018      	strb	r0, [r3, #0]
10000654:	0415      	lsls	r5, r2, #16
10000656:	4698      	mov	r8, r3
10000658:	4b18      	ldr	r3, [pc, #96]	@ (100006bc <_Z13bmi2_i2c_readhPhmPv+0x78>)
1000065a:	0c2d      	lsrs	r5, r5, #16
1000065c:	0002      	movs	r2, r0
1000065e:	000c      	movs	r4, r1
10000660:	0018      	movs	r0, r3
10000662:	0029      	movs	r1, r5
10000664:	b2b6      	uxth	r6, r6
10000666:	f006 ff79 	bl	1000755c <__wrap_printf>
1000066a:	2700      	movs	r7, #0
1000066c:	2e00      	cmp	r6, #0
1000066e:	d104      	bne.n	1000067a <_Z13bmi2_i2c_readhPhmPv+0x36>
10000670:	0038      	movs	r0, r7
10000672:	b004      	add	sp, #16
10000674:	bc80      	pop	{r7}
10000676:	46b8      	mov	r8, r7
10000678:	bdf0      	pop	{r4, r5, r6, r7, pc}
1000067a:	2301      	movs	r3, #1
1000067c:	4e10      	ldr	r6, [pc, #64]	@ (100006c0 <_Z13bmi2_i2c_readhPhmPv+0x7c>)
1000067e:	4642      	mov	r2, r8
10000680:	2168      	movs	r1, #104	@ 0x68
10000682:	9300      	str	r3, [sp, #0]
10000684:	0030      	movs	r0, r6
10000686:	f002 fad9 	bl	10002c3c <i2c_write_blocking>
1000068a:	9700      	str	r7, [sp, #0]
1000068c:	002b      	movs	r3, r5
1000068e:	0022      	movs	r2, r4
10000690:	2168      	movs	r1, #104	@ 0x68
10000692:	0030      	movs	r0, r6
10000694:	f002 fadc 	bl	10002c50 <i2c_read_blocking>
10000698:	0007      	movs	r7, r0
1000069a:	480a      	ldr	r0, [pc, #40]	@ (100006c4 <_Z13bmi2_i2c_readhPhmPv+0x80>)
1000069c:	f006 feda 	bl	10007454 <__wrap_puts>
100006a0:	2d00      	cmp	r5, #0
100006a2:	d008      	beq.n	100006b6 <_Z13bmi2_i2c_readhPhmPv+0x72>
100006a4:	4e08      	ldr	r6, [pc, #32]	@ (100006c8 <_Z13bmi2_i2c_readhPhmPv+0x84>)
100006a6:	1965      	adds	r5, r4, r5
100006a8:	7821      	ldrb	r1, [r4, #0]
100006aa:	0030      	movs	r0, r6
100006ac:	3401      	adds	r4, #1
100006ae:	f006 ff55 	bl	1000755c <__wrap_printf>
100006b2:	42a5      	cmp	r5, r4
100006b4:	d1f8      	bne.n	100006a8 <_Z13bmi2_i2c_readhPhmPv+0x64>
100006b6:	b27f      	sxtb	r7, r7
100006b8:	e7da      	b.n	10000670 <_Z13bmi2_i2c_readhPhmPv+0x2c>
100006ba:	46c0      	nop			@ (mov r8, r8)
100006bc:	1000ae1c 	.word	0x1000ae1c
100006c0:	20000fbc 	.word	0x20000fbc
100006c4:	1000ae4c 	.word	0x1000ae4c
100006c8:	1000ae5c 	.word	0x1000ae5c

100006cc <_Z13bmi2_delay_usmPv>:
100006cc:	b510      	push	{r4, lr}
100006ce:	2100      	movs	r1, #0
100006d0:	f002 fe7e 	bl	100033d0 <sleep_us>
100006d4:	bd10      	pop	{r4, pc}
100006d6:	46c0      	nop			@ (mov r8, r8)

100006d8 <_Z14bmi2_i2c_writehPKhmPv>:
100006d8:	b5f0      	push	{r4, r5, r6, r7, lr}
100006da:	46d6      	mov	lr, sl
100006dc:	464f      	mov	r7, r9
100006de:	4646      	mov	r6, r8
100006e0:	b5c0      	push	{r6, r7, lr}
100006e2:	0006      	movs	r6, r0
100006e4:	0414      	lsls	r4, r2, #16
100006e6:	b082      	sub	sp, #8
100006e8:	0c24      	lsrs	r4, r4, #16
100006ea:	0015      	movs	r5, r2
100006ec:	af02      	add	r7, sp, #8
100006ee:	0032      	movs	r2, r6
100006f0:	4688      	mov	r8, r1
100006f2:	4814      	ldr	r0, [pc, #80]	@ (10000744 <_Z14bmi2_i2c_writehPKhmPv+0x6c>)
100006f4:	0021      	movs	r1, r4
100006f6:	f006 ff31 	bl	1000755c <__wrap_printf>
100006fa:	466a      	mov	r2, sp
100006fc:	1c63      	adds	r3, r4, #1
100006fe:	4699      	mov	r9, r3
10000700:	3307      	adds	r3, #7
10000702:	08db      	lsrs	r3, r3, #3
10000704:	00db      	lsls	r3, r3, #3
10000706:	1ad3      	subs	r3, r2, r3
10000708:	469d      	mov	sp, r3
1000070a:	b2ad      	uxth	r5, r5
1000070c:	ab02      	add	r3, sp, #8
1000070e:	469a      	mov	sl, r3
10000710:	2d00      	cmp	r5, #0
10000712:	d010      	beq.n	10000736 <_Z14bmi2_i2c_writehPKhmPv+0x5e>
10000714:	701e      	strb	r6, [r3, #0]
10000716:	2c00      	cmp	r4, #0
10000718:	d005      	beq.n	10000726 <_Z14bmi2_i2c_writehPKhmPv+0x4e>
1000071a:	2009      	movs	r0, #9
1000071c:	0022      	movs	r2, r4
1000071e:	4641      	mov	r1, r8
10000720:	4468      	add	r0, sp
10000722:	f005 f885 	bl	10005830 <__wrap___aeabi_memcpy>
10000726:	2300      	movs	r3, #0
10000728:	4652      	mov	r2, sl
1000072a:	9300      	str	r3, [sp, #0]
1000072c:	2168      	movs	r1, #104	@ 0x68
1000072e:	464b      	mov	r3, r9
10000730:	4805      	ldr	r0, [pc, #20]	@ (10000748 <_Z14bmi2_i2c_writehPKhmPv+0x70>)
10000732:	f002 fa83 	bl	10002c3c <i2c_write_blocking>
10000736:	46bd      	mov	sp, r7
10000738:	2000      	movs	r0, #0
1000073a:	bce0      	pop	{r5, r6, r7}
1000073c:	46ba      	mov	sl, r7
1000073e:	46b1      	mov	r9, r6
10000740:	46a8      	mov	r8, r5
10000742:	bdf0      	pop	{r4, r5, r6, r7, pc}
10000744:	1000ae60 	.word	0x1000ae60
10000748:	20000fbc 	.word	0x20000fbc

1000074c <_Z8imu_initP18samwise_adcs_slate>:
1000074c:	b5f0      	push	{r4, r5, r6, r7, lr}
1000074e:	b091      	sub	sp, #68	@ 0x44
10000750:	466b      	mov	r3, sp
10000752:	2601      	movs	r6, #1
10000754:	2280      	movs	r2, #128	@ 0x80
10000756:	71de      	strb	r6, [r3, #7]
10000758:	23d0      	movs	r3, #208	@ 0xd0
1000075a:	0252      	lsls	r2, r2, #9
1000075c:	061b      	lsls	r3, r3, #24
1000075e:	0004      	movs	r4, r0
10000760:	619a      	str	r2, [r3, #24]
10000762:	200a      	movs	r0, #10
10000764:	f002 feaa 	bl	100034bc <sleep_ms>
10000768:	2c00      	cmp	r4, #0
1000076a:	d07a      	beq.n	10000862 <_Z8imu_initP18samwise_adcs_slate+0x116>
1000076c:	485e      	ldr	r0, [pc, #376]	@ (100008e8 <_Z8imu_initP18samwise_adcs_slate+0x19c>)
1000076e:	f006 fe71 	bl	10007454 <__wrap_puts>
10000772:	2268      	movs	r2, #104	@ 0x68
10000774:	4b5d      	ldr	r3, [pc, #372]	@ (100008ec <_Z8imu_initP18samwise_adcs_slate+0x1a0>)
10000776:	2000      	movs	r0, #0
10000778:	63a3      	str	r3, [r4, #56]	@ 0x38
1000077a:	4b5d      	ldr	r3, [pc, #372]	@ (100008f0 <_Z8imu_initP18samwise_adcs_slate+0x1a4>)
1000077c:	7266      	strb	r6, [r4, #9]
1000077e:	63e3      	str	r3, [r4, #60]	@ 0x3c
10000780:	4b5c      	ldr	r3, [pc, #368]	@ (100008f4 <_Z8imu_initP18samwise_adcs_slate+0x1a8>)
10000782:	801a      	strh	r2, [r3, #0]
10000784:	6063      	str	r3, [r4, #4]
10000786:	4b5c      	ldr	r3, [pc, #368]	@ (100008f8 <_Z8imu_initP18samwise_adcs_slate+0x1ac>)
10000788:	6423      	str	r3, [r4, #64]	@ 0x40
1000078a:	232e      	movs	r3, #46	@ 0x2e
1000078c:	81e3      	strh	r3, [r4, #14]
1000078e:	2300      	movs	r3, #0
10000790:	6163      	str	r3, [r4, #20]
10000792:	f7ff fe45 	bl	10000420 <_ZL29bmi2_error_codes_print_resulta>
10000796:	0020      	movs	r0, r4
10000798:	f001 f884 	bl	100018a4 <bmi2_soft_reset>
1000079c:	200a      	movs	r0, #10
1000079e:	f002 fe8d 	bl	100034bc <sleep_ms>
100007a2:	0020      	movs	r0, r4
100007a4:	f002 f8aa 	bl	100028fc <bmi270_legacy_init>
100007a8:	0005      	movs	r5, r0
100007aa:	f7ff fe39 	bl	10000420 <_ZL29bmi2_error_codes_print_resulta>
100007ae:	2d00      	cmp	r5, #0
100007b0:	d00a      	beq.n	100007c8 <_Z8imu_initP18samwise_adcs_slate+0x7c>
100007b2:	4e52      	ldr	r6, [pc, #328]	@ (100008fc <_Z8imu_initP18samwise_adcs_slate+0x1b0>)
100007b4:	4d52      	ldr	r5, [pc, #328]	@ (10000900 <_Z8imu_initP18samwise_adcs_slate+0x1b4>)
100007b6:	4c53      	ldr	r4, [pc, #332]	@ (10000904 <_Z8imu_initP18samwise_adcs_slate+0x1b8>)
100007b8:	22fc      	movs	r2, #252	@ 0xfc
100007ba:	0033      	movs	r3, r6
100007bc:	0029      	movs	r1, r5
100007be:	0020      	movs	r0, r4
100007c0:	0052      	lsls	r2, r2, #1
100007c2:	f006 fecb 	bl	1000755c <__wrap_printf>
100007c6:	e7f7      	b.n	100007b8 <_Z8imu_initP18samwise_adcs_slate+0x6c>
100007c8:	2096      	movs	r0, #150	@ 0x96
100007ca:	f002 fe77 	bl	100034bc <sleep_ms>
100007ce:	0021      	movs	r1, r4
100007d0:	2000      	movs	r0, #0
100007d2:	f000 fed1 	bl	10001578 <bmi2_set_adv_power_save>
100007d6:	0005      	movs	r5, r0
100007d8:	f7ff fe22 	bl	10000420 <_ZL29bmi2_error_codes_print_resulta>
100007dc:	2d00      	cmp	r5, #0
100007de:	d00a      	beq.n	100007f6 <_Z8imu_initP18samwise_adcs_slate+0xaa>
100007e0:	4e46      	ldr	r6, [pc, #280]	@ (100008fc <_Z8imu_initP18samwise_adcs_slate+0x1b0>)
100007e2:	4d47      	ldr	r5, [pc, #284]	@ (10000900 <_Z8imu_initP18samwise_adcs_slate+0x1b4>)
100007e4:	4c47      	ldr	r4, [pc, #284]	@ (10000904 <_Z8imu_initP18samwise_adcs_slate+0x1b8>)
100007e6:	22ff      	movs	r2, #255	@ 0xff
100007e8:	0033      	movs	r3, r6
100007ea:	0029      	movs	r1, r5
100007ec:	0020      	movs	r0, r4
100007ee:	0052      	lsls	r2, r2, #1
100007f0:	f006 feb4 	bl	1000755c <__wrap_printf>
100007f4:	e7f7      	b.n	100007e6 <_Z8imu_initP18samwise_adcs_slate+0x9a>
100007f6:	20fa      	movs	r0, #250	@ 0xfa
100007f8:	2100      	movs	r1, #0
100007fa:	0040      	lsls	r0, r0, #1
100007fc:	ad02      	add	r5, sp, #8
100007fe:	f002 fde7 	bl	100033d0 <sleep_us>
10000802:	0022      	movs	r2, r4
10000804:	2101      	movs	r1, #1
10000806:	0028      	movs	r0, r5
10000808:	702e      	strb	r6, [r5, #0]
1000080a:	f001 fe69 	bl	100024e0 <bmi2_get_sensor_config>
1000080e:	f7ff fe07 	bl	10000420 <_ZL29bmi2_error_codes_print_resulta>
10000812:	0022      	movs	r2, r4
10000814:	2102      	movs	r1, #2
10000816:	2004      	movs	r0, #4
10000818:	f001 fa2c 	bl	10001c74 <bmi2_map_data_int>
1000081c:	0007      	movs	r7, r0
1000081e:	f7ff fdff 	bl	10000420 <_ZL29bmi2_error_codes_print_resulta>
10000822:	2f00      	cmp	r7, #0
10000824:	d004      	beq.n	10000830 <_Z8imu_initP18samwise_adcs_slate+0xe4>
10000826:	4c38      	ldr	r4, [pc, #224]	@ (10000908 <_Z8imu_initP18samwise_adcs_slate+0x1bc>)
10000828:	0020      	movs	r0, r4
1000082a:	f006 fe13 	bl	10007454 <__wrap_puts>
1000082e:	e7fb      	b.n	10000828 <_Z8imu_initP18samwise_adcs_slate+0xdc>
10000830:	2382      	movs	r3, #130	@ 0x82
10000832:	009b      	lsls	r3, r3, #2
10000834:	71ae      	strb	r6, [r5, #6]
10000836:	0022      	movs	r2, r4
10000838:	2101      	movs	r1, #1
1000083a:	0028      	movs	r0, r5
1000083c:	80ab      	strh	r3, [r5, #4]
1000083e:	812f      	strh	r7, [r5, #8]
10000840:	f001 fc54 	bl	100020ec <bmi2_set_sensor_config>
10000844:	0006      	movs	r6, r0
10000846:	f7ff fdeb 	bl	10000420 <_ZL29bmi2_error_codes_print_resulta>
1000084a:	2e00      	cmp	r6, #0
1000084c:	d018      	beq.n	10000880 <_Z8imu_initP18samwise_adcs_slate+0x134>
1000084e:	4e2b      	ldr	r6, [pc, #172]	@ (100008fc <_Z8imu_initP18samwise_adcs_slate+0x1b0>)
10000850:	4d2b      	ldr	r5, [pc, #172]	@ (10000900 <_Z8imu_initP18samwise_adcs_slate+0x1b4>)
10000852:	4c2c      	ldr	r4, [pc, #176]	@ (10000904 <_Z8imu_initP18samwise_adcs_slate+0x1b8>)
10000854:	0033      	movs	r3, r6
10000856:	0029      	movs	r1, r5
10000858:	0020      	movs	r0, r4
1000085a:	4a2c      	ldr	r2, [pc, #176]	@ (1000090c <_Z8imu_initP18samwise_adcs_slate+0x1c0>)
1000085c:	f006 fe7e 	bl	1000755c <__wrap_printf>
10000860:	e7f8      	b.n	10000854 <_Z8imu_initP18samwise_adcs_slate+0x108>
10000862:	2001      	movs	r0, #1
10000864:	4240      	negs	r0, r0
10000866:	f7ff fddb 	bl	10000420 <_ZL29bmi2_error_codes_print_resulta>
1000086a:	4e24      	ldr	r6, [pc, #144]	@ (100008fc <_Z8imu_initP18samwise_adcs_slate+0x1b0>)
1000086c:	4d24      	ldr	r5, [pc, #144]	@ (10000900 <_Z8imu_initP18samwise_adcs_slate+0x1b4>)
1000086e:	4c25      	ldr	r4, [pc, #148]	@ (10000904 <_Z8imu_initP18samwise_adcs_slate+0x1b8>)
10000870:	22f0      	movs	r2, #240	@ 0xf0
10000872:	0033      	movs	r3, r6
10000874:	0029      	movs	r1, r5
10000876:	0020      	movs	r0, r4
10000878:	32ff      	adds	r2, #255	@ 0xff
1000087a:	f006 fe6f 	bl	1000755c <__wrap_printf>
1000087e:	e7f7      	b.n	10000870 <_Z8imu_initP18samwise_adcs_slate+0x124>
10000880:	2300      	movs	r3, #0
10000882:	2201      	movs	r2, #1
10000884:	0029      	movs	r1, r5
10000886:	702b      	strb	r3, [r5, #0]
10000888:	2000      	movs	r0, #0
1000088a:	0023      	movs	r3, r4
1000088c:	f000 fd82 	bl	10001394 <bmi2_get_regs>
10000890:	7829      	ldrb	r1, [r5, #0]
10000892:	481f      	ldr	r0, [pc, #124]	@ (10000910 <_Z8imu_initP18samwise_adcs_slate+0x1c4>)
10000894:	f006 fe62 	bl	1000755c <__wrap_printf>
10000898:	782b      	ldrb	r3, [r5, #0]
1000089a:	2b24      	cmp	r3, #36	@ 0x24
1000089c:	d009      	beq.n	100008b2 <_Z8imu_initP18samwise_adcs_slate+0x166>
1000089e:	4d18      	ldr	r5, [pc, #96]	@ (10000900 <_Z8imu_initP18samwise_adcs_slate+0x1b4>)
100008a0:	4c18      	ldr	r4, [pc, #96]	@ (10000904 <_Z8imu_initP18samwise_adcs_slate+0x1b8>)
100008a2:	4e1c      	ldr	r6, [pc, #112]	@ (10000914 <_Z8imu_initP18samwise_adcs_slate+0x1c8>)
100008a4:	0033      	movs	r3, r6
100008a6:	0029      	movs	r1, r5
100008a8:	0020      	movs	r0, r4
100008aa:	4a1b      	ldr	r2, [pc, #108]	@ (10000918 <_Z8imu_initP18samwise_adcs_slate+0x1cc>)
100008ac:	f006 fe56 	bl	1000755c <__wrap_printf>
100008b0:	e7f8      	b.n	100008a4 <_Z8imu_initP18samwise_adcs_slate+0x158>
100008b2:	466b      	mov	r3, sp
100008b4:	0022      	movs	r2, r4
100008b6:	2101      	movs	r1, #1
100008b8:	1dd8      	adds	r0, r3, #7
100008ba:	f001 f881 	bl	100019c0 <bmi2_sensor_enable>
100008be:	0004      	movs	r4, r0
100008c0:	f7ff fdae 	bl	10000420 <_ZL29bmi2_error_codes_print_resulta>
100008c4:	2c00      	cmp	r4, #0
100008c6:	d009      	beq.n	100008dc <_Z8imu_initP18samwise_adcs_slate+0x190>
100008c8:	4e0c      	ldr	r6, [pc, #48]	@ (100008fc <_Z8imu_initP18samwise_adcs_slate+0x1b0>)
100008ca:	4d0d      	ldr	r5, [pc, #52]	@ (10000900 <_Z8imu_initP18samwise_adcs_slate+0x1b4>)
100008cc:	4c0d      	ldr	r4, [pc, #52]	@ (10000904 <_Z8imu_initP18samwise_adcs_slate+0x1b8>)
100008ce:	0033      	movs	r3, r6
100008d0:	0029      	movs	r1, r5
100008d2:	0020      	movs	r0, r4
100008d4:	4a11      	ldr	r2, [pc, #68]	@ (1000091c <_Z8imu_initP18samwise_adcs_slate+0x1d0>)
100008d6:	f006 fe41 	bl	1000755c <__wrap_printf>
100008da:	e7f8      	b.n	100008ce <_Z8imu_initP18samwise_adcs_slate+0x182>
100008dc:	2003      	movs	r0, #3
100008de:	f002 fded 	bl	100034bc <sleep_ms>
100008e2:	b011      	add	sp, #68	@ 0x44
100008e4:	bdf0      	pop	{r4, r5, r6, r7, pc}
100008e6:	46c0      	nop			@ (mov r8, r8)
100008e8:	1000ae8c 	.word	0x1000ae8c
100008ec:	10000645 	.word	0x10000645
100008f0:	100006d9 	.word	0x100006d9
100008f4:	200015d0 	.word	0x200015d0
100008f8:	100006cd 	.word	0x100006cd
100008fc:	1000aeb8 	.word	0x1000aeb8
10000900:	1000aedc 	.word	0x1000aedc
10000904:	1000af18 	.word	0x1000af18
10000908:	1000af30 	.word	0x1000af30
1000090c:	00000203 	.word	0x00000203
10000910:	1000af58 	.word	0x1000af58
10000914:	1000af78 	.word	0x1000af78
10000918:	0000020a 	.word	0x0000020a
1000091c:	0000020f 	.word	0x0000020f

10000920 <_Z16imu_get_rotationP18samwise_adcs_slate>:
10000920:	b5f0      	push	{r4, r5, r6, r7, lr}
10000922:	46de      	mov	lr, fp
10000924:	4657      	mov	r7, sl
10000926:	464e      	mov	r6, r9
10000928:	4645      	mov	r5, r8
1000092a:	b5e0      	push	{r5, r6, r7, lr}
1000092c:	b0c9      	sub	sp, #292	@ 0x124
1000092e:	2228      	movs	r2, #40	@ 0x28
10000930:	2100      	movs	r1, #0
10000932:	a816      	add	r0, sp, #88	@ 0x58
10000934:	f004 ff76 	bl	10005824 <__wrap_memset>
10000938:	2126      	movs	r1, #38	@ 0x26
1000093a:	2301      	movs	r3, #1
1000093c:	aa0c      	add	r2, sp, #48	@ 0x30
1000093e:	1852      	adds	r2, r2, r1
10000940:	7013      	strb	r3, [r2, #0]
10000942:	4b91      	ldr	r3, [pc, #580]	@ (10000b88 <_Z16imu_get_rotationP18samwise_adcs_slate+0x268>)
10000944:	2627      	movs	r6, #39	@ 0x27
10000946:	9308      	str	r3, [sp, #32]
10000948:	4b90      	ldr	r3, [pc, #576]	@ (10000b8c <_Z16imu_get_rotationP18samwise_adcs_slate+0x26c>)
1000094a:	4f91      	ldr	r7, [pc, #580]	@ (10000b90 <_Z16imu_get_rotationP18samwise_adcs_slate+0x270>)
1000094c:	9309      	str	r3, [sp, #36]	@ 0x24
1000094e:	4b91      	ldr	r3, [pc, #580]	@ (10000b94 <_Z16imu_get_rotationP18samwise_adcs_slate+0x274>)
10000950:	ac2e      	add	r4, sp, #184	@ 0xb8
10000952:	469b      	mov	fp, r3
10000954:	4b90      	ldr	r3, [pc, #576]	@ (10000b98 <_Z16imu_get_rotationP18samwise_adcs_slate+0x278>)
10000956:	4698      	mov	r8, r3
10000958:	4b90      	ldr	r3, [pc, #576]	@ (10000b9c <_Z16imu_get_rotationP18samwise_adcs_slate+0x27c>)
1000095a:	4645      	mov	r5, r8
1000095c:	930a      	str	r3, [sp, #40]	@ 0x28
1000095e:	ab0c      	add	r3, sp, #48	@ 0x30
10000960:	469c      	mov	ip, r3
10000962:	4b8f      	ldr	r3, [pc, #572]	@ (10000ba0 <_Z16imu_get_rotationP18samwise_adcs_slate+0x280>)
10000964:	4466      	add	r6, ip
10000966:	469a      	mov	sl, r3
10000968:	4b8e      	ldr	r3, [pc, #568]	@ (10000ba4 <_Z16imu_get_rotationP18samwise_adcs_slate+0x284>)
1000096a:	46d0      	mov	r8, sl
1000096c:	930d      	str	r3, [sp, #52]	@ 0x34
1000096e:	4b8e      	ldr	r3, [pc, #568]	@ (10000ba8 <_Z16imu_get_rotationP18samwise_adcs_slate+0x288>)
10000970:	46da      	mov	sl, fp
10000972:	930c      	str	r3, [sp, #48]	@ 0x30
10000974:	4b8d      	ldr	r3, [pc, #564]	@ (10000bac <_Z16imu_get_rotationP18samwise_adcs_slate+0x28c>)
10000976:	930b      	str	r3, [sp, #44]	@ 0x2c
10000978:	2301      	movs	r3, #1
1000097a:	4699      	mov	r9, r3
1000097c:	9808      	ldr	r0, [sp, #32]
1000097e:	f006 fd69 	bl	10007454 <__wrap_puts>
10000982:	9809      	ldr	r0, [sp, #36]	@ 0x24
10000984:	f006 fd66 	bl	10007454 <__wrap_puts>
10000988:	464b      	mov	r3, r9
1000098a:	7263      	strb	r3, [r4, #9]
1000098c:	4653      	mov	r3, sl
1000098e:	63a3      	str	r3, [r4, #56]	@ 0x38
10000990:	2368      	movs	r3, #104	@ 0x68
10000992:	803b      	strh	r3, [r7, #0]
10000994:	9b0a      	ldr	r3, [sp, #40]	@ 0x28
10000996:	2000      	movs	r0, #0
10000998:	6423      	str	r3, [r4, #64]	@ 0x40
1000099a:	232e      	movs	r3, #46	@ 0x2e
1000099c:	81e3      	strh	r3, [r4, #14]
1000099e:	2300      	movs	r3, #0
100009a0:	63e5      	str	r5, [r4, #60]	@ 0x3c
100009a2:	6163      	str	r3, [r4, #20]
100009a4:	6067      	str	r7, [r4, #4]
100009a6:	f7ff fd3b 	bl	10000420 <_ZL29bmi2_error_codes_print_resulta>
100009aa:	0020      	movs	r0, r4
100009ac:	f001 ffa6 	bl	100028fc <bmi270_legacy_init>
100009b0:	4683      	mov	fp, r0
100009b2:	f7ff fd35 	bl	10000420 <_ZL29bmi2_error_codes_print_resulta>
100009b6:	2300      	movs	r3, #0
100009b8:	2201      	movs	r2, #1
100009ba:	0031      	movs	r1, r6
100009bc:	7033      	strb	r3, [r6, #0]
100009be:	2000      	movs	r0, #0
100009c0:	0023      	movs	r3, r4
100009c2:	f000 fce7 	bl	10001394 <bmi2_get_regs>
100009c6:	4640      	mov	r0, r8
100009c8:	7831      	ldrb	r1, [r6, #0]
100009ca:	f006 fdc7 	bl	1000755c <__wrap_printf>
100009ce:	7833      	ldrb	r3, [r6, #0]
100009d0:	2b24      	cmp	r3, #36	@ 0x24
100009d2:	d122      	bne.n	10000a1a <_Z16imu_get_rotationP18samwise_adcs_slate+0xfa>
100009d4:	465b      	mov	r3, fp
100009d6:	2b00      	cmp	r3, #0
100009d8:	d003      	beq.n	100009e2 <_Z16imu_get_rotationP18samwise_adcs_slate+0xc2>
100009da:	980b      	ldr	r0, [sp, #44]	@ 0x2c
100009dc:	f006 fd3a 	bl	10007454 <__wrap_puts>
100009e0:	e7cc      	b.n	1000097c <_Z16imu_get_rotationP18samwise_adcs_slate+0x5c>
100009e2:	2250      	movs	r2, #80	@ 0x50
100009e4:	ab0c      	add	r3, sp, #48	@ 0x30
100009e6:	189b      	adds	r3, r3, r2
100009e8:	464a      	mov	r2, r9
100009ea:	2101      	movs	r1, #1
100009ec:	701a      	strb	r2, [r3, #0]
100009ee:	a820      	add	r0, sp, #128	@ 0x80
100009f0:	0022      	movs	r2, r4
100009f2:	f001 fd75 	bl	100024e0 <bmi2_get_sensor_config>
100009f6:	f7ff fd13 	bl	10000420 <_ZL29bmi2_error_codes_print_resulta>
100009fa:	0022      	movs	r2, r4
100009fc:	2102      	movs	r1, #2
100009fe:	2004      	movs	r0, #4
10000a00:	f001 f938 	bl	10001c74 <bmi2_map_data_int>
10000a04:	4683      	mov	fp, r0
10000a06:	f7ff fd0b 	bl	10000420 <_ZL29bmi2_error_codes_print_resulta>
10000a0a:	465b      	mov	r3, fp
10000a0c:	2b00      	cmp	r3, #0
10000a0e:	d00e      	beq.n	10000a2e <_Z16imu_get_rotationP18samwise_adcs_slate+0x10e>
10000a10:	4c67      	ldr	r4, [pc, #412]	@ (10000bb0 <_Z16imu_get_rotationP18samwise_adcs_slate+0x290>)
10000a12:	0020      	movs	r0, r4
10000a14:	f006 fd1e 	bl	10007454 <__wrap_puts>
10000a18:	e7fb      	b.n	10000a12 <_Z16imu_get_rotationP18samwise_adcs_slate+0xf2>
10000a1a:	4e66      	ldr	r6, [pc, #408]	@ (10000bb4 <_Z16imu_get_rotationP18samwise_adcs_slate+0x294>)
10000a1c:	4d66      	ldr	r5, [pc, #408]	@ (10000bb8 <_Z16imu_get_rotationP18samwise_adcs_slate+0x298>)
10000a1e:	4c67      	ldr	r4, [pc, #412]	@ (10000bbc <_Z16imu_get_rotationP18samwise_adcs_slate+0x29c>)
10000a20:	0033      	movs	r3, r6
10000a22:	0029      	movs	r1, r5
10000a24:	0020      	movs	r0, r4
10000a26:	4a66      	ldr	r2, [pc, #408]	@ (10000bc0 <_Z16imu_get_rotationP18samwise_adcs_slate+0x2a0>)
10000a28:	f006 fd98 	bl	1000755c <__wrap_printf>
10000a2c:	e7f8      	b.n	10000a20 <_Z16imu_get_rotationP18samwise_adcs_slate+0x100>
10000a2e:	2154      	movs	r1, #84	@ 0x54
10000a30:	2382      	movs	r3, #130	@ 0x82
10000a32:	aa0c      	add	r2, sp, #48	@ 0x30
10000a34:	1852      	adds	r2, r2, r1
10000a36:	009b      	lsls	r3, r3, #2
10000a38:	8013      	strh	r3, [r2, #0]
10000a3a:	2258      	movs	r2, #88	@ 0x58
10000a3c:	ab0c      	add	r3, sp, #48	@ 0x30
10000a3e:	189b      	adds	r3, r3, r2
10000a40:	465a      	mov	r2, fp
10000a42:	801a      	strh	r2, [r3, #0]
10000a44:	2256      	movs	r2, #86	@ 0x56
10000a46:	ab0c      	add	r3, sp, #48	@ 0x30
10000a48:	189b      	adds	r3, r3, r2
10000a4a:	464a      	mov	r2, r9
10000a4c:	3953      	subs	r1, #83	@ 0x53
10000a4e:	701a      	strb	r2, [r3, #0]
10000a50:	a820      	add	r0, sp, #128	@ 0x80
10000a52:	0022      	movs	r2, r4
10000a54:	f001 fb4a 	bl	100020ec <bmi2_set_sensor_config>
10000a58:	4683      	mov	fp, r0
10000a5a:	f7ff fce1 	bl	10000420 <_ZL29bmi2_error_codes_print_resulta>
10000a5e:	465b      	mov	r3, fp
10000a60:	2b00      	cmp	r3, #0
10000a62:	d1ba      	bne.n	100009da <_Z16imu_get_rotationP18samwise_adcs_slate+0xba>
10000a64:	a80c      	add	r0, sp, #48	@ 0x30
10000a66:	4684      	mov	ip, r0
10000a68:	2326      	movs	r3, #38	@ 0x26
10000a6a:	4463      	add	r3, ip
10000a6c:	0018      	movs	r0, r3
10000a6e:	0022      	movs	r2, r4
10000a70:	2101      	movs	r1, #1
10000a72:	f000 ffa5 	bl	100019c0 <bmi2_sensor_enable>
10000a76:	f7ff fcd3 	bl	10000420 <_ZL29bmi2_error_codes_print_resulta>
10000a7a:	980d      	ldr	r0, [sp, #52]	@ 0x34
10000a7c:	f006 fcea 	bl	10007454 <__wrap_puts>
10000a80:	465b      	mov	r3, fp
10000a82:	46ab      	mov	fp, r5
10000a84:	9311      	str	r3, [sp, #68]	@ 0x44
10000a86:	0021      	movs	r1, r4
10000a88:	a816      	add	r0, sp, #88	@ 0x58
10000a8a:	f001 f891 	bl	10001bb0 <bmi2_get_sensor_data>
10000a8e:	0005      	movs	r5, r0
10000a90:	f7ff fcc6 	bl	10000420 <_ZL29bmi2_error_codes_print_resulta>
10000a94:	2d00      	cmp	r5, #0
10000a96:	d1f6      	bne.n	10000a86 <_Z16imu_get_rotationP18samwise_adcs_slate+0x166>
10000a98:	2128      	movs	r1, #40	@ 0x28
10000a9a:	2324      	movs	r3, #36	@ 0x24
10000a9c:	aa0c      	add	r2, sp, #48	@ 0x30
10000a9e:	1852      	adds	r2, r2, r1
10000aa0:	5cd3      	ldrb	r3, [r2, r3]
10000aa2:	065b      	lsls	r3, r3, #25
10000aa4:	d5ef      	bpl.n	10000a86 <_Z16imu_get_rotationP18samwise_adcs_slate+0x166>
10000aa6:	ab0c      	add	r3, sp, #48	@ 0x30
10000aa8:	2234      	movs	r2, #52	@ 0x34
10000aaa:	5e9b      	ldrsh	r3, [r3, r2]
10000aac:	930e      	str	r3, [sp, #56]	@ 0x38
10000aae:	7b20      	ldrb	r0, [r4, #12]
10000ab0:	f004 fc34 	bl	1000531c <__wrap___aeabi_ui2f>
10000ab4:	1c05      	adds	r5, r0, #0
10000ab6:	1c01      	adds	r1, r0, #0
10000ab8:	2080      	movs	r0, #128	@ 0x80
10000aba:	05c0      	lsls	r0, r0, #23
10000abc:	f004 fda4 	bl	10005608 <__wrap_powf>
10000ac0:	9013      	str	r0, [sp, #76]	@ 0x4c
10000ac2:	2080      	movs	r0, #128	@ 0x80
10000ac4:	aa0c      	add	r2, sp, #48	@ 0x30
10000ac6:	2136      	movs	r1, #54	@ 0x36
10000ac8:	5e52      	ldrsh	r2, [r2, r1]
10000aca:	05c0      	lsls	r0, r0, #23
10000acc:	1c29      	adds	r1, r5, #0
10000ace:	920f      	str	r2, [sp, #60]	@ 0x3c
10000ad0:	f004 fd9a 	bl	10005608 <__wrap_powf>
10000ad4:	9012      	str	r0, [sp, #72]	@ 0x48
10000ad6:	2080      	movs	r0, #128	@ 0x80
10000ad8:	a90c      	add	r1, sp, #48	@ 0x30
10000ada:	2338      	movs	r3, #56	@ 0x38
10000adc:	5ec9      	ldrsh	r1, [r1, r3]
10000ade:	05c0      	lsls	r0, r0, #23
10000ae0:	9110      	str	r1, [sp, #64]	@ 0x40
10000ae2:	1c29      	adds	r1, r5, #0
10000ae4:	f004 fd90 	bl	10005608 <__wrap_powf>
10000ae8:	21fc      	movs	r1, #252	@ 0xfc
10000aea:	0589      	lsls	r1, r1, #22
10000aec:	f004 fbdf 	bl	100052ae <__wrap___aeabi_fmul>
10000af0:	1c01      	adds	r1, r0, #0
10000af2:	4834      	ldr	r0, [pc, #208]	@ (10000bc4 <_Z16imu_get_rotationP18samwise_adcs_slate+0x2a4>)
10000af4:	f004 fbc7 	bl	10005286 <__wrap___aeabi_fdiv>
10000af8:	1c05      	adds	r5, r0, #0
10000afa:	9810      	ldr	r0, [sp, #64]	@ 0x40
10000afc:	f004 fc14 	bl	10005328 <__wrap___aeabi_i2f>
10000b00:	1c01      	adds	r1, r0, #0
10000b02:	1c28      	adds	r0, r5, #0
10000b04:	f004 fbd3 	bl	100052ae <__wrap___aeabi_fmul>
10000b08:	f004 fc68 	bl	100053dc <__wrap___aeabi_f2d>
10000b0c:	9006      	str	r0, [sp, #24]
10000b0e:	9107      	str	r1, [sp, #28]
10000b10:	21fc      	movs	r1, #252	@ 0xfc
10000b12:	9812      	ldr	r0, [sp, #72]	@ 0x48
10000b14:	0589      	lsls	r1, r1, #22
10000b16:	f004 fbca 	bl	100052ae <__wrap___aeabi_fmul>
10000b1a:	1c01      	adds	r1, r0, #0
10000b1c:	4829      	ldr	r0, [pc, #164]	@ (10000bc4 <_Z16imu_get_rotationP18samwise_adcs_slate+0x2a4>)
10000b1e:	f004 fbb2 	bl	10005286 <__wrap___aeabi_fdiv>
10000b22:	1c05      	adds	r5, r0, #0
10000b24:	980f      	ldr	r0, [sp, #60]	@ 0x3c
10000b26:	f004 fbff 	bl	10005328 <__wrap___aeabi_i2f>
10000b2a:	1c01      	adds	r1, r0, #0
10000b2c:	1c28      	adds	r0, r5, #0
10000b2e:	f004 fbbe 	bl	100052ae <__wrap___aeabi_fmul>
10000b32:	f004 fc53 	bl	100053dc <__wrap___aeabi_f2d>
10000b36:	9004      	str	r0, [sp, #16]
10000b38:	9105      	str	r1, [sp, #20]
10000b3a:	21fc      	movs	r1, #252	@ 0xfc
10000b3c:	9813      	ldr	r0, [sp, #76]	@ 0x4c
10000b3e:	0589      	lsls	r1, r1, #22
10000b40:	f004 fbb5 	bl	100052ae <__wrap___aeabi_fmul>
10000b44:	1c01      	adds	r1, r0, #0
10000b46:	481f      	ldr	r0, [pc, #124]	@ (10000bc4 <_Z16imu_get_rotationP18samwise_adcs_slate+0x2a4>)
10000b48:	f004 fb9d 	bl	10005286 <__wrap___aeabi_fdiv>
10000b4c:	1c05      	adds	r5, r0, #0
10000b4e:	980e      	ldr	r0, [sp, #56]	@ 0x38
10000b50:	f004 fbea 	bl	10005328 <__wrap___aeabi_i2f>
10000b54:	1c01      	adds	r1, r0, #0
10000b56:	1c28      	adds	r0, r5, #0
10000b58:	f004 fba9 	bl	100052ae <__wrap___aeabi_fmul>
10000b5c:	f004 fc3e 	bl	100053dc <__wrap___aeabi_f2d>
10000b60:	9d11      	ldr	r5, [sp, #68]	@ 0x44
10000b62:	9002      	str	r0, [sp, #8]
10000b64:	9103      	str	r1, [sp, #12]
10000b66:	9910      	ldr	r1, [sp, #64]	@ 0x40
10000b68:	9b0f      	ldr	r3, [sp, #60]	@ 0x3c
10000b6a:	9100      	str	r1, [sp, #0]
10000b6c:	9a0e      	ldr	r2, [sp, #56]	@ 0x38
10000b6e:	0029      	movs	r1, r5
10000b70:	980c      	ldr	r0, [sp, #48]	@ 0x30
10000b72:	f006 fcf3 	bl	1000755c <__wrap_printf>
10000b76:	002b      	movs	r3, r5
10000b78:	3301      	adds	r3, #1
10000b7a:	b2db      	uxtb	r3, r3
10000b7c:	9311      	str	r3, [sp, #68]	@ 0x44
10000b7e:	2b65      	cmp	r3, #101	@ 0x65
10000b80:	d181      	bne.n	10000a86 <_Z16imu_get_rotationP18samwise_adcs_slate+0x166>
10000b82:	465d      	mov	r5, fp
10000b84:	e729      	b.n	100009da <_Z16imu_get_rotationP18samwise_adcs_slate+0xba>
10000b86:	46c0      	nop			@ (mov r8, r8)
10000b88:	1000af9c 	.word	0x1000af9c
10000b8c:	1000ae8c 	.word	0x1000ae8c
10000b90:	200015d0 	.word	0x200015d0
10000b94:	10000645 	.word	0x10000645
10000b98:	100006d9 	.word	0x100006d9
10000b9c:	100006cd 	.word	0x100006cd
10000ba0:	1000af58 	.word	0x1000af58
10000ba4:	1000afb4 	.word	0x1000afb4
10000ba8:	1000b004 	.word	0x1000b004
10000bac:	1000b02c 	.word	0x1000b02c
10000bb0:	1000af30 	.word	0x1000af30
10000bb4:	1000af78 	.word	0x1000af78
10000bb8:	1000aedc 	.word	0x1000aedc
10000bbc:	1000af18 	.word	0x1000af18
10000bc0:	00000242 	.word	0x00000242
10000bc4:	44fa0000 	.word	0x44fa0000

10000bc8 <bmi2_set_regs.constprop.0>:
10000bc8:	b5f8      	push	{r3, r4, r5, r6, r7, lr}
10000bca:	0006      	movs	r6, r0
10000bcc:	000f      	movs	r7, r1
10000bce:	1e14      	subs	r4, r2, #0
10000bd0:	d04a      	beq.n	10000c68 <bmi2_set_regs.constprop.0+0xa0>
10000bd2:	6b93      	ldr	r3, [r2, #56]	@ 0x38
10000bd4:	2b00      	cmp	r3, #0
10000bd6:	d047      	beq.n	10000c68 <bmi2_set_regs.constprop.0+0xa0>
10000bd8:	6bd5      	ldr	r5, [r2, #60]	@ 0x3c
10000bda:	2d00      	cmp	r5, #0
10000bdc:	d044      	beq.n	10000c68 <bmi2_set_regs.constprop.0+0xa0>
10000bde:	6c13      	ldr	r3, [r2, #64]	@ 0x40
10000be0:	2b00      	cmp	r3, #0
10000be2:	d041      	beq.n	10000c68 <bmi2_set_regs.constprop.0+0xa0>
10000be4:	2900      	cmp	r1, #0
10000be6:	d03f      	beq.n	10000c68 <bmi2_set_regs.constprop.0+0xa0>
10000be8:	7a53      	ldrb	r3, [r2, #9]
10000bea:	2b00      	cmp	r3, #0
10000bec:	d02f      	beq.n	10000c4e <bmi2_set_regs.constprop.0+0x86>
10000bee:	2247      	movs	r2, #71	@ 0x47
10000bf0:	5ca2      	ldrb	r2, [r4, r2]
10000bf2:	6863      	ldr	r3, [r4, #4]
10000bf4:	2a01      	cmp	r2, #1
10000bf6:	d010      	beq.n	10000c1a <bmi2_set_regs.constprop.0+0x52>
10000bf8:	2201      	movs	r2, #1
10000bfa:	0039      	movs	r1, r7
10000bfc:	0030      	movs	r0, r6
10000bfe:	47a8      	blx	r5
10000c00:	6861      	ldr	r1, [r4, #4]
10000c02:	72a0      	strb	r0, [r4, #10]
10000c04:	6c23      	ldr	r3, [r4, #64]	@ 0x40
10000c06:	2002      	movs	r0, #2
10000c08:	4798      	blx	r3
10000c0a:	210a      	movs	r1, #10
10000c0c:	5661      	ldrsb	r1, [r4, r1]
10000c0e:	2e7c      	cmp	r6, #124	@ 0x7c
10000c10:	d012      	beq.n	10000c38 <bmi2_set_regs.constprop.0+0x70>
10000c12:	2900      	cmp	r1, #0
10000c14:	d125      	bne.n	10000c62 <bmi2_set_regs.constprop.0+0x9a>
10000c16:	2000      	movs	r0, #0
10000c18:	bdf8      	pop	{r3, r4, r5, r6, r7, pc}
10000c1a:	0039      	movs	r1, r7
10000c1c:	0030      	movs	r0, r6
10000c1e:	47a8      	blx	r5
10000c20:	72a0      	strb	r0, [r4, #10]
10000c22:	20e1      	movs	r0, #225	@ 0xe1
10000c24:	6861      	ldr	r1, [r4, #4]
10000c26:	6c23      	ldr	r3, [r4, #64]	@ 0x40
10000c28:	0040      	lsls	r0, r0, #1
10000c2a:	4798      	blx	r3
10000c2c:	210a      	movs	r1, #10
10000c2e:	5661      	ldrsb	r1, [r4, r1]
10000c30:	2900      	cmp	r1, #0
10000c32:	d114      	bne.n	10000c5e <bmi2_set_regs.constprop.0+0x96>
10000c34:	2e7c      	cmp	r6, #124	@ 0x7c
10000c36:	d1ee      	bne.n	10000c16 <bmi2_set_regs.constprop.0+0x4e>
10000c38:	2301      	movs	r3, #1
10000c3a:	0018      	movs	r0, r3
10000c3c:	783a      	ldrb	r2, [r7, #0]
10000c3e:	4010      	ands	r0, r2
10000c40:	4213      	tst	r3, r2
10000c42:	d007      	beq.n	10000c54 <bmi2_set_regs.constprop.0+0x8c>
10000c44:	2247      	movs	r2, #71	@ 0x47
10000c46:	54a3      	strb	r3, [r4, r2]
10000c48:	2900      	cmp	r1, #0
10000c4a:	d0e4      	beq.n	10000c16 <bmi2_set_regs.constprop.0+0x4e>
10000c4c:	e009      	b.n	10000c62 <bmi2_set_regs.constprop.0+0x9a>
10000c4e:	337f      	adds	r3, #127	@ 0x7f
10000c50:	401e      	ands	r6, r3
10000c52:	e7cc      	b.n	10000bee <bmi2_set_regs.constprop.0+0x26>
10000c54:	2347      	movs	r3, #71	@ 0x47
10000c56:	54e0      	strb	r0, [r4, r3]
10000c58:	2900      	cmp	r1, #0
10000c5a:	d0dc      	beq.n	10000c16 <bmi2_set_regs.constprop.0+0x4e>
10000c5c:	e001      	b.n	10000c62 <bmi2_set_regs.constprop.0+0x9a>
10000c5e:	2e7c      	cmp	r6, #124	@ 0x7c
10000c60:	d0ea      	beq.n	10000c38 <bmi2_set_regs.constprop.0+0x70>
10000c62:	2002      	movs	r0, #2
10000c64:	4240      	negs	r0, r0
10000c66:	e7d7      	b.n	10000c18 <bmi2_set_regs.constprop.0+0x50>
10000c68:	2001      	movs	r0, #1
10000c6a:	4240      	negs	r0, r0
10000c6c:	e7d4      	b.n	10000c18 <bmi2_set_regs.constprop.0+0x50>
10000c6e:	46c0      	nop			@ (mov r8, r8)

10000c70 <bmi2_set_regs.constprop.1>:
10000c70:	b5f0      	push	{r4, r5, r6, r7, lr}
10000c72:	464f      	mov	r7, r9
10000c74:	4646      	mov	r6, r8
10000c76:	46d6      	mov	lr, sl
10000c78:	4680      	mov	r8, r0
10000c7a:	b5c0      	push	{r6, r7, lr}
10000c7c:	0014      	movs	r4, r2
10000c7e:	000f      	movs	r7, r1
10000c80:	2a00      	cmp	r2, #0
10000c82:	d100      	bne.n	10000c86 <bmi2_set_regs.constprop.1+0x16>
10000c84:	e079      	b.n	10000d7a <bmi2_set_regs.constprop.1+0x10a>
10000c86:	6b93      	ldr	r3, [r2, #56]	@ 0x38
10000c88:	2b00      	cmp	r3, #0
10000c8a:	d100      	bne.n	10000c8e <bmi2_set_regs.constprop.1+0x1e>
10000c8c:	e075      	b.n	10000d7a <bmi2_set_regs.constprop.1+0x10a>
10000c8e:	6bd6      	ldr	r6, [r2, #60]	@ 0x3c
10000c90:	2e00      	cmp	r6, #0
10000c92:	d100      	bne.n	10000c96 <bmi2_set_regs.constprop.1+0x26>
10000c94:	e071      	b.n	10000d7a <bmi2_set_regs.constprop.1+0x10a>
10000c96:	6c13      	ldr	r3, [r2, #64]	@ 0x40
10000c98:	2b00      	cmp	r3, #0
10000c9a:	d100      	bne.n	10000c9e <bmi2_set_regs.constprop.1+0x2e>
10000c9c:	e06d      	b.n	10000d7a <bmi2_set_regs.constprop.1+0x10a>
10000c9e:	2900      	cmp	r1, #0
10000ca0:	d06b      	beq.n	10000d7a <bmi2_set_regs.constprop.1+0x10a>
10000ca2:	7a53      	ldrb	r3, [r2, #9]
10000ca4:	2b00      	cmp	r3, #0
10000ca6:	d01a      	beq.n	10000cde <bmi2_set_regs.constprop.1+0x6e>
10000ca8:	2547      	movs	r5, #71	@ 0x47
10000caa:	5d63      	ldrb	r3, [r4, r5]
10000cac:	2b01      	cmp	r3, #1
10000cae:	d01e      	beq.n	10000cee <bmi2_set_regs.constprop.1+0x7e>
10000cb0:	2202      	movs	r2, #2
10000cb2:	0039      	movs	r1, r7
10000cb4:	6863      	ldr	r3, [r4, #4]
10000cb6:	4640      	mov	r0, r8
10000cb8:	47b0      	blx	r6
10000cba:	6c23      	ldr	r3, [r4, #64]	@ 0x40
10000cbc:	72a0      	strb	r0, [r4, #10]
10000cbe:	6861      	ldr	r1, [r4, #4]
10000cc0:	2002      	movs	r0, #2
10000cc2:	4798      	blx	r3
10000cc4:	230a      	movs	r3, #10
10000cc6:	4642      	mov	r2, r8
10000cc8:	56e3      	ldrsb	r3, [r4, r3]
10000cca:	2a7c      	cmp	r2, #124	@ 0x7c
10000ccc:	d045      	beq.n	10000d5a <bmi2_set_regs.constprop.1+0xea>
10000cce:	2b00      	cmp	r3, #0
10000cd0:	d140      	bne.n	10000d54 <bmi2_set_regs.constprop.1+0xe4>
10000cd2:	2000      	movs	r0, #0
10000cd4:	bce0      	pop	{r5, r6, r7}
10000cd6:	46ba      	mov	sl, r7
10000cd8:	46b1      	mov	r9, r6
10000cda:	46a8      	mov	r8, r5
10000cdc:	bdf0      	pop	{r4, r5, r6, r7, pc}
10000cde:	0002      	movs	r2, r0
10000ce0:	2547      	movs	r5, #71	@ 0x47
10000ce2:	337f      	adds	r3, #127	@ 0x7f
10000ce4:	401a      	ands	r2, r3
10000ce6:	5d63      	ldrb	r3, [r4, r5]
10000ce8:	4690      	mov	r8, r2
10000cea:	2b01      	cmp	r3, #1
10000cec:	d1e0      	bne.n	10000cb0 <bmi2_set_regs.constprop.1+0x40>
10000cee:	1cbb      	adds	r3, r7, #2
10000cf0:	469a      	mov	sl, r3
10000cf2:	4643      	mov	r3, r8
10000cf4:	1bdb      	subs	r3, r3, r7
10000cf6:	003d      	movs	r5, r7
10000cf8:	4699      	mov	r9, r3
10000cfa:	e000      	b.n	10000cfe <bmi2_set_regs.constprop.1+0x8e>
10000cfc:	6be6      	ldr	r6, [r4, #60]	@ 0x3c
10000cfe:	464a      	mov	r2, r9
10000d00:	1950      	adds	r0, r2, r5
10000d02:	0029      	movs	r1, r5
10000d04:	2201      	movs	r2, #1
10000d06:	6863      	ldr	r3, [r4, #4]
10000d08:	b2c0      	uxtb	r0, r0
10000d0a:	47b0      	blx	r6
10000d0c:	72a0      	strb	r0, [r4, #10]
10000d0e:	20e1      	movs	r0, #225	@ 0xe1
10000d10:	6c23      	ldr	r3, [r4, #64]	@ 0x40
10000d12:	6861      	ldr	r1, [r4, #4]
10000d14:	0040      	lsls	r0, r0, #1
10000d16:	4798      	blx	r3
10000d18:	230a      	movs	r3, #10
10000d1a:	56e3      	ldrsb	r3, [r4, r3]
10000d1c:	2b00      	cmp	r3, #0
10000d1e:	d10e      	bne.n	10000d3e <bmi2_set_regs.constprop.1+0xce>
10000d20:	3501      	adds	r5, #1
10000d22:	4555      	cmp	r5, sl
10000d24:	d1ea      	bne.n	10000cfc <bmi2_set_regs.constprop.1+0x8c>
10000d26:	4643      	mov	r3, r8
10000d28:	2b7c      	cmp	r3, #124	@ 0x7c
10000d2a:	d1d2      	bne.n	10000cd2 <bmi2_set_regs.constprop.1+0x62>
10000d2c:	3b7b      	subs	r3, #123	@ 0x7b
10000d2e:	0019      	movs	r1, r3
10000d30:	783a      	ldrb	r2, [r7, #0]
10000d32:	4011      	ands	r1, r2
10000d34:	4213      	tst	r3, r2
10000d36:	d01d      	beq.n	10000d74 <bmi2_set_regs.constprop.1+0x104>
10000d38:	2247      	movs	r2, #71	@ 0x47
10000d3a:	54a3      	strb	r3, [r4, r2]
10000d3c:	e7c9      	b.n	10000cd2 <bmi2_set_regs.constprop.1+0x62>
10000d3e:	4643      	mov	r3, r8
10000d40:	2b7c      	cmp	r3, #124	@ 0x7c
10000d42:	d107      	bne.n	10000d54 <bmi2_set_regs.constprop.1+0xe4>
10000d44:	3b7b      	subs	r3, #123	@ 0x7b
10000d46:	0019      	movs	r1, r3
10000d48:	783a      	ldrb	r2, [r7, #0]
10000d4a:	4011      	ands	r1, r2
10000d4c:	4213      	tst	r3, r2
10000d4e:	d00c      	beq.n	10000d6a <bmi2_set_regs.constprop.1+0xfa>
10000d50:	2247      	movs	r2, #71	@ 0x47
10000d52:	54a3      	strb	r3, [r4, r2]
10000d54:	2002      	movs	r0, #2
10000d56:	4240      	negs	r0, r0
10000d58:	e7bc      	b.n	10000cd4 <bmi2_set_regs.constprop.1+0x64>
10000d5a:	3a7b      	subs	r2, #123	@ 0x7b
10000d5c:	0010      	movs	r0, r2
10000d5e:	7839      	ldrb	r1, [r7, #0]
10000d60:	4008      	ands	r0, r1
10000d62:	420a      	tst	r2, r1
10000d64:	d004      	beq.n	10000d70 <bmi2_set_regs.constprop.1+0x100>
10000d66:	5562      	strb	r2, [r4, r5]
10000d68:	e7b1      	b.n	10000cce <bmi2_set_regs.constprop.1+0x5e>
10000d6a:	2347      	movs	r3, #71	@ 0x47
10000d6c:	54e1      	strb	r1, [r4, r3]
10000d6e:	e7f1      	b.n	10000d54 <bmi2_set_regs.constprop.1+0xe4>
10000d70:	5560      	strb	r0, [r4, r5]
10000d72:	e7ac      	b.n	10000cce <bmi2_set_regs.constprop.1+0x5e>
10000d74:	2347      	movs	r3, #71	@ 0x47
10000d76:	54e1      	strb	r1, [r4, r3]
10000d78:	e7ab      	b.n	10000cd2 <bmi2_set_regs.constprop.1+0x62>
10000d7a:	2001      	movs	r0, #1
10000d7c:	4240      	negs	r0, r0
10000d7e:	e7a9      	b.n	10000cd4 <bmi2_set_regs.constprop.1+0x64>

10000d80 <bmi2_get_regs.constprop.0>:
10000d80:	b5f0      	push	{r4, r5, r6, r7, lr}
10000d82:	000d      	movs	r5, r1
10000d84:	0014      	movs	r4, r2
10000d86:	b0a1      	sub	sp, #132	@ 0x84
10000d88:	2a00      	cmp	r2, #0
10000d8a:	d037      	beq.n	10000dfc <bmi2_get_regs.constprop.0+0x7c>
10000d8c:	6b96      	ldr	r6, [r2, #56]	@ 0x38
10000d8e:	2e00      	cmp	r6, #0
10000d90:	d034      	beq.n	10000dfc <bmi2_get_regs.constprop.0+0x7c>
10000d92:	6bd3      	ldr	r3, [r2, #60]	@ 0x3c
10000d94:	2b00      	cmp	r3, #0
10000d96:	d031      	beq.n	10000dfc <bmi2_get_regs.constprop.0+0x7c>
10000d98:	6c13      	ldr	r3, [r2, #64]	@ 0x40
10000d9a:	2b00      	cmp	r3, #0
10000d9c:	d02e      	beq.n	10000dfc <bmi2_get_regs.constprop.0+0x7c>
10000d9e:	2900      	cmp	r1, #0
10000da0:	d02c      	beq.n	10000dfc <bmi2_get_regs.constprop.0+0x7c>
10000da2:	7a53      	ldrb	r3, [r2, #9]
10000da4:	2b00      	cmp	r3, #0
10000da6:	d022      	beq.n	10000dee <bmi2_get_regs.constprop.0+0x6e>
10000da8:	7ae2      	ldrb	r2, [r4, #11]
10000daa:	6863      	ldr	r3, [r4, #4]
10000dac:	3201      	adds	r2, #1
10000dae:	4669      	mov	r1, sp
10000db0:	47b0      	blx	r6
10000db2:	0006      	movs	r6, r0
10000db4:	4f1a      	ldr	r7, [pc, #104]	@ (10000e20 <bmi2_get_regs.constprop.0+0xa0>)
10000db6:	0001      	movs	r1, r0
10000db8:	0038      	movs	r0, r7
10000dba:	f006 fbcf 	bl	1000755c <__wrap_printf>
10000dbe:	7ae3      	ldrb	r3, [r4, #11]
10000dc0:	6861      	ldr	r1, [r4, #4]
10000dc2:	3301      	adds	r3, #1
10000dc4:	1b9b      	subs	r3, r3, r6
10000dc6:	1e5a      	subs	r2, r3, #1
10000dc8:	4193      	sbcs	r3, r2
10000dca:	72a3      	strb	r3, [r4, #10]
10000dcc:	2347      	movs	r3, #71	@ 0x47
10000dce:	5ce3      	ldrb	r3, [r4, r3]
10000dd0:	6c22      	ldr	r2, [r4, #64]	@ 0x40
10000dd2:	2b01      	cmp	r3, #1
10000dd4:	d00e      	beq.n	10000df4 <bmi2_get_regs.constprop.0+0x74>
10000dd6:	2002      	movs	r0, #2
10000dd8:	4790      	blx	r2
10000dda:	200a      	movs	r0, #10
10000ddc:	5620      	ldrsb	r0, [r4, r0]
10000dde:	2800      	cmp	r0, #0
10000de0:	d10f      	bne.n	10000e02 <bmi2_get_regs.constprop.0+0x82>
10000de2:	466a      	mov	r2, sp
10000de4:	7ae3      	ldrb	r3, [r4, #11]
10000de6:	5cd3      	ldrb	r3, [r2, r3]
10000de8:	702b      	strb	r3, [r5, #0]
10000dea:	b021      	add	sp, #132	@ 0x84
10000dec:	bdf0      	pop	{r4, r5, r6, r7, pc}
10000dee:	3380      	adds	r3, #128	@ 0x80
10000df0:	4318      	orrs	r0, r3
10000df2:	e7d9      	b.n	10000da8 <bmi2_get_regs.constprop.0+0x28>
10000df4:	20e1      	movs	r0, #225	@ 0xe1
10000df6:	0040      	lsls	r0, r0, #1
10000df8:	4790      	blx	r2
10000dfa:	e7ee      	b.n	10000dda <bmi2_get_regs.constprop.0+0x5a>
10000dfc:	2001      	movs	r0, #1
10000dfe:	4240      	negs	r0, r0
10000e00:	e7f3      	b.n	10000dea <bmi2_get_regs.constprop.0+0x6a>
10000e02:	4808      	ldr	r0, [pc, #32]	@ (10000e24 <bmi2_get_regs.constprop.0+0xa4>)
10000e04:	f006 fb26 	bl	10007454 <__wrap_puts>
10000e08:	0031      	movs	r1, r6
10000e0a:	0038      	movs	r0, r7
10000e0c:	f006 fba6 	bl	1000755c <__wrap_printf>
10000e10:	7ae1      	ldrb	r1, [r4, #11]
10000e12:	4805      	ldr	r0, [pc, #20]	@ (10000e28 <bmi2_get_regs.constprop.0+0xa8>)
10000e14:	3101      	adds	r1, #1
10000e16:	f006 fba1 	bl	1000755c <__wrap_printf>
10000e1a:	2002      	movs	r0, #2
10000e1c:	4240      	negs	r0, r0
10000e1e:	e7e4      	b.n	10000dea <bmi2_get_regs.constprop.0+0x6a>
10000e20:	1000b03c 	.word	0x1000b03c
10000e24:	1000b054 	.word	0x1000b054
10000e28:	1000b064 	.word	0x1000b064

10000e2c <set_accel_config>:
10000e2c:	b570      	push	{r4, r5, r6, lr}
10000e2e:	7882      	ldrb	r2, [r0, #2]
10000e30:	b082      	sub	sp, #8
10000e32:	000c      	movs	r4, r1
10000e34:	a901      	add	r1, sp, #4
10000e36:	2a01      	cmp	r2, #1
10000e38:	d906      	bls.n	10000e48 <set_accel_config+0x1c>
10000e3a:	2301      	movs	r3, #1
10000e3c:	2202      	movs	r2, #2
10000e3e:	7083      	strb	r3, [r0, #2]
10000e40:	7a23      	ldrb	r3, [r4, #8]
10000e42:	4313      	orrs	r3, r2
10000e44:	7223      	strb	r3, [r4, #8]
10000e46:	7882      	ldrb	r2, [r0, #2]
10000e48:	7843      	ldrb	r3, [r0, #1]
10000e4a:	2a01      	cmp	r2, #1
10000e4c:	d035      	beq.n	10000eba <set_accel_config+0x8e>
10000e4e:	2b07      	cmp	r3, #7
10000e50:	d82b      	bhi.n	10000eaa <set_accel_config+0x7e>
10000e52:	011b      	lsls	r3, r3, #4
10000e54:	b25d      	sxtb	r5, r3
10000e56:	7803      	ldrb	r3, [r0, #0]
10000e58:	2b00      	cmp	r3, #0
10000e5a:	d106      	bne.n	10000e6a <set_accel_config+0x3e>
10000e5c:	2601      	movs	r6, #1
10000e5e:	3301      	adds	r3, #1
10000e60:	7003      	strb	r3, [r0, #0]
10000e62:	7a23      	ldrb	r3, [r4, #8]
10000e64:	4333      	orrs	r3, r6
10000e66:	7223      	strb	r3, [r4, #8]
10000e68:	7803      	ldrb	r3, [r0, #0]
10000e6a:	2b0c      	cmp	r3, #12
10000e6c:	d906      	bls.n	10000e7c <set_accel_config+0x50>
10000e6e:	230c      	movs	r3, #12
10000e70:	2602      	movs	r6, #2
10000e72:	7003      	strb	r3, [r0, #0]
10000e74:	7a23      	ldrb	r3, [r4, #8]
10000e76:	4333      	orrs	r3, r6
10000e78:	7223      	strb	r3, [r4, #8]
10000e7a:	230c      	movs	r3, #12
10000e7c:	78c6      	ldrb	r6, [r0, #3]
10000e7e:	2e03      	cmp	r6, #3
10000e80:	d906      	bls.n	10000e90 <set_accel_config+0x64>
10000e82:	2603      	movs	r6, #3
10000e84:	70c6      	strb	r6, [r0, #3]
10000e86:	2602      	movs	r6, #2
10000e88:	7a20      	ldrb	r0, [r4, #8]
10000e8a:	4330      	orrs	r0, r6
10000e8c:	2603      	movs	r6, #3
10000e8e:	7220      	strb	r0, [r4, #8]
10000e90:	01d2      	lsls	r2, r2, #7
10000e92:	432a      	orrs	r2, r5
10000e94:	4313      	orrs	r3, r2
10000e96:	2040      	movs	r0, #64	@ 0x40
10000e98:	0022      	movs	r2, r4
10000e9a:	700b      	strb	r3, [r1, #0]
10000e9c:	704e      	strb	r6, [r1, #1]
10000e9e:	f7ff fee7 	bl	10000c70 <bmi2_set_regs.constprop.1>
10000ea2:	2800      	cmp	r0, #0
10000ea4:	d013      	beq.n	10000ece <set_accel_config+0xa2>
10000ea6:	b002      	add	sp, #8
10000ea8:	bd70      	pop	{r4, r5, r6, pc}
10000eaa:	2307      	movs	r3, #7
10000eac:	2502      	movs	r5, #2
10000eae:	7043      	strb	r3, [r0, #1]
10000eb0:	7a23      	ldrb	r3, [r4, #8]
10000eb2:	432b      	orrs	r3, r5
10000eb4:	7223      	strb	r3, [r4, #8]
10000eb6:	2570      	movs	r5, #112	@ 0x70
10000eb8:	e7cd      	b.n	10000e56 <set_accel_config+0x2a>
10000eba:	2b03      	cmp	r3, #3
10000ebc:	d9c9      	bls.n	10000e52 <set_accel_config+0x26>
10000ebe:	2303      	movs	r3, #3
10000ec0:	2502      	movs	r5, #2
10000ec2:	7043      	strb	r3, [r0, #1]
10000ec4:	7a23      	ldrb	r3, [r4, #8]
10000ec6:	432b      	orrs	r3, r5
10000ec8:	7223      	strb	r3, [r4, #8]
10000eca:	2530      	movs	r5, #48	@ 0x30
10000ecc:	e7c3      	b.n	10000e56 <set_accel_config+0x2a>
10000ece:	466b      	mov	r3, sp
10000ed0:	0022      	movs	r2, r4
10000ed2:	1cd9      	adds	r1, r3, #3
10000ed4:	301b      	adds	r0, #27
10000ed6:	f7ff ff53 	bl	10000d80 <bmi2_get_regs.constprop.0>
10000eda:	2800      	cmp	r0, #0
10000edc:	d1e3      	bne.n	10000ea6 <set_accel_config+0x7a>
10000ede:	466b      	mov	r3, sp
10000ee0:	78db      	ldrb	r3, [r3, #3]
10000ee2:	06db      	lsls	r3, r3, #27
10000ee4:	0f5b      	lsrs	r3, r3, #29
10000ee6:	1e5a      	subs	r2, r3, #1
10000ee8:	2a02      	cmp	r2, #2
10000eea:	d8dc      	bhi.n	10000ea6 <set_accel_config+0x7a>
10000eec:	3804      	subs	r0, #4
10000eee:	1ac0      	subs	r0, r0, r3
10000ef0:	e7d9      	b.n	10000ea6 <set_accel_config+0x7a>
10000ef2:	46c0      	nop			@ (mov r8, r8)

10000ef4 <bmi2_get_regs.constprop.3>:
10000ef4:	b5f0      	push	{r4, r5, r6, r7, lr}
10000ef6:	46c6      	mov	lr, r8
10000ef8:	b500      	push	{lr}
10000efa:	000d      	movs	r5, r1
10000efc:	0014      	movs	r4, r2
10000efe:	b0a0      	sub	sp, #128	@ 0x80
10000f00:	2a00      	cmp	r2, #0
10000f02:	d03e      	beq.n	10000f82 <bmi2_get_regs.constprop.3+0x8e>
10000f04:	6b97      	ldr	r7, [r2, #56]	@ 0x38
10000f06:	2f00      	cmp	r7, #0
10000f08:	d03b      	beq.n	10000f82 <bmi2_get_regs.constprop.3+0x8e>
10000f0a:	6bd3      	ldr	r3, [r2, #60]	@ 0x3c
10000f0c:	2b00      	cmp	r3, #0
10000f0e:	d038      	beq.n	10000f82 <bmi2_get_regs.constprop.3+0x8e>
10000f10:	6c13      	ldr	r3, [r2, #64]	@ 0x40
10000f12:	2b00      	cmp	r3, #0
10000f14:	d035      	beq.n	10000f82 <bmi2_get_regs.constprop.3+0x8e>
10000f16:	2900      	cmp	r1, #0
10000f18:	d033      	beq.n	10000f82 <bmi2_get_regs.constprop.3+0x8e>
10000f1a:	7a53      	ldrb	r3, [r2, #9]
10000f1c:	2b00      	cmp	r3, #0
10000f1e:	d029      	beq.n	10000f74 <bmi2_get_regs.constprop.3+0x80>
10000f20:	7ae2      	ldrb	r2, [r4, #11]
10000f22:	4669      	mov	r1, sp
10000f24:	3202      	adds	r2, #2
10000f26:	6863      	ldr	r3, [r4, #4]
10000f28:	47b8      	blx	r7
10000f2a:	0007      	movs	r7, r0
10000f2c:	4b1e      	ldr	r3, [pc, #120]	@ (10000fa8 <bmi2_get_regs.constprop.3+0xb4>)
10000f2e:	0001      	movs	r1, r0
10000f30:	0018      	movs	r0, r3
10000f32:	4698      	mov	r8, r3
10000f34:	f006 fb12 	bl	1000755c <__wrap_printf>
10000f38:	7ae3      	ldrb	r3, [r4, #11]
10000f3a:	466e      	mov	r6, sp
10000f3c:	3302      	adds	r3, #2
10000f3e:	1bdb      	subs	r3, r3, r7
10000f40:	1e5a      	subs	r2, r3, #1
10000f42:	4193      	sbcs	r3, r2
10000f44:	72a3      	strb	r3, [r4, #10]
10000f46:	2347      	movs	r3, #71	@ 0x47
10000f48:	5ce3      	ldrb	r3, [r4, r3]
10000f4a:	6c22      	ldr	r2, [r4, #64]	@ 0x40
10000f4c:	6861      	ldr	r1, [r4, #4]
10000f4e:	2b01      	cmp	r3, #1
10000f50:	d013      	beq.n	10000f7a <bmi2_get_regs.constprop.3+0x86>
10000f52:	2002      	movs	r0, #2
10000f54:	4790      	blx	r2
10000f56:	200a      	movs	r0, #10
10000f58:	5620      	ldrsb	r0, [r4, r0]
10000f5a:	2800      	cmp	r0, #0
10000f5c:	d114      	bne.n	10000f88 <bmi2_get_regs.constprop.3+0x94>
10000f5e:	7ae3      	ldrb	r3, [r4, #11]
10000f60:	5cf3      	ldrb	r3, [r6, r3]
10000f62:	702b      	strb	r3, [r5, #0]
10000f64:	7ae3      	ldrb	r3, [r4, #11]
10000f66:	18f6      	adds	r6, r6, r3
10000f68:	7873      	ldrb	r3, [r6, #1]
10000f6a:	706b      	strb	r3, [r5, #1]
10000f6c:	b020      	add	sp, #128	@ 0x80
10000f6e:	bc80      	pop	{r7}
10000f70:	46b8      	mov	r8, r7
10000f72:	bdf0      	pop	{r4, r5, r6, r7, pc}
10000f74:	3380      	adds	r3, #128	@ 0x80
10000f76:	4318      	orrs	r0, r3
10000f78:	e7d2      	b.n	10000f20 <bmi2_get_regs.constprop.3+0x2c>
10000f7a:	20e1      	movs	r0, #225	@ 0xe1
10000f7c:	0040      	lsls	r0, r0, #1
10000f7e:	4790      	blx	r2
10000f80:	e7e9      	b.n	10000f56 <bmi2_get_regs.constprop.3+0x62>
10000f82:	2001      	movs	r0, #1
10000f84:	4240      	negs	r0, r0
10000f86:	e7f1      	b.n	10000f6c <bmi2_get_regs.constprop.3+0x78>
10000f88:	4808      	ldr	r0, [pc, #32]	@ (10000fac <bmi2_get_regs.constprop.3+0xb8>)
10000f8a:	f006 fa63 	bl	10007454 <__wrap_puts>
10000f8e:	0039      	movs	r1, r7
10000f90:	4640      	mov	r0, r8
10000f92:	f006 fae3 	bl	1000755c <__wrap_printf>
10000f96:	7ae1      	ldrb	r1, [r4, #11]
10000f98:	4805      	ldr	r0, [pc, #20]	@ (10000fb0 <bmi2_get_regs.constprop.3+0xbc>)
10000f9a:	3102      	adds	r1, #2
10000f9c:	f006 fade 	bl	1000755c <__wrap_printf>
10000fa0:	2002      	movs	r0, #2
10000fa2:	4240      	negs	r0, r0
10000fa4:	e7e2      	b.n	10000f6c <bmi2_get_regs.constprop.3+0x78>
10000fa6:	46c0      	nop			@ (mov r8, r8)
10000fa8:	1000b03c 	.word	0x1000b03c
10000fac:	1000b054 	.word	0x1000b054
10000fb0:	1000b064 	.word	0x1000b064

10000fb4 <get_aux_config>:
10000fb4:	b5f0      	push	{r4, r5, r6, r7, lr}
10000fb6:	0005      	movs	r5, r0
10000fb8:	000c      	movs	r4, r1
10000fba:	b083      	sub	sp, #12
10000fbc:	2900      	cmp	r1, #0
10000fbe:	d048      	beq.n	10001052 <get_aux_config+0x9e>
10000fc0:	6b8b      	ldr	r3, [r1, #56]	@ 0x38
10000fc2:	2b00      	cmp	r3, #0
10000fc4:	d045      	beq.n	10001052 <get_aux_config+0x9e>
10000fc6:	6bcb      	ldr	r3, [r1, #60]	@ 0x3c
10000fc8:	2b00      	cmp	r3, #0
10000fca:	d042      	beq.n	10001052 <get_aux_config+0x9e>
10000fcc:	6c0b      	ldr	r3, [r1, #64]	@ 0x40
10000fce:	2b00      	cmp	r3, #0
10000fd0:	d03f      	beq.n	10001052 <get_aux_config+0x9e>
10000fd2:	ae01      	add	r6, sp, #4
10000fd4:	000a      	movs	r2, r1
10000fd6:	206b      	movs	r0, #107	@ 0x6b
10000fd8:	0031      	movs	r1, r6
10000fda:	f7ff fed1 	bl	10000d80 <bmi2_get_regs.constprop.0>
10000fde:	2800      	cmp	r0, #0
10000fe0:	d12c      	bne.n	1000103c <get_aux_config+0x88>
10000fe2:	2701      	movs	r7, #1
10000fe4:	7833      	ldrb	r3, [r6, #0]
10000fe6:	0022      	movs	r2, r4
10000fe8:	115b      	asrs	r3, r3, #5
10000fea:	403b      	ands	r3, r7
10000fec:	8030      	strh	r0, [r6, #0]
10000fee:	0031      	movs	r1, r6
10000ff0:	702b      	strb	r3, [r5, #0]
10000ff2:	304b      	adds	r0, #75	@ 0x4b
10000ff4:	f7ff ff7e 	bl	10000ef4 <bmi2_get_regs.constprop.3>
10000ff8:	2800      	cmp	r0, #0
10000ffa:	d11f      	bne.n	1000103c <get_aux_config+0x88>
10000ffc:	7833      	ldrb	r3, [r6, #0]
10000ffe:	7872      	ldrb	r2, [r6, #1]
10001000:	085b      	lsrs	r3, r3, #1
10001002:	71eb      	strb	r3, [r5, #7]
10001004:	1193      	asrs	r3, r2, #6
10001006:	401f      	ands	r7, r3
10001008:	2303      	movs	r3, #3
1000100a:	1091      	asrs	r1, r2, #2
1000100c:	4019      	ands	r1, r3
1000100e:	09d0      	lsrs	r0, r2, #7
10001010:	4013      	ands	r3, r2
10001012:	7068      	strb	r0, [r5, #1]
10001014:	70af      	strb	r7, [r5, #2]
10001016:	70e9      	strb	r1, [r5, #3]
10001018:	712b      	strb	r3, [r5, #4]
1000101a:	2800      	cmp	r0, #0
1000101c:	d010      	beq.n	10001040 <get_aux_config+0x8c>
1000101e:	466b      	mov	r3, sp
10001020:	0022      	movs	r2, r4
10001022:	2044      	movs	r0, #68	@ 0x44
10001024:	1cd9      	adds	r1, r3, #3
10001026:	f7ff feab 	bl	10000d80 <bmi2_get_regs.constprop.0>
1000102a:	2800      	cmp	r0, #0
1000102c:	d106      	bne.n	1000103c <get_aux_config+0x88>
1000102e:	466b      	mov	r3, sp
10001030:	78da      	ldrb	r2, [r3, #3]
10001032:	0913      	lsrs	r3, r2, #4
10001034:	71ab      	strb	r3, [r5, #6]
10001036:	230f      	movs	r3, #15
10001038:	4013      	ands	r3, r2
1000103a:	716b      	strb	r3, [r5, #5]
1000103c:	b003      	add	sp, #12
1000103e:	bdf0      	pop	{r4, r5, r6, r7, pc}
10001040:	0029      	movs	r1, r5
10001042:	0022      	movs	r2, r4
10001044:	204d      	movs	r0, #77	@ 0x4d
10001046:	3108      	adds	r1, #8
10001048:	f7ff fe9a 	bl	10000d80 <bmi2_get_regs.constprop.0>
1000104c:	2800      	cmp	r0, #0
1000104e:	d1f5      	bne.n	1000103c <get_aux_config+0x88>
10001050:	e7e5      	b.n	1000101e <get_aux_config+0x6a>
10001052:	2001      	movs	r0, #1
10001054:	4240      	negs	r0, r0
10001056:	e7f1      	b.n	1000103c <get_aux_config+0x88>

10001058 <get_remapped_data.isra.0>:
10001058:	b5f0      	push	{r4, r5, r6, r7, lr}
1000105a:	46c6      	mov	lr, r8
1000105c:	b500      	push	{lr}
1000105e:	b082      	sub	sp, #8
10001060:	ac08      	add	r4, sp, #32
10001062:	7827      	ldrb	r7, [r4, #0]
10001064:	ac09      	add	r4, sp, #36	@ 0x24
10001066:	7826      	ldrb	r6, [r4, #0]
10001068:	ac0a      	add	r4, sp, #40	@ 0x28
1000106a:	7825      	ldrb	r5, [r4, #0]
1000106c:	6804      	ldr	r4, [r0, #0]
1000106e:	4698      	mov	r8, r3
10001070:	9400      	str	r4, [sp, #0]
10001072:	466c      	mov	r4, sp
10001074:	8883      	ldrh	r3, [r0, #4]
10001076:	0049      	lsls	r1, r1, #1
10001078:	80a3      	strh	r3, [r4, #4]
1000107a:	5e61      	ldrsh	r1, [r4, r1]
1000107c:	2f00      	cmp	r7, #0
1000107e:	d001      	beq.n	10001084 <get_remapped_data.isra.0+0x2c>
10001080:	4249      	negs	r1, r1
10001082:	b209      	sxth	r1, r1
10001084:	0052      	lsls	r2, r2, #1
10001086:	5ea2      	ldrsh	r2, [r4, r2]
10001088:	8001      	strh	r1, [r0, #0]
1000108a:	2e00      	cmp	r6, #0
1000108c:	d001      	beq.n	10001092 <get_remapped_data.isra.0+0x3a>
1000108e:	4252      	negs	r2, r2
10001090:	b212      	sxth	r2, r2
10001092:	4643      	mov	r3, r8
10001094:	005b      	lsls	r3, r3, #1
10001096:	8042      	strh	r2, [r0, #2]
10001098:	5ee3      	ldrsh	r3, [r4, r3]
1000109a:	2d00      	cmp	r5, #0
1000109c:	d001      	beq.n	100010a2 <get_remapped_data.isra.0+0x4a>
1000109e:	425b      	negs	r3, r3
100010a0:	b21b      	sxth	r3, r3
100010a2:	8083      	strh	r3, [r0, #4]
100010a4:	b002      	add	sp, #8
100010a6:	bc80      	pop	{r7}
100010a8:	46b8      	mov	r8, r7
100010aa:	bdf0      	pop	{r4, r5, r6, r7, pc}

100010ac <set_gyro_config>:
100010ac:	b5f0      	push	{r4, r5, r6, r7, lr}
100010ae:	7887      	ldrb	r7, [r0, #2]
100010b0:	000c      	movs	r4, r1
100010b2:	b083      	sub	sp, #12
100010b4:	2f01      	cmp	r7, #1
100010b6:	d857      	bhi.n	10001168 <set_gyro_config+0xbc>
100010b8:	01ff      	lsls	r7, r7, #7
100010ba:	b27f      	sxtb	r7, r7
100010bc:	7843      	ldrb	r3, [r0, #1]
100010be:	2b03      	cmp	r3, #3
100010c0:	d849      	bhi.n	10001156 <set_gyro_config+0xaa>
100010c2:	011b      	lsls	r3, r3, #4
100010c4:	b25b      	sxtb	r3, r3
100010c6:	469c      	mov	ip, r3
100010c8:	7942      	ldrb	r2, [r0, #5]
100010ca:	2a01      	cmp	r2, #1
100010cc:	d83b      	bhi.n	10001146 <set_gyro_config+0x9a>
100010ce:	0192      	lsls	r2, r2, #6
100010d0:	b252      	sxtb	r2, r2
100010d2:	7803      	ldrb	r3, [r0, #0]
100010d4:	2b05      	cmp	r3, #5
100010d6:	d806      	bhi.n	100010e6 <set_gyro_config+0x3a>
100010d8:	2306      	movs	r3, #6
100010da:	2101      	movs	r1, #1
100010dc:	7003      	strb	r3, [r0, #0]
100010de:	7a23      	ldrb	r3, [r4, #8]
100010e0:	430b      	orrs	r3, r1
100010e2:	7223      	strb	r3, [r4, #8]
100010e4:	7803      	ldrb	r3, [r0, #0]
100010e6:	2b0d      	cmp	r3, #13
100010e8:	d906      	bls.n	100010f8 <set_gyro_config+0x4c>
100010ea:	230d      	movs	r3, #13
100010ec:	2102      	movs	r1, #2
100010ee:	7003      	strb	r3, [r0, #0]
100010f0:	7a23      	ldrb	r3, [r4, #8]
100010f2:	430b      	orrs	r3, r1
100010f4:	7223      	strb	r3, [r4, #8]
100010f6:	230d      	movs	r3, #13
100010f8:	78c1      	ldrb	r1, [r0, #3]
100010fa:	2901      	cmp	r1, #1
100010fc:	d81b      	bhi.n	10001136 <set_gyro_config+0x8a>
100010fe:	00c9      	lsls	r1, r1, #3
10001100:	b2ce      	uxtb	r6, r1
10001102:	7905      	ldrb	r5, [r0, #4]
10001104:	2d04      	cmp	r5, #4
10001106:	d906      	bls.n	10001116 <set_gyro_config+0x6a>
10001108:	2104      	movs	r1, #4
1000110a:	7101      	strb	r1, [r0, #4]
1000110c:	2002      	movs	r0, #2
1000110e:	2504      	movs	r5, #4
10001110:	7a21      	ldrb	r1, [r4, #8]
10001112:	4301      	orrs	r1, r0
10001114:	7221      	strb	r1, [r4, #8]
10001116:	4660      	mov	r0, ip
10001118:	4307      	orrs	r7, r0
1000111a:	433a      	orrs	r2, r7
1000111c:	a901      	add	r1, sp, #4
1000111e:	4313      	orrs	r3, r2
10001120:	4335      	orrs	r5, r6
10001122:	0022      	movs	r2, r4
10001124:	2042      	movs	r0, #66	@ 0x42
10001126:	700b      	strb	r3, [r1, #0]
10001128:	704d      	strb	r5, [r1, #1]
1000112a:	f7ff fda1 	bl	10000c70 <bmi2_set_regs.constprop.1>
1000112e:	2800      	cmp	r0, #0
10001130:	d023      	beq.n	1000117a <set_gyro_config+0xce>
10001132:	b003      	add	sp, #12
10001134:	bdf0      	pop	{r4, r5, r6, r7, pc}
10001136:	2101      	movs	r1, #1
10001138:	2502      	movs	r5, #2
1000113a:	70c1      	strb	r1, [r0, #3]
1000113c:	7a21      	ldrb	r1, [r4, #8]
1000113e:	2608      	movs	r6, #8
10001140:	4329      	orrs	r1, r5
10001142:	7221      	strb	r1, [r4, #8]
10001144:	e7dd      	b.n	10001102 <set_gyro_config+0x56>
10001146:	2301      	movs	r3, #1
10001148:	2202      	movs	r2, #2
1000114a:	7143      	strb	r3, [r0, #5]
1000114c:	7a23      	ldrb	r3, [r4, #8]
1000114e:	4313      	orrs	r3, r2
10001150:	7223      	strb	r3, [r4, #8]
10001152:	2240      	movs	r2, #64	@ 0x40
10001154:	e7bd      	b.n	100010d2 <set_gyro_config+0x26>
10001156:	2303      	movs	r3, #3
10001158:	2202      	movs	r2, #2
1000115a:	7043      	strb	r3, [r0, #1]
1000115c:	7a23      	ldrb	r3, [r4, #8]
1000115e:	4313      	orrs	r3, r2
10001160:	7223      	strb	r3, [r4, #8]
10001162:	2330      	movs	r3, #48	@ 0x30
10001164:	469c      	mov	ip, r3
10001166:	e7af      	b.n	100010c8 <set_gyro_config+0x1c>
10001168:	2301      	movs	r3, #1
1000116a:	2202      	movs	r2, #2
1000116c:	2780      	movs	r7, #128	@ 0x80
1000116e:	7083      	strb	r3, [r0, #2]
10001170:	7a0b      	ldrb	r3, [r1, #8]
10001172:	427f      	negs	r7, r7
10001174:	4313      	orrs	r3, r2
10001176:	720b      	strb	r3, [r1, #8]
10001178:	e7a0      	b.n	100010bc <set_gyro_config+0x10>
1000117a:	466b      	mov	r3, sp
1000117c:	0022      	movs	r2, r4
1000117e:	1cd9      	adds	r1, r3, #3
10001180:	301b      	adds	r0, #27
10001182:	f7ff fdfd 	bl	10000d80 <bmi2_get_regs.constprop.0>
10001186:	2800      	cmp	r0, #0
10001188:	d1d3      	bne.n	10001132 <set_gyro_config+0x86>
1000118a:	466b      	mov	r3, sp
1000118c:	78db      	ldrb	r3, [r3, #3]
1000118e:	06db      	lsls	r3, r3, #27
10001190:	0f5b      	lsrs	r3, r3, #29
10001192:	1e5a      	subs	r2, r3, #1
10001194:	2a02      	cmp	r2, #2
10001196:	d8cc      	bhi.n	10001132 <set_gyro_config+0x86>
10001198:	3804      	subs	r0, #4
1000119a:	1ac0      	subs	r0, r0, r3
1000119c:	e7c9      	b.n	10001132 <set_gyro_config+0x86>
1000119e:	46c0      	nop			@ (mov r8, r8)

100011a0 <get_gyro_config>:
100011a0:	b5f0      	push	{r4, r5, r6, r7, lr}
100011a2:	46c6      	mov	lr, r8
100011a4:	b500      	push	{lr}
100011a6:	0005      	movs	r5, r0
100011a8:	000c      	movs	r4, r1
100011aa:	b0a0      	sub	sp, #128	@ 0x80
100011ac:	2900      	cmp	r1, #0
100011ae:	d04a      	beq.n	10001246 <get_gyro_config+0xa6>
100011b0:	6b8f      	ldr	r7, [r1, #56]	@ 0x38
100011b2:	2f00      	cmp	r7, #0
100011b4:	d047      	beq.n	10001246 <get_gyro_config+0xa6>
100011b6:	6bcb      	ldr	r3, [r1, #60]	@ 0x3c
100011b8:	2b00      	cmp	r3, #0
100011ba:	d044      	beq.n	10001246 <get_gyro_config+0xa6>
100011bc:	6c0b      	ldr	r3, [r1, #64]	@ 0x40
100011be:	2b00      	cmp	r3, #0
100011c0:	d041      	beq.n	10001246 <get_gyro_config+0xa6>
100011c2:	7a48      	ldrb	r0, [r1, #9]
100011c4:	7aca      	ldrb	r2, [r1, #11]
100011c6:	4243      	negs	r3, r0
100011c8:	4158      	adcs	r0, r3
100011ca:	01c0      	lsls	r0, r0, #7
100011cc:	3202      	adds	r2, #2
100011ce:	684b      	ldr	r3, [r1, #4]
100011d0:	3042      	adds	r0, #66	@ 0x42
100011d2:	4669      	mov	r1, sp
100011d4:	47b8      	blx	r7
100011d6:	0007      	movs	r7, r0
100011d8:	4b24      	ldr	r3, [pc, #144]	@ (1000126c <get_gyro_config+0xcc>)
100011da:	0001      	movs	r1, r0
100011dc:	0018      	movs	r0, r3
100011de:	4698      	mov	r8, r3
100011e0:	f006 f9bc 	bl	1000755c <__wrap_printf>
100011e4:	7ae3      	ldrb	r3, [r4, #11]
100011e6:	466e      	mov	r6, sp
100011e8:	3302      	adds	r3, #2
100011ea:	1bdb      	subs	r3, r3, r7
100011ec:	1e5a      	subs	r2, r3, #1
100011ee:	4193      	sbcs	r3, r2
100011f0:	72a3      	strb	r3, [r4, #10]
100011f2:	2347      	movs	r3, #71	@ 0x47
100011f4:	5ce3      	ldrb	r3, [r4, r3]
100011f6:	6c22      	ldr	r2, [r4, #64]	@ 0x40
100011f8:	6861      	ldr	r1, [r4, #4]
100011fa:	2b01      	cmp	r3, #1
100011fc:	d01f      	beq.n	1000123e <get_gyro_config+0x9e>
100011fe:	2002      	movs	r0, #2
10001200:	4790      	blx	r2
10001202:	200a      	movs	r0, #10
10001204:	5620      	ldrsb	r0, [r4, r0]
10001206:	2800      	cmp	r0, #0
10001208:	d120      	bne.n	1000124c <get_gyro_config+0xac>
1000120a:	7ae3      	ldrb	r3, [r4, #11]
1000120c:	5cf2      	ldrb	r2, [r6, r3]
1000120e:	18f6      	adds	r6, r6, r3
10001210:	09d3      	lsrs	r3, r2, #7
10001212:	70ab      	strb	r3, [r5, #2]
10001214:	2301      	movs	r3, #1
10001216:	1191      	asrs	r1, r2, #6
10001218:	4019      	ands	r1, r3
1000121a:	7169      	strb	r1, [r5, #5]
1000121c:	0691      	lsls	r1, r2, #26
1000121e:	0f89      	lsrs	r1, r1, #30
10001220:	7069      	strb	r1, [r5, #1]
10001222:	210f      	movs	r1, #15
10001224:	7874      	ldrb	r4, [r6, #1]
10001226:	400a      	ands	r2, r1
10001228:	702a      	strb	r2, [r5, #0]
1000122a:	10e2      	asrs	r2, r4, #3
1000122c:	4013      	ands	r3, r2
1000122e:	70eb      	strb	r3, [r5, #3]
10001230:	2307      	movs	r3, #7
10001232:	4023      	ands	r3, r4
10001234:	712b      	strb	r3, [r5, #4]
10001236:	b020      	add	sp, #128	@ 0x80
10001238:	bc80      	pop	{r7}
1000123a:	46b8      	mov	r8, r7
1000123c:	bdf0      	pop	{r4, r5, r6, r7, pc}
1000123e:	20e1      	movs	r0, #225	@ 0xe1
10001240:	0040      	lsls	r0, r0, #1
10001242:	4790      	blx	r2
10001244:	e7dd      	b.n	10001202 <get_gyro_config+0x62>
10001246:	2001      	movs	r0, #1
10001248:	4240      	negs	r0, r0
1000124a:	e7f4      	b.n	10001236 <get_gyro_config+0x96>
1000124c:	4808      	ldr	r0, [pc, #32]	@ (10001270 <get_gyro_config+0xd0>)
1000124e:	f006 f901 	bl	10007454 <__wrap_puts>
10001252:	0039      	movs	r1, r7
10001254:	4640      	mov	r0, r8
10001256:	f006 f981 	bl	1000755c <__wrap_printf>
1000125a:	7ae1      	ldrb	r1, [r4, #11]
1000125c:	4805      	ldr	r0, [pc, #20]	@ (10001274 <get_gyro_config+0xd4>)
1000125e:	3102      	adds	r1, #2
10001260:	f006 f97c 	bl	1000755c <__wrap_printf>
10001264:	2002      	movs	r0, #2
10001266:	4240      	negs	r0, r0
10001268:	e7e5      	b.n	10001236 <get_gyro_config+0x96>
1000126a:	46c0      	nop			@ (mov r8, r8)
1000126c:	1000b03c 	.word	0x1000b03c
10001270:	1000b054 	.word	0x1000b054
10001274:	1000b064 	.word	0x1000b064

10001278 <sensor_enable>:
10001278:	b5f0      	push	{r4, r5, r6, r7, lr}
1000127a:	464f      	mov	r7, r9
1000127c:	4646      	mov	r6, r8
1000127e:	46d6      	mov	lr, sl
10001280:	2307      	movs	r3, #7
10001282:	b5c0      	push	{r6, r7, lr}
10001284:	b0a2      	sub	sp, #136	@ 0x88
10001286:	446b      	add	r3, sp
10001288:	4698      	mov	r8, r3
1000128a:	0014      	movs	r4, r2
1000128c:	2300      	movs	r3, #0
1000128e:	4642      	mov	r2, r8
10001290:	0005      	movs	r5, r0
10001292:	000f      	movs	r7, r1
10001294:	7013      	strb	r3, [r2, #0]
10001296:	2c00      	cmp	r4, #0
10001298:	d063      	beq.n	10001362 <sensor_enable+0xea>
1000129a:	6ba6      	ldr	r6, [r4, #56]	@ 0x38
1000129c:	2e00      	cmp	r6, #0
1000129e:	d060      	beq.n	10001362 <sensor_enable+0xea>
100012a0:	6be3      	ldr	r3, [r4, #60]	@ 0x3c
100012a2:	2b00      	cmp	r3, #0
100012a4:	d05d      	beq.n	10001362 <sensor_enable+0xea>
100012a6:	6c23      	ldr	r3, [r4, #64]	@ 0x40
100012a8:	2b00      	cmp	r3, #0
100012aa:	d05a      	beq.n	10001362 <sensor_enable+0xea>
100012ac:	7a60      	ldrb	r0, [r4, #9]
100012ae:	7ae2      	ldrb	r2, [r4, #11]
100012b0:	4243      	negs	r3, r0
100012b2:	4158      	adcs	r0, r3
100012b4:	01c0      	lsls	r0, r0, #7
100012b6:	3201      	adds	r2, #1
100012b8:	a902      	add	r1, sp, #8
100012ba:	6863      	ldr	r3, [r4, #4]
100012bc:	307d      	adds	r0, #125	@ 0x7d
100012be:	4689      	mov	r9, r1
100012c0:	47b0      	blx	r6
100012c2:	0006      	movs	r6, r0
100012c4:	4b30      	ldr	r3, [pc, #192]	@ (10001388 <sensor_enable+0x110>)
100012c6:	0001      	movs	r1, r0
100012c8:	0018      	movs	r0, r3
100012ca:	469a      	mov	sl, r3
100012cc:	f006 f946 	bl	1000755c <__wrap_printf>
100012d0:	7ae3      	ldrb	r3, [r4, #11]
100012d2:	6861      	ldr	r1, [r4, #4]
100012d4:	3301      	adds	r3, #1
100012d6:	1b9b      	subs	r3, r3, r6
100012d8:	1e5a      	subs	r2, r3, #1
100012da:	4193      	sbcs	r3, r2
100012dc:	72a3      	strb	r3, [r4, #10]
100012de:	2347      	movs	r3, #71	@ 0x47
100012e0:	5ce3      	ldrb	r3, [r4, r3]
100012e2:	6c22      	ldr	r2, [r4, #64]	@ 0x40
100012e4:	2b01      	cmp	r3, #1
100012e6:	d038      	beq.n	1000135a <sensor_enable+0xe2>
100012e8:	2002      	movs	r0, #2
100012ea:	4790      	blx	r2
100012ec:	200a      	movs	r0, #10
100012ee:	5620      	ldrsb	r0, [r4, r0]
100012f0:	2800      	cmp	r0, #0
100012f2:	d139      	bne.n	10001368 <sensor_enable+0xf0>
100012f4:	464a      	mov	r2, r9
100012f6:	7ae3      	ldrb	r3, [r4, #11]
100012f8:	5cd3      	ldrb	r3, [r2, r3]
100012fa:	4642      	mov	r2, r8
100012fc:	7013      	strb	r3, [r2, #0]
100012fe:	07ea      	lsls	r2, r5, #31
10001300:	d503      	bpl.n	1000130a <sensor_enable+0x92>
10001302:	2204      	movs	r2, #4
10001304:	4313      	orrs	r3, r2
10001306:	4642      	mov	r2, r8
10001308:	7013      	strb	r3, [r2, #0]
1000130a:	2204      	movs	r2, #4
1000130c:	2101      	movs	r1, #1
1000130e:	402a      	ands	r2, r5
10001310:	400f      	ands	r7, r1
10001312:	07a9      	lsls	r1, r5, #30
10001314:	d406      	bmi.n	10001324 <sensor_enable+0xac>
10001316:	2a00      	cmp	r2, #0
10001318:	d10a      	bne.n	10001330 <sensor_enable+0xb8>
1000131a:	2f00      	cmp	r7, #0
1000131c:	d10e      	bne.n	1000133c <sensor_enable+0xc4>
1000131e:	076d      	lsls	r5, r5, #29
10001320:	d015      	beq.n	1000134e <sensor_enable+0xd6>
10001322:	e00f      	b.n	10001344 <sensor_enable+0xcc>
10001324:	2102      	movs	r1, #2
10001326:	430b      	orrs	r3, r1
10001328:	4641      	mov	r1, r8
1000132a:	700b      	strb	r3, [r1, #0]
1000132c:	2a00      	cmp	r2, #0
1000132e:	d003      	beq.n	10001338 <sensor_enable+0xc0>
10001330:	2201      	movs	r2, #1
10001332:	4313      	orrs	r3, r2
10001334:	4642      	mov	r2, r8
10001336:	7013      	strb	r3, [r2, #0]
10001338:	2f00      	cmp	r7, #0
1000133a:	d003      	beq.n	10001344 <sensor_enable+0xcc>
1000133c:	2208      	movs	r2, #8
1000133e:	4313      	orrs	r3, r2
10001340:	4642      	mov	r2, r8
10001342:	7013      	strb	r3, [r2, #0]
10001344:	0022      	movs	r2, r4
10001346:	4641      	mov	r1, r8
10001348:	207d      	movs	r0, #125	@ 0x7d
1000134a:	f7ff fc3d 	bl	10000bc8 <bmi2_set_regs.constprop.0>
1000134e:	b022      	add	sp, #136	@ 0x88
10001350:	bce0      	pop	{r5, r6, r7}
10001352:	46ba      	mov	sl, r7
10001354:	46b1      	mov	r9, r6
10001356:	46a8      	mov	r8, r5
10001358:	bdf0      	pop	{r4, r5, r6, r7, pc}
1000135a:	20e1      	movs	r0, #225	@ 0xe1
1000135c:	0040      	lsls	r0, r0, #1
1000135e:	4790      	blx	r2
10001360:	e7c4      	b.n	100012ec <sensor_enable+0x74>
10001362:	2001      	movs	r0, #1
10001364:	4240      	negs	r0, r0
10001366:	e7f2      	b.n	1000134e <sensor_enable+0xd6>
10001368:	4808      	ldr	r0, [pc, #32]	@ (1000138c <sensor_enable+0x114>)
1000136a:	f006 f873 	bl	10007454 <__wrap_puts>
1000136e:	0031      	movs	r1, r6
10001370:	4650      	mov	r0, sl
10001372:	f006 f8f3 	bl	1000755c <__wrap_printf>
10001376:	7ae1      	ldrb	r1, [r4, #11]
10001378:	4805      	ldr	r0, [pc, #20]	@ (10001390 <sensor_enable+0x118>)
1000137a:	3101      	adds	r1, #1
1000137c:	f006 f8ee 	bl	1000755c <__wrap_printf>
10001380:	2002      	movs	r0, #2
10001382:	4240      	negs	r0, r0
10001384:	e7e3      	b.n	1000134e <sensor_enable+0xd6>
10001386:	46c0      	nop			@ (mov r8, r8)
10001388:	1000b03c 	.word	0x1000b03c
1000138c:	1000b054 	.word	0x1000b054
10001390:	1000b064 	.word	0x1000b064

10001394 <bmi2_get_regs>:
10001394:	b5f0      	push	{r4, r5, r6, r7, lr}
10001396:	4647      	mov	r7, r8
10001398:	46ce      	mov	lr, r9
1000139a:	b580      	push	{r7, lr}
1000139c:	0016      	movs	r6, r2
1000139e:	000f      	movs	r7, r1
100013a0:	001d      	movs	r5, r3
100013a2:	b0a1      	sub	sp, #132	@ 0x84
100013a4:	2b00      	cmp	r3, #0
100013a6:	d044      	beq.n	10001432 <bmi2_get_regs+0x9e>
100013a8:	6b9c      	ldr	r4, [r3, #56]	@ 0x38
100013aa:	2c00      	cmp	r4, #0
100013ac:	d041      	beq.n	10001432 <bmi2_get_regs+0x9e>
100013ae:	6bdb      	ldr	r3, [r3, #60]	@ 0x3c
100013b0:	2b00      	cmp	r3, #0
100013b2:	d03e      	beq.n	10001432 <bmi2_get_regs+0x9e>
100013b4:	6c2b      	ldr	r3, [r5, #64]	@ 0x40
100013b6:	2b00      	cmp	r3, #0
100013b8:	d03b      	beq.n	10001432 <bmi2_get_regs+0x9e>
100013ba:	2900      	cmp	r1, #0
100013bc:	d039      	beq.n	10001432 <bmi2_get_regs+0x9e>
100013be:	7a6b      	ldrb	r3, [r5, #9]
100013c0:	2b00      	cmp	r3, #0
100013c2:	d02f      	beq.n	10001424 <bmi2_get_regs+0x90>
100013c4:	7aea      	ldrb	r2, [r5, #11]
100013c6:	4669      	mov	r1, sp
100013c8:	1992      	adds	r2, r2, r6
100013ca:	686b      	ldr	r3, [r5, #4]
100013cc:	47a0      	blx	r4
100013ce:	0004      	movs	r4, r0
100013d0:	4b21      	ldr	r3, [pc, #132]	@ (10001458 <bmi2_get_regs+0xc4>)
100013d2:	0001      	movs	r1, r0
100013d4:	0018      	movs	r0, r3
100013d6:	4699      	mov	r9, r3
100013d8:	f006 f8c0 	bl	1000755c <__wrap_printf>
100013dc:	7aeb      	ldrb	r3, [r5, #11]
100013de:	46e8      	mov	r8, sp
100013e0:	199b      	adds	r3, r3, r6
100013e2:	1b1b      	subs	r3, r3, r4
100013e4:	1e5a      	subs	r2, r3, #1
100013e6:	4193      	sbcs	r3, r2
100013e8:	72ab      	strb	r3, [r5, #10]
100013ea:	2347      	movs	r3, #71	@ 0x47
100013ec:	5ceb      	ldrb	r3, [r5, r3]
100013ee:	6c2a      	ldr	r2, [r5, #64]	@ 0x40
100013f0:	6869      	ldr	r1, [r5, #4]
100013f2:	2b01      	cmp	r3, #1
100013f4:	d019      	beq.n	1000142a <bmi2_get_regs+0x96>
100013f6:	2002      	movs	r0, #2
100013f8:	4790      	blx	r2
100013fa:	200a      	movs	r0, #10
100013fc:	5628      	ldrsb	r0, [r5, r0]
100013fe:	2800      	cmp	r0, #0
10001400:	d11a      	bne.n	10001438 <bmi2_get_regs+0xa4>
10001402:	2400      	movs	r4, #0
10001404:	2e00      	cmp	r6, #0
10001406:	d008      	beq.n	1000141a <bmi2_get_regs+0x86>
10001408:	4642      	mov	r2, r8
1000140a:	7aeb      	ldrb	r3, [r5, #11]
1000140c:	1912      	adds	r2, r2, r4
1000140e:	5cd3      	ldrb	r3, [r2, r3]
10001410:	553b      	strb	r3, [r7, r4]
10001412:	3401      	adds	r4, #1
10001414:	b2a3      	uxth	r3, r4
10001416:	429e      	cmp	r6, r3
10001418:	d8f6      	bhi.n	10001408 <bmi2_get_regs+0x74>
1000141a:	b021      	add	sp, #132	@ 0x84
1000141c:	bcc0      	pop	{r6, r7}
1000141e:	46b9      	mov	r9, r7
10001420:	46b0      	mov	r8, r6
10001422:	bdf0      	pop	{r4, r5, r6, r7, pc}
10001424:	3380      	adds	r3, #128	@ 0x80
10001426:	4318      	orrs	r0, r3
10001428:	e7cc      	b.n	100013c4 <bmi2_get_regs+0x30>
1000142a:	20e1      	movs	r0, #225	@ 0xe1
1000142c:	0040      	lsls	r0, r0, #1
1000142e:	4790      	blx	r2
10001430:	e7e3      	b.n	100013fa <bmi2_get_regs+0x66>
10001432:	2001      	movs	r0, #1
10001434:	4240      	negs	r0, r0
10001436:	e7f0      	b.n	1000141a <bmi2_get_regs+0x86>
10001438:	4808      	ldr	r0, [pc, #32]	@ (1000145c <bmi2_get_regs+0xc8>)
1000143a:	f006 f80b 	bl	10007454 <__wrap_puts>
1000143e:	0021      	movs	r1, r4
10001440:	4648      	mov	r0, r9
10001442:	f006 f88b 	bl	1000755c <__wrap_printf>
10001446:	7ae9      	ldrb	r1, [r5, #11]
10001448:	4805      	ldr	r0, [pc, #20]	@ (10001460 <bmi2_get_regs+0xcc>)
1000144a:	1989      	adds	r1, r1, r6
1000144c:	f006 f886 	bl	1000755c <__wrap_printf>
10001450:	2002      	movs	r0, #2
10001452:	4240      	negs	r0, r0
10001454:	e7e1      	b.n	1000141a <bmi2_get_regs+0x86>
10001456:	46c0      	nop			@ (mov r8, r8)
10001458:	1000b03c 	.word	0x1000b03c
1000145c:	1000b054 	.word	0x1000b054
10001460:	1000b064 	.word	0x1000b064

10001464 <bmi2_set_regs>:
10001464:	b5f0      	push	{r4, r5, r6, r7, lr}
10001466:	464f      	mov	r7, r9
10001468:	46d6      	mov	lr, sl
1000146a:	4646      	mov	r6, r8
1000146c:	468a      	mov	sl, r1
1000146e:	b5c0      	push	{r6, r7, lr}
10001470:	4691      	mov	r9, r2
10001472:	0007      	movs	r7, r0
10001474:	1e1c      	subs	r4, r3, #0
10001476:	d100      	bne.n	1000147a <bmi2_set_regs+0x16>
10001478:	e07b      	b.n	10001572 <bmi2_set_regs+0x10e>
1000147a:	6b9b      	ldr	r3, [r3, #56]	@ 0x38
1000147c:	2b00      	cmp	r3, #0
1000147e:	d100      	bne.n	10001482 <bmi2_set_regs+0x1e>
10001480:	e077      	b.n	10001572 <bmi2_set_regs+0x10e>
10001482:	6be3      	ldr	r3, [r4, #60]	@ 0x3c
10001484:	4698      	mov	r8, r3
10001486:	2b00      	cmp	r3, #0
10001488:	d100      	bne.n	1000148c <bmi2_set_regs+0x28>
1000148a:	e072      	b.n	10001572 <bmi2_set_regs+0x10e>
1000148c:	6c23      	ldr	r3, [r4, #64]	@ 0x40
1000148e:	2b00      	cmp	r3, #0
10001490:	d100      	bne.n	10001494 <bmi2_set_regs+0x30>
10001492:	e06e      	b.n	10001572 <bmi2_set_regs+0x10e>
10001494:	2900      	cmp	r1, #0
10001496:	d06c      	beq.n	10001572 <bmi2_set_regs+0x10e>
10001498:	7a63      	ldrb	r3, [r4, #9]
1000149a:	2b00      	cmp	r3, #0
1000149c:	d019      	beq.n	100014d2 <bmi2_set_regs+0x6e>
1000149e:	2347      	movs	r3, #71	@ 0x47
100014a0:	5ce3      	ldrb	r3, [r4, r3]
100014a2:	2b01      	cmp	r3, #1
100014a4:	d01b      	beq.n	100014de <bmi2_set_regs+0x7a>
100014a6:	4651      	mov	r1, sl
100014a8:	6863      	ldr	r3, [r4, #4]
100014aa:	464a      	mov	r2, r9
100014ac:	0038      	movs	r0, r7
100014ae:	47c0      	blx	r8
100014b0:	6861      	ldr	r1, [r4, #4]
100014b2:	72a0      	strb	r0, [r4, #10]
100014b4:	6c23      	ldr	r3, [r4, #64]	@ 0x40
100014b6:	2002      	movs	r0, #2
100014b8:	4798      	blx	r3
100014ba:	230a      	movs	r3, #10
100014bc:	56e3      	ldrsb	r3, [r4, r3]
100014be:	2f7c      	cmp	r7, #124	@ 0x7c
100014c0:	d044      	beq.n	1000154c <bmi2_set_regs+0xe8>
100014c2:	2b00      	cmp	r3, #0
100014c4:	d133      	bne.n	1000152e <bmi2_set_regs+0xca>
100014c6:	2000      	movs	r0, #0
100014c8:	bce0      	pop	{r5, r6, r7}
100014ca:	46ba      	mov	sl, r7
100014cc:	46b1      	mov	r9, r6
100014ce:	46a8      	mov	r8, r5
100014d0:	bdf0      	pop	{r4, r5, r6, r7, pc}
100014d2:	337f      	adds	r3, #127	@ 0x7f
100014d4:	401f      	ands	r7, r3
100014d6:	2347      	movs	r3, #71	@ 0x47
100014d8:	5ce3      	ldrb	r3, [r4, r3]
100014da:	2b01      	cmp	r3, #1
100014dc:	d1e3      	bne.n	100014a6 <bmi2_set_regs+0x42>
100014de:	464b      	mov	r3, r9
100014e0:	2b00      	cmp	r3, #0
100014e2:	d0ea      	beq.n	100014ba <bmi2_set_regs+0x56>
100014e4:	4656      	mov	r6, sl
100014e6:	2500      	movs	r5, #0
100014e8:	e006      	b.n	100014f8 <bmi2_set_regs+0x94>
100014ea:	3501      	adds	r5, #1
100014ec:	b2ad      	uxth	r5, r5
100014ee:	3601      	adds	r6, #1
100014f0:	45a9      	cmp	r9, r5
100014f2:	d01f      	beq.n	10001534 <bmi2_set_regs+0xd0>
100014f4:	6be3      	ldr	r3, [r4, #60]	@ 0x3c
100014f6:	4698      	mov	r8, r3
100014f8:	1978      	adds	r0, r7, r5
100014fa:	2201      	movs	r2, #1
100014fc:	0031      	movs	r1, r6
100014fe:	6863      	ldr	r3, [r4, #4]
10001500:	b2c0      	uxtb	r0, r0
10001502:	47c0      	blx	r8
10001504:	72a0      	strb	r0, [r4, #10]
10001506:	20e1      	movs	r0, #225	@ 0xe1
10001508:	6c23      	ldr	r3, [r4, #64]	@ 0x40
1000150a:	6861      	ldr	r1, [r4, #4]
1000150c:	0040      	lsls	r0, r0, #1
1000150e:	4798      	blx	r3
10001510:	230a      	movs	r3, #10
10001512:	56e3      	ldrsb	r3, [r4, r3]
10001514:	2b00      	cmp	r3, #0
10001516:	d0e8      	beq.n	100014ea <bmi2_set_regs+0x86>
10001518:	2f7c      	cmp	r7, #124	@ 0x7c
1000151a:	d108      	bne.n	1000152e <bmi2_set_regs+0xca>
1000151c:	2301      	movs	r3, #1
1000151e:	4652      	mov	r2, sl
10001520:	0019      	movs	r1, r3
10001522:	7812      	ldrb	r2, [r2, #0]
10001524:	4011      	ands	r1, r2
10001526:	4213      	tst	r3, r2
10001528:	d01a      	beq.n	10001560 <bmi2_set_regs+0xfc>
1000152a:	2247      	movs	r2, #71	@ 0x47
1000152c:	54a3      	strb	r3, [r4, r2]
1000152e:	2002      	movs	r0, #2
10001530:	4240      	negs	r0, r0
10001532:	e7c9      	b.n	100014c8 <bmi2_set_regs+0x64>
10001534:	2f7c      	cmp	r7, #124	@ 0x7c
10001536:	d1c6      	bne.n	100014c6 <bmi2_set_regs+0x62>
10001538:	2301      	movs	r3, #1
1000153a:	4652      	mov	r2, sl
1000153c:	0019      	movs	r1, r3
1000153e:	7812      	ldrb	r2, [r2, #0]
10001540:	4011      	ands	r1, r2
10001542:	4213      	tst	r3, r2
10001544:	d012      	beq.n	1000156c <bmi2_set_regs+0x108>
10001546:	2247      	movs	r2, #71	@ 0x47
10001548:	54a3      	strb	r3, [r4, r2]
1000154a:	e7bc      	b.n	100014c6 <bmi2_set_regs+0x62>
1000154c:	2201      	movs	r2, #1
1000154e:	4651      	mov	r1, sl
10001550:	0010      	movs	r0, r2
10001552:	7809      	ldrb	r1, [r1, #0]
10001554:	4008      	ands	r0, r1
10001556:	420a      	tst	r2, r1
10001558:	d005      	beq.n	10001566 <bmi2_set_regs+0x102>
1000155a:	2147      	movs	r1, #71	@ 0x47
1000155c:	5462      	strb	r2, [r4, r1]
1000155e:	e7b0      	b.n	100014c2 <bmi2_set_regs+0x5e>
10001560:	2347      	movs	r3, #71	@ 0x47
10001562:	54e1      	strb	r1, [r4, r3]
10001564:	e7e3      	b.n	1000152e <bmi2_set_regs+0xca>
10001566:	2247      	movs	r2, #71	@ 0x47
10001568:	54a0      	strb	r0, [r4, r2]
1000156a:	e7aa      	b.n	100014c2 <bmi2_set_regs+0x5e>
1000156c:	2347      	movs	r3, #71	@ 0x47
1000156e:	54e1      	strb	r1, [r4, r3]
10001570:	e7a9      	b.n	100014c6 <bmi2_set_regs+0x62>
10001572:	2001      	movs	r0, #1
10001574:	4240      	negs	r0, r0
10001576:	e7a7      	b.n	100014c8 <bmi2_set_regs+0x64>

10001578 <bmi2_set_adv_power_save>:
10001578:	b5f0      	push	{r4, r5, r6, r7, lr}
1000157a:	4647      	mov	r7, r8
1000157c:	46ce      	mov	lr, r9
1000157e:	b580      	push	{r7, lr}
10001580:	b0a3      	sub	sp, #140	@ 0x8c
10001582:	466b      	mov	r3, sp
10001584:	1ddf      	adds	r7, r3, #7
10001586:	2300      	movs	r3, #0
10001588:	0005      	movs	r5, r0
1000158a:	1e0c      	subs	r4, r1, #0
1000158c:	703b      	strb	r3, [r7, #0]
1000158e:	d048      	beq.n	10001622 <bmi2_set_adv_power_save+0xaa>
10001590:	6b8e      	ldr	r6, [r1, #56]	@ 0x38
10001592:	2e00      	cmp	r6, #0
10001594:	d045      	beq.n	10001622 <bmi2_set_adv_power_save+0xaa>
10001596:	6bcb      	ldr	r3, [r1, #60]	@ 0x3c
10001598:	2b00      	cmp	r3, #0
1000159a:	d042      	beq.n	10001622 <bmi2_set_adv_power_save+0xaa>
1000159c:	6c0b      	ldr	r3, [r1, #64]	@ 0x40
1000159e:	2b00      	cmp	r3, #0
100015a0:	d03f      	beq.n	10001622 <bmi2_set_adv_power_save+0xaa>
100015a2:	7a48      	ldrb	r0, [r1, #9]
100015a4:	7aca      	ldrb	r2, [r1, #11]
100015a6:	4243      	negs	r3, r0
100015a8:	4158      	adcs	r0, r3
100015aa:	01c0      	lsls	r0, r0, #7
100015ac:	3201      	adds	r2, #1
100015ae:	684b      	ldr	r3, [r1, #4]
100015b0:	307c      	adds	r0, #124	@ 0x7c
100015b2:	a902      	add	r1, sp, #8
100015b4:	4688      	mov	r8, r1
100015b6:	47b0      	blx	r6
100015b8:	0006      	movs	r6, r0
100015ba:	4b24      	ldr	r3, [pc, #144]	@ (1000164c <bmi2_set_adv_power_save+0xd4>)
100015bc:	0001      	movs	r1, r0
100015be:	0018      	movs	r0, r3
100015c0:	4699      	mov	r9, r3
100015c2:	f005 ffcb 	bl	1000755c <__wrap_printf>
100015c6:	7ae3      	ldrb	r3, [r4, #11]
100015c8:	6861      	ldr	r1, [r4, #4]
100015ca:	3301      	adds	r3, #1
100015cc:	1b9b      	subs	r3, r3, r6
100015ce:	1e5a      	subs	r2, r3, #1
100015d0:	4193      	sbcs	r3, r2
100015d2:	72a3      	strb	r3, [r4, #10]
100015d4:	2347      	movs	r3, #71	@ 0x47
100015d6:	5ce3      	ldrb	r3, [r4, r3]
100015d8:	6c22      	ldr	r2, [r4, #64]	@ 0x40
100015da:	2b01      	cmp	r3, #1
100015dc:	d01d      	beq.n	1000161a <bmi2_set_adv_power_save+0xa2>
100015de:	2002      	movs	r0, #2
100015e0:	4790      	blx	r2
100015e2:	230a      	movs	r3, #10
100015e4:	56e3      	ldrsb	r3, [r4, r3]
100015e6:	2b00      	cmp	r3, #0
100015e8:	d121      	bne.n	1000162e <bmi2_set_adv_power_save+0xb6>
100015ea:	4642      	mov	r2, r8
100015ec:	2601      	movs	r6, #1
100015ee:	7ae3      	ldrb	r3, [r4, #11]
100015f0:	4035      	ands	r5, r6
100015f2:	5cd3      	ldrb	r3, [r2, r3]
100015f4:	0039      	movs	r1, r7
100015f6:	43b3      	bics	r3, r6
100015f8:	431d      	orrs	r5, r3
100015fa:	0022      	movs	r2, r4
100015fc:	207c      	movs	r0, #124	@ 0x7c
100015fe:	703d      	strb	r5, [r7, #0]
10001600:	f7ff fae2 	bl	10000bc8 <bmi2_set_regs.constprop.0>
10001604:	2800      	cmp	r0, #0
10001606:	d10f      	bne.n	10001628 <bmi2_set_adv_power_save+0xb0>
10001608:	783b      	ldrb	r3, [r7, #0]
1000160a:	401e      	ands	r6, r3
1000160c:	2347      	movs	r3, #71	@ 0x47
1000160e:	54e6      	strb	r6, [r4, r3]
10001610:	b023      	add	sp, #140	@ 0x8c
10001612:	bcc0      	pop	{r6, r7}
10001614:	46b9      	mov	r9, r7
10001616:	46b0      	mov	r8, r6
10001618:	bdf0      	pop	{r4, r5, r6, r7, pc}
1000161a:	20e1      	movs	r0, #225	@ 0xe1
1000161c:	0040      	lsls	r0, r0, #1
1000161e:	4790      	blx	r2
10001620:	e7df      	b.n	100015e2 <bmi2_set_adv_power_save+0x6a>
10001622:	2001      	movs	r0, #1
10001624:	4240      	negs	r0, r0
10001626:	e7f3      	b.n	10001610 <bmi2_set_adv_power_save+0x98>
10001628:	200d      	movs	r0, #13
1000162a:	4240      	negs	r0, r0
1000162c:	e7f0      	b.n	10001610 <bmi2_set_adv_power_save+0x98>
1000162e:	4808      	ldr	r0, [pc, #32]	@ (10001650 <bmi2_set_adv_power_save+0xd8>)
10001630:	f005 ff10 	bl	10007454 <__wrap_puts>
10001634:	0031      	movs	r1, r6
10001636:	4648      	mov	r0, r9
10001638:	f005 ff90 	bl	1000755c <__wrap_printf>
1000163c:	7ae1      	ldrb	r1, [r4, #11]
1000163e:	4805      	ldr	r0, [pc, #20]	@ (10001654 <bmi2_set_adv_power_save+0xdc>)
10001640:	3101      	adds	r1, #1
10001642:	f005 ff8b 	bl	1000755c <__wrap_printf>
10001646:	2002      	movs	r0, #2
10001648:	4240      	negs	r0, r0
1000164a:	e7e1      	b.n	10001610 <bmi2_set_adv_power_save+0x98>
1000164c:	1000b03c 	.word	0x1000b03c
10001650:	1000b054 	.word	0x1000b054
10001654:	1000b064 	.word	0x1000b064

10001658 <bmi2_write_config_file>:
10001658:	b5f0      	push	{r4, r5, r6, r7, lr}
1000165a:	46de      	mov	lr, fp
1000165c:	4657      	mov	r7, sl
1000165e:	464e      	mov	r6, r9
10001660:	4645      	mov	r5, r8
10001662:	b5e0      	push	{r5, r6, r7, lr}
10001664:	b083      	sub	sp, #12
10001666:	2300      	movs	r3, #0
10001668:	466a      	mov	r2, sp
1000166a:	1e04      	subs	r4, r0, #0
1000166c:	70d3      	strb	r3, [r2, #3]
1000166e:	d100      	bne.n	10001672 <bmi2_write_config_file+0x1a>
10001670:	e0cb      	b.n	1000180a <bmi2_write_config_file+0x1b2>
10001672:	6b83      	ldr	r3, [r0, #56]	@ 0x38
10001674:	2b00      	cmp	r3, #0
10001676:	d100      	bne.n	1000167a <bmi2_write_config_file+0x22>
10001678:	e0c7      	b.n	1000180a <bmi2_write_config_file+0x1b2>
1000167a:	6bc3      	ldr	r3, [r0, #60]	@ 0x3c
1000167c:	2b00      	cmp	r3, #0
1000167e:	d100      	bne.n	10001682 <bmi2_write_config_file+0x2a>
10001680:	e0c3      	b.n	1000180a <bmi2_write_config_file+0x1b2>
10001682:	6c03      	ldr	r3, [r0, #64]	@ 0x40
10001684:	2b00      	cmp	r3, #0
10001686:	d100      	bne.n	1000168a <bmi2_write_config_file+0x32>
10001688:	e0bf      	b.n	1000180a <bmi2_write_config_file+0x1b2>
1000168a:	234a      	movs	r3, #74	@ 0x4a
1000168c:	5ac3      	ldrh	r3, [r0, r3]
1000168e:	4698      	mov	r8, r3
10001690:	2b00      	cmp	r3, #0
10001692:	d100      	bne.n	10001696 <bmi2_write_config_file+0x3e>
10001694:	e0b9      	b.n	1000180a <bmi2_write_config_file+0x1b2>
10001696:	89c6      	ldrh	r6, [r0, #14]
10001698:	07f3      	lsls	r3, r6, #31
1000169a:	d411      	bmi.n	100016c0 <bmi2_write_config_file+0x68>
1000169c:	2e01      	cmp	r6, #1
1000169e:	d802      	bhi.n	100016a6 <bmi2_write_config_file+0x4e>
100016a0:	2302      	movs	r3, #2
100016a2:	2602      	movs	r6, #2
100016a4:	81e3      	strh	r3, [r4, #14]
100016a6:	0021      	movs	r1, r4
100016a8:	2000      	movs	r0, #0
100016aa:	f7ff ff65 	bl	10001578 <bmi2_set_adv_power_save>
100016ae:	2800      	cmp	r0, #0
100016b0:	d00a      	beq.n	100016c8 <bmi2_write_config_file+0x70>
100016b2:	b003      	add	sp, #12
100016b4:	bcf0      	pop	{r4, r5, r6, r7}
100016b6:	46bb      	mov	fp, r7
100016b8:	46b2      	mov	sl, r6
100016ba:	46a9      	mov	r9, r5
100016bc:	46a0      	mov	r8, r4
100016be:	bdf0      	pop	{r4, r5, r6, r7, pc}
100016c0:	3e01      	subs	r6, #1
100016c2:	b2b6      	uxth	r6, r6
100016c4:	81c6      	strh	r6, [r0, #14]
100016c6:	e7e9      	b.n	1000169c <bmi2_write_config_file+0x44>
100016c8:	ad01      	add	r5, sp, #4
100016ca:	7028      	strb	r0, [r5, #0]
100016cc:	0022      	movs	r2, r4
100016ce:	0029      	movs	r1, r5
100016d0:	2059      	movs	r0, #89	@ 0x59
100016d2:	f7ff fb55 	bl	10000d80 <bmi2_get_regs.constprop.0>
100016d6:	2800      	cmp	r0, #0
100016d8:	d1eb      	bne.n	100016b2 <bmi2_write_config_file+0x5a>
100016da:	2201      	movs	r2, #1
100016dc:	782b      	ldrb	r3, [r5, #0]
100016de:	0029      	movs	r1, r5
100016e0:	4393      	bics	r3, r2
100016e2:	702b      	strb	r3, [r5, #0]
100016e4:	0022      	movs	r2, r4
100016e6:	3059      	adds	r0, #89	@ 0x59
100016e8:	f7ff fa6e 	bl	10000bc8 <bmi2_set_regs.constprop.0>
100016ec:	2800      	cmp	r0, #0
100016ee:	d1e0      	bne.n	100016b2 <bmi2_write_config_file+0x5a>
100016f0:	0031      	movs	r1, r6
100016f2:	4640      	mov	r0, r8
100016f4:	f002 fd70 	bl	100041d8 <__wrap___aeabi_uidiv>
100016f8:	89e3      	ldrh	r3, [r4, #14]
100016fa:	b28a      	uxth	r2, r1
100016fc:	b2c9      	uxtb	r1, r1
100016fe:	469a      	mov	sl, r3
10001700:	2900      	cmp	r1, #0
10001702:	d123      	bne.n	1000174c <bmi2_write_config_file+0xf4>
10001704:	230f      	movs	r3, #15
10001706:	2600      	movs	r6, #0
10001708:	4699      	mov	r9, r3
1000170a:	6967      	ldr	r7, [r4, #20]
1000170c:	19bf      	adds	r7, r7, r6
1000170e:	2f00      	cmp	r7, #0
10001710:	d07b      	beq.n	1000180a <bmi2_write_config_file+0x1b2>
10001712:	464a      	mov	r2, r9
10001714:	0873      	lsrs	r3, r6, #1
10001716:	4013      	ands	r3, r2
10001718:	702b      	strb	r3, [r5, #0]
1000171a:	0973      	lsrs	r3, r6, #5
1000171c:	0022      	movs	r2, r4
1000171e:	0029      	movs	r1, r5
10001720:	205b      	movs	r0, #91	@ 0x5b
10001722:	706b      	strb	r3, [r5, #1]
10001724:	f7ff faa4 	bl	10000c70 <bmi2_set_regs.constprop.1>
10001728:	2800      	cmp	r0, #0
1000172a:	d1c2      	bne.n	100016b2 <bmi2_write_config_file+0x5a>
1000172c:	0023      	movs	r3, r4
1000172e:	4652      	mov	r2, sl
10001730:	0039      	movs	r1, r7
10001732:	305e      	adds	r0, #94	@ 0x5e
10001734:	f7ff fe96 	bl	10001464 <bmi2_set_regs>
10001738:	89e3      	ldrh	r3, [r4, #14]
1000173a:	469a      	mov	sl, r3
1000173c:	4456      	add	r6, sl
1000173e:	b2b6      	uxth	r6, r6
10001740:	45b0      	cmp	r8, r6
10001742:	d800      	bhi.n	10001746 <bmi2_write_config_file+0xee>
10001744:	e0a9      	b.n	1000189a <bmi2_write_config_file+0x242>
10001746:	2800      	cmp	r0, #0
10001748:	d0df      	beq.n	1000170a <bmi2_write_config_file+0xb2>
1000174a:	e7b2      	b.n	100016b2 <bmi2_write_config_file+0x5a>
1000174c:	23ff      	movs	r3, #255	@ 0xff
1000174e:	4013      	ands	r3, r2
10001750:	4642      	mov	r2, r8
10001752:	1ad3      	subs	r3, r2, r3
10001754:	b29b      	uxth	r3, r3
10001756:	4699      	mov	r9, r3
10001758:	230f      	movs	r3, #15
1000175a:	469b      	mov	fp, r3
1000175c:	464b      	mov	r3, r9
1000175e:	2600      	movs	r6, #0
10001760:	2b00      	cmp	r3, #0
10001762:	d058      	beq.n	10001816 <bmi2_write_config_file+0x1be>
10001764:	6967      	ldr	r7, [r4, #20]
10001766:	19bf      	adds	r7, r7, r6
10001768:	2f00      	cmp	r7, #0
1000176a:	d04e      	beq.n	1000180a <bmi2_write_config_file+0x1b2>
1000176c:	465a      	mov	r2, fp
1000176e:	0873      	lsrs	r3, r6, #1
10001770:	4013      	ands	r3, r2
10001772:	702b      	strb	r3, [r5, #0]
10001774:	0973      	lsrs	r3, r6, #5
10001776:	0022      	movs	r2, r4
10001778:	0029      	movs	r1, r5
1000177a:	205b      	movs	r0, #91	@ 0x5b
1000177c:	706b      	strb	r3, [r5, #1]
1000177e:	f7ff fa77 	bl	10000c70 <bmi2_set_regs.constprop.1>
10001782:	2800      	cmp	r0, #0
10001784:	d195      	bne.n	100016b2 <bmi2_write_config_file+0x5a>
10001786:	4652      	mov	r2, sl
10001788:	0023      	movs	r3, r4
1000178a:	0039      	movs	r1, r7
1000178c:	305e      	adds	r0, #94	@ 0x5e
1000178e:	f7ff fe69 	bl	10001464 <bmi2_set_regs>
10001792:	89e2      	ldrh	r2, [r4, #14]
10001794:	0003      	movs	r3, r0
10001796:	4692      	mov	sl, r2
10001798:	4456      	add	r6, sl
1000179a:	b2b6      	uxth	r6, r6
1000179c:	454e      	cmp	r6, r9
1000179e:	d202      	bcs.n	100017a6 <bmi2_write_config_file+0x14e>
100017a0:	2800      	cmp	r0, #0
100017a2:	d0df      	beq.n	10001764 <bmi2_write_config_file+0x10c>
100017a4:	e785      	b.n	100016b2 <bmi2_write_config_file+0x5a>
100017a6:	2800      	cmp	r0, #0
100017a8:	d000      	beq.n	100017ac <bmi2_write_config_file+0x154>
100017aa:	e782      	b.n	100016b2 <bmi2_write_config_file+0x5a>
100017ac:	3302      	adds	r3, #2
100017ae:	81e3      	strh	r3, [r4, #14]
100017b0:	45c8      	cmp	r8, r9
100017b2:	d933      	bls.n	1000181c <bmi2_write_config_file+0x1c4>
100017b4:	2302      	movs	r3, #2
100017b6:	270f      	movs	r7, #15
100017b8:	469b      	mov	fp, r3
100017ba:	6966      	ldr	r6, [r4, #20]
100017bc:	444e      	add	r6, r9
100017be:	2e00      	cmp	r6, #0
100017c0:	d026      	beq.n	10001810 <bmi2_write_config_file+0x1b8>
100017c2:	464b      	mov	r3, r9
100017c4:	085b      	lsrs	r3, r3, #1
100017c6:	403b      	ands	r3, r7
100017c8:	702b      	strb	r3, [r5, #0]
100017ca:	464b      	mov	r3, r9
100017cc:	095b      	lsrs	r3, r3, #5
100017ce:	0022      	movs	r2, r4
100017d0:	0029      	movs	r1, r5
100017d2:	205b      	movs	r0, #91	@ 0x5b
100017d4:	706b      	strb	r3, [r5, #1]
100017d6:	f7ff fa4b 	bl	10000c70 <bmi2_set_regs.constprop.1>
100017da:	2800      	cmp	r0, #0
100017dc:	d002      	beq.n	100017e4 <bmi2_write_config_file+0x18c>
100017de:	4653      	mov	r3, sl
100017e0:	81e3      	strh	r3, [r4, #14]
100017e2:	e766      	b.n	100016b2 <bmi2_write_config_file+0x5a>
100017e4:	0023      	movs	r3, r4
100017e6:	465a      	mov	r2, fp
100017e8:	0031      	movs	r1, r6
100017ea:	205e      	movs	r0, #94	@ 0x5e
100017ec:	f7ff fe3a 	bl	10001464 <bmi2_set_regs>
100017f0:	89e3      	ldrh	r3, [r4, #14]
100017f2:	469b      	mov	fp, r3
100017f4:	464b      	mov	r3, r9
100017f6:	445b      	add	r3, fp
100017f8:	b29b      	uxth	r3, r3
100017fa:	4699      	mov	r9, r3
100017fc:	4598      	cmp	r8, r3
100017fe:	d94a      	bls.n	10001896 <bmi2_write_config_file+0x23e>
10001800:	2800      	cmp	r0, #0
10001802:	d0da      	beq.n	100017ba <bmi2_write_config_file+0x162>
10001804:	e7eb      	b.n	100017de <bmi2_write_config_file+0x186>
10001806:	2300      	movs	r3, #0
10001808:	7423      	strb	r3, [r4, #16]
1000180a:	2001      	movs	r0, #1
1000180c:	4240      	negs	r0, r0
1000180e:	e750      	b.n	100016b2 <bmi2_write_config_file+0x5a>
10001810:	4653      	mov	r3, sl
10001812:	81e3      	strh	r3, [r4, #14]
10001814:	e7f9      	b.n	1000180a <bmi2_write_config_file+0x1b2>
10001816:	3302      	adds	r3, #2
10001818:	81e3      	strh	r3, [r4, #14]
1000181a:	e7cb      	b.n	100017b4 <bmi2_write_config_file+0x15c>
1000181c:	81e2      	strh	r2, [r4, #14]
1000181e:	2300      	movs	r3, #0
10001820:	0022      	movs	r2, r4
10001822:	0029      	movs	r1, r5
10001824:	2059      	movs	r0, #89	@ 0x59
10001826:	702b      	strb	r3, [r5, #0]
10001828:	f7ff faaa 	bl	10000d80 <bmi2_get_regs.constprop.0>
1000182c:	2800      	cmp	r0, #0
1000182e:	d000      	beq.n	10001832 <bmi2_write_config_file+0x1da>
10001830:	e73f      	b.n	100016b2 <bmi2_write_config_file+0x5a>
10001832:	2201      	movs	r2, #1
10001834:	782b      	ldrb	r3, [r5, #0]
10001836:	0029      	movs	r1, r5
10001838:	4313      	orrs	r3, r2
1000183a:	702b      	strb	r3, [r5, #0]
1000183c:	0022      	movs	r2, r4
1000183e:	3059      	adds	r0, #89	@ 0x59
10001840:	f7ff f9c2 	bl	10000bc8 <bmi2_set_regs.constprop.0>
10001844:	2800      	cmp	r0, #0
10001846:	d000      	beq.n	1000184a <bmi2_write_config_file+0x1f2>
10001848:	e733      	b.n	100016b2 <bmi2_write_config_file+0x5a>
1000184a:	0021      	movs	r1, r4
1000184c:	3001      	adds	r0, #1
1000184e:	f7ff fe93 	bl	10001578 <bmi2_set_adv_power_save>
10001852:	2800      	cmp	r0, #0
10001854:	d000      	beq.n	10001858 <bmi2_write_config_file+0x200>
10001856:	e72c      	b.n	100016b2 <bmi2_write_config_file+0x5a>
10001858:	6ba3      	ldr	r3, [r4, #56]	@ 0x38
1000185a:	2b00      	cmp	r3, #0
1000185c:	d0d3      	beq.n	10001806 <bmi2_write_config_file+0x1ae>
1000185e:	6be3      	ldr	r3, [r4, #60]	@ 0x3c
10001860:	2b00      	cmp	r3, #0
10001862:	d0d0      	beq.n	10001806 <bmi2_write_config_file+0x1ae>
10001864:	6c23      	ldr	r3, [r4, #64]	@ 0x40
10001866:	2b00      	cmp	r3, #0
10001868:	d0cd      	beq.n	10001806 <bmi2_write_config_file+0x1ae>
1000186a:	6861      	ldr	r1, [r4, #4]
1000186c:	480c      	ldr	r0, [pc, #48]	@ (100018a0 <bmi2_write_config_file+0x248>)
1000186e:	4798      	blx	r3
10001870:	466b      	mov	r3, sp
10001872:	0022      	movs	r2, r4
10001874:	1cd9      	adds	r1, r3, #3
10001876:	2021      	movs	r0, #33	@ 0x21
10001878:	f7ff fa82 	bl	10000d80 <bmi2_get_regs.constprop.0>
1000187c:	466b      	mov	r3, sp
1000187e:	78da      	ldrb	r2, [r3, #3]
10001880:	230f      	movs	r3, #15
10001882:	4013      	ands	r3, r2
10001884:	7423      	strb	r3, [r4, #16]
10001886:	2800      	cmp	r0, #0
10001888:	d000      	beq.n	1000188c <bmi2_write_config_file+0x234>
1000188a:	e712      	b.n	100016b2 <bmi2_write_config_file+0x5a>
1000188c:	2b01      	cmp	r3, #1
1000188e:	d100      	bne.n	10001892 <bmi2_write_config_file+0x23a>
10001890:	e70f      	b.n	100016b2 <bmi2_write_config_file+0x5a>
10001892:	3809      	subs	r0, #9
10001894:	e70d      	b.n	100016b2 <bmi2_write_config_file+0x5a>
10001896:	4653      	mov	r3, sl
10001898:	81e3      	strh	r3, [r4, #14]
1000189a:	2800      	cmp	r0, #0
1000189c:	d0bf      	beq.n	1000181e <bmi2_write_config_file+0x1c6>
1000189e:	e708      	b.n	100016b2 <bmi2_write_config_file+0x5a>
100018a0:	00004e20 	.word	0x00004e20

100018a4 <bmi2_soft_reset>:
100018a4:	b530      	push	{r4, r5, lr}
100018a6:	b083      	sub	sp, #12
100018a8:	23b6      	movs	r3, #182	@ 0xb6
100018aa:	466a      	mov	r2, sp
100018ac:	7193      	strb	r3, [r2, #6]
100018ae:	2300      	movs	r3, #0
100018b0:	1e04      	subs	r4, r0, #0
100018b2:	71d3      	strb	r3, [r2, #7]
100018b4:	d031      	beq.n	1000191a <bmi2_soft_reset+0x76>
100018b6:	6b83      	ldr	r3, [r0, #56]	@ 0x38
100018b8:	2b00      	cmp	r3, #0
100018ba:	d02e      	beq.n	1000191a <bmi2_soft_reset+0x76>
100018bc:	6bc3      	ldr	r3, [r0, #60]	@ 0x3c
100018be:	2b00      	cmp	r3, #0
100018c0:	d02b      	beq.n	1000191a <bmi2_soft_reset+0x76>
100018c2:	6c03      	ldr	r3, [r0, #64]	@ 0x40
100018c4:	2b00      	cmp	r3, #0
100018c6:	d028      	beq.n	1000191a <bmi2_soft_reset+0x76>
100018c8:	466b      	mov	r3, sp
100018ca:	0002      	movs	r2, r0
100018cc:	1d99      	adds	r1, r3, #6
100018ce:	207e      	movs	r0, #126	@ 0x7e
100018d0:	f7ff f97a 	bl	10000bc8 <bmi2_set_regs.constprop.0>
100018d4:	0005      	movs	r5, r0
100018d6:	20fa      	movs	r0, #250	@ 0xfa
100018d8:	6c23      	ldr	r3, [r4, #64]	@ 0x40
100018da:	6861      	ldr	r1, [r4, #4]
100018dc:	00c0      	lsls	r0, r0, #3
100018de:	4798      	blx	r3
100018e0:	2347      	movs	r3, #71	@ 0x47
100018e2:	2201      	movs	r2, #1
100018e4:	54e2      	strb	r2, [r4, r3]
100018e6:	2d00      	cmp	r5, #0
100018e8:	d10b      	bne.n	10001902 <bmi2_soft_reset+0x5e>
100018ea:	7a63      	ldrb	r3, [r4, #9]
100018ec:	2b00      	cmp	r3, #0
100018ee:	d00b      	beq.n	10001908 <bmi2_soft_reset+0x64>
100018f0:	0020      	movs	r0, r4
100018f2:	f7ff feb1 	bl	10001658 <bmi2_write_config_file>
100018f6:	1e05      	subs	r5, r0, #0
100018f8:	d103      	bne.n	10001902 <bmi2_soft_reset+0x5e>
100018fa:	2200      	movs	r2, #0
100018fc:	2300      	movs	r3, #0
100018fe:	6322      	str	r2, [r4, #48]	@ 0x30
10001900:	6363      	str	r3, [r4, #52]	@ 0x34
10001902:	0028      	movs	r0, r5
10001904:	b003      	add	sp, #12
10001906:	bd30      	pop	{r4, r5, pc}
10001908:	466b      	mov	r3, sp
1000190a:	0022      	movs	r2, r4
1000190c:	2000      	movs	r0, #0
1000190e:	1dd9      	adds	r1, r3, #7
10001910:	f7ff fa36 	bl	10000d80 <bmi2_get_regs.constprop.0>
10001914:	1e05      	subs	r5, r0, #0
10001916:	d1f4      	bne.n	10001902 <bmi2_soft_reset+0x5e>
10001918:	e7ea      	b.n	100018f0 <bmi2_soft_reset+0x4c>
1000191a:	2501      	movs	r5, #1
1000191c:	426d      	negs	r5, r5
1000191e:	e7f0      	b.n	10001902 <bmi2_soft_reset+0x5e>

10001920 <bmi2_sec_init>:
10001920:	b530      	push	{r4, r5, lr}
10001922:	b083      	sub	sp, #12
10001924:	2300      	movs	r3, #0
10001926:	466a      	mov	r2, sp
10001928:	1e04      	subs	r4, r0, #0
1000192a:	71d3      	strb	r3, [r2, #7]
1000192c:	d037      	beq.n	1000199e <bmi2_sec_init+0x7e>
1000192e:	6b83      	ldr	r3, [r0, #56]	@ 0x38
10001930:	2b00      	cmp	r3, #0
10001932:	d034      	beq.n	1000199e <bmi2_sec_init+0x7e>
10001934:	6bc3      	ldr	r3, [r0, #60]	@ 0x3c
10001936:	2b00      	cmp	r3, #0
10001938:	d031      	beq.n	1000199e <bmi2_sec_init+0x7e>
1000193a:	6c03      	ldr	r3, [r0, #64]	@ 0x40
1000193c:	2b00      	cmp	r3, #0
1000193e:	d02e      	beq.n	1000199e <bmi2_sec_init+0x7e>
10001940:	2347      	movs	r3, #71	@ 0x47
10001942:	2201      	movs	r2, #1
10001944:	54c2      	strb	r2, [r0, r3]
10001946:	7a43      	ldrb	r3, [r0, #9]
10001948:	2b00      	cmp	r3, #0
1000194a:	d01b      	beq.n	10001984 <bmi2_sec_init+0x64>
1000194c:	466b      	mov	r3, sp
1000194e:	0022      	movs	r2, r4
10001950:	1dd9      	adds	r1, r3, #7
10001952:	2000      	movs	r0, #0
10001954:	f7ff fa14 	bl	10000d80 <bmi2_get_regs.constprop.0>
10001958:	466b      	mov	r3, sp
1000195a:	0005      	movs	r5, r0
1000195c:	79d9      	ldrb	r1, [r3, #7]
1000195e:	2800      	cmp	r0, #0
10001960:	d119      	bne.n	10001996 <bmi2_sec_init+0x76>
10001962:	7823      	ldrb	r3, [r4, #0]
10001964:	428b      	cmp	r3, r1
10001966:	d11d      	bne.n	100019a4 <bmi2_sec_init+0x84>
10001968:	2310      	movs	r3, #16
1000196a:	7323      	strb	r3, [r4, #12]
1000196c:	3b0f      	subs	r3, #15
1000196e:	76e3      	strb	r3, [r4, #27]
10001970:	4b10      	ldr	r3, [pc, #64]	@ (100019b4 <bmi2_sec_init+0x94>)
10001972:	85a0      	strh	r0, [r4, #44]	@ 0x2c
10001974:	62a3      	str	r3, [r4, #40]	@ 0x28
10001976:	0020      	movs	r0, r4
10001978:	f7ff ff94 	bl	100018a4 <bmi2_soft_reset>
1000197c:	0005      	movs	r5, r0
1000197e:	0028      	movs	r0, r5
10001980:	b003      	add	sp, #12
10001982:	bd30      	pop	{r4, r5, pc}
10001984:	466b      	mov	r3, sp
10001986:	0002      	movs	r2, r0
10001988:	1dd9      	adds	r1, r3, #7
1000198a:	2000      	movs	r0, #0
1000198c:	f7ff f9f8 	bl	10000d80 <bmi2_get_regs.constprop.0>
10001990:	1e05      	subs	r5, r0, #0
10001992:	d1f4      	bne.n	1000197e <bmi2_sec_init+0x5e>
10001994:	e7da      	b.n	1000194c <bmi2_sec_init+0x2c>
10001996:	4808      	ldr	r0, [pc, #32]	@ (100019b8 <bmi2_sec_init+0x98>)
10001998:	f005 fde0 	bl	1000755c <__wrap_printf>
1000199c:	e7ef      	b.n	1000197e <bmi2_sec_init+0x5e>
1000199e:	2501      	movs	r5, #1
100019a0:	426d      	negs	r5, r5
100019a2:	e7ec      	b.n	1000197e <bmi2_sec_init+0x5e>
100019a4:	2503      	movs	r5, #3
100019a6:	4805      	ldr	r0, [pc, #20]	@ (100019bc <bmi2_sec_init+0x9c>)
100019a8:	7021      	strb	r1, [r4, #0]
100019aa:	f005 fdd7 	bl	1000755c <__wrap_printf>
100019ae:	426d      	negs	r5, r5
100019b0:	e7e5      	b.n	1000197e <bmi2_sec_init+0x5e>
100019b2:	46c0      	nop			@ (mov r8, r8)
100019b4:	00020100 	.word	0x00020100
100019b8:	1000b0d4 	.word	0x1000b0d4
100019bc:	1000b080 	.word	0x1000b080

100019c0 <bmi2_sensor_enable>:
100019c0:	b5f8      	push	{r3, r4, r5, r6, r7, lr}
100019c2:	46ce      	mov	lr, r9
100019c4:	4647      	mov	r7, r8
100019c6:	0005      	movs	r5, r0
100019c8:	000e      	movs	r6, r1
100019ca:	b580      	push	{r7, lr}
100019cc:	2a00      	cmp	r2, #0
100019ce:	d03f      	beq.n	10001a50 <bmi2_sensor_enable+0x90>
100019d0:	6b93      	ldr	r3, [r2, #56]	@ 0x38
100019d2:	2b00      	cmp	r3, #0
100019d4:	d03c      	beq.n	10001a50 <bmi2_sensor_enable+0x90>
100019d6:	6bd3      	ldr	r3, [r2, #60]	@ 0x3c
100019d8:	2b00      	cmp	r3, #0
100019da:	d039      	beq.n	10001a50 <bmi2_sensor_enable+0x90>
100019dc:	6c13      	ldr	r3, [r2, #64]	@ 0x40
100019de:	2b00      	cmp	r3, #0
100019e0:	d036      	beq.n	10001a50 <bmi2_sensor_enable+0x90>
100019e2:	2800      	cmp	r0, #0
100019e4:	d034      	beq.n	10001a50 <bmi2_sensor_enable+0x90>
100019e6:	2900      	cmp	r1, #0
100019e8:	d02f      	beq.n	10001a4a <bmi2_sensor_enable+0x8a>
100019ea:	2400      	movs	r4, #0
100019ec:	46a4      	mov	ip, r4
100019ee:	3404      	adds	r4, #4
100019f0:	46a1      	mov	r9, r4
100019f2:	3c02      	subs	r4, #2
100019f4:	2300      	movs	r3, #0
100019f6:	2000      	movs	r0, #0
100019f8:	2100      	movs	r1, #0
100019fa:	2701      	movs	r7, #1
100019fc:	46a0      	mov	r8, r4
100019fe:	e007      	b.n	10001a10 <bmi2_sensor_enable+0x50>
10001a00:	2c00      	cmp	r4, #0
10001a02:	d01c      	beq.n	10001a3e <bmi2_sensor_enable+0x7e>
10001a04:	4644      	mov	r4, r8
10001a06:	4320      	orrs	r0, r4
10001a08:	3301      	adds	r3, #1
10001a0a:	b2dc      	uxtb	r4, r3
10001a0c:	42a6      	cmp	r6, r4
10001a0e:	d90a      	bls.n	10001a26 <bmi2_sensor_enable+0x66>
10001a10:	5cec      	ldrb	r4, [r5, r3]
10001a12:	2c02      	cmp	r4, #2
10001a14:	d010      	beq.n	10001a38 <bmi2_sensor_enable+0x78>
10001a16:	d9f3      	bls.n	10001a00 <bmi2_sensor_enable+0x40>
10001a18:	2c20      	cmp	r4, #32
10001a1a:	d112      	bne.n	10001a42 <bmi2_sensor_enable+0x82>
10001a1c:	3301      	adds	r3, #1
10001a1e:	b2dc      	uxtb	r4, r3
10001a20:	4339      	orrs	r1, r7
10001a22:	42a6      	cmp	r6, r4
10001a24:	d8f4      	bhi.n	10001a10 <bmi2_sensor_enable+0x50>
10001a26:	4663      	mov	r3, ip
10001a28:	2b00      	cmp	r3, #0
10001a2a:	d114      	bne.n	10001a56 <bmi2_sensor_enable+0x96>
10001a2c:	f7ff fc24 	bl	10001278 <sensor_enable>
10001a30:	bcc0      	pop	{r6, r7}
10001a32:	46b9      	mov	r9, r7
10001a34:	46b0      	mov	r8, r6
10001a36:	bdf8      	pop	{r3, r4, r5, r6, r7, pc}
10001a38:	464c      	mov	r4, r9
10001a3a:	4320      	orrs	r0, r4
10001a3c:	e7e4      	b.n	10001a08 <bmi2_sensor_enable+0x48>
10001a3e:	4338      	orrs	r0, r7
10001a40:	e7e2      	b.n	10001a08 <bmi2_sensor_enable+0x48>
10001a42:	2408      	movs	r4, #8
10001a44:	4264      	negs	r4, r4
10001a46:	46a4      	mov	ip, r4
10001a48:	e7de      	b.n	10001a08 <bmi2_sensor_enable+0x48>
10001a4a:	2000      	movs	r0, #0
10001a4c:	2100      	movs	r1, #0
10001a4e:	e7ed      	b.n	10001a2c <bmi2_sensor_enable+0x6c>
10001a50:	2001      	movs	r0, #1
10001a52:	4240      	negs	r0, r0
10001a54:	e7ec      	b.n	10001a30 <bmi2_sensor_enable+0x70>
10001a56:	2008      	movs	r0, #8
10001a58:	4240      	negs	r0, r0
10001a5a:	e7e9      	b.n	10001a30 <bmi2_sensor_enable+0x70>

10001a5c <bmi2_parse_sensor_data>:
10001a5c:	b5f0      	push	{r4, r5, r6, r7, lr}
10001a5e:	0004      	movs	r4, r0
10001a60:	000e      	movs	r6, r1
10001a62:	0015      	movs	r5, r2
10001a64:	b085      	sub	sp, #20
10001a66:	2a00      	cmp	r2, #0
10001a68:	d100      	bne.n	10001a6c <bmi2_parse_sensor_data+0x10>
10001a6a:	e09a      	b.n	10001ba2 <bmi2_parse_sensor_data+0x146>
10001a6c:	6b93      	ldr	r3, [r2, #56]	@ 0x38
10001a6e:	2b00      	cmp	r3, #0
10001a70:	d100      	bne.n	10001a74 <bmi2_parse_sensor_data+0x18>
10001a72:	e096      	b.n	10001ba2 <bmi2_parse_sensor_data+0x146>
10001a74:	6bd3      	ldr	r3, [r2, #60]	@ 0x3c
10001a76:	2b00      	cmp	r3, #0
10001a78:	d100      	bne.n	10001a7c <bmi2_parse_sensor_data+0x20>
10001a7a:	e092      	b.n	10001ba2 <bmi2_parse_sensor_data+0x146>
10001a7c:	6c13      	ldr	r3, [r2, #64]	@ 0x40
10001a7e:	2b00      	cmp	r3, #0
10001a80:	d100      	bne.n	10001a84 <bmi2_parse_sensor_data+0x28>
10001a82:	e08e      	b.n	10001ba2 <bmi2_parse_sensor_data+0x146>
10001a84:	2900      	cmp	r1, #0
10001a86:	d100      	bne.n	10001a8a <bmi2_parse_sensor_data+0x2e>
10001a88:	e08b      	b.n	10001ba2 <bmi2_parse_sensor_data+0x146>
10001a8a:	000b      	movs	r3, r1
10001a8c:	3318      	adds	r3, #24
10001a8e:	001a      	movs	r2, r3
10001a90:	1c41      	adds	r1, r0, #1
10001a92:	430a      	orrs	r2, r1
10001a94:	0792      	lsls	r2, r2, #30
10001a96:	d000      	beq.n	10001a9a <bmi2_parse_sensor_data+0x3e>
10001a98:	e072      	b.n	10001b80 <bmi2_parse_sensor_data+0x124>
10001a9a:	1c82      	adds	r2, r0, #2
10001a9c:	1a9b      	subs	r3, r3, r2
10001a9e:	2b02      	cmp	r3, #2
10001aa0:	d800      	bhi.n	10001aa4 <bmi2_parse_sensor_data+0x48>
10001aa2:	e06d      	b.n	10001b80 <bmi2_parse_sensor_data+0x124>
10001aa4:	680b      	ldr	r3, [r1, #0]
10001aa6:	61b3      	str	r3, [r6, #24]
10001aa8:	1d43      	adds	r3, r0, #5
10001aaa:	681b      	ldr	r3, [r3, #0]
10001aac:	61f3      	str	r3, [r6, #28]
10001aae:	7aa3      	ldrb	r3, [r4, #10]
10001ab0:	7a62      	ldrb	r2, [r4, #9]
10001ab2:	021b      	lsls	r3, r3, #8
10001ab4:	4313      	orrs	r3, r2
10001ab6:	8033      	strh	r3, [r6, #0]
10001ab8:	7b23      	ldrb	r3, [r4, #12]
10001aba:	7ae2      	ldrb	r2, [r4, #11]
10001abc:	021b      	lsls	r3, r3, #8
10001abe:	4313      	orrs	r3, r2
10001ac0:	8073      	strh	r3, [r6, #2]
10001ac2:	7ba3      	ldrb	r3, [r4, #14]
10001ac4:	7b62      	ldrb	r2, [r4, #13]
10001ac6:	202d      	movs	r0, #45	@ 0x2d
10001ac8:	021b      	lsls	r3, r3, #8
10001aca:	4313      	orrs	r3, r2
10001acc:	80b3      	strh	r3, [r6, #4]
10001ace:	2229      	movs	r2, #41	@ 0x29
10001ad0:	232a      	movs	r3, #42	@ 0x2a
10001ad2:	2128      	movs	r1, #40	@ 0x28
10001ad4:	5c28      	ldrb	r0, [r5, r0]
10001ad6:	5ceb      	ldrb	r3, [r5, r3]
10001ad8:	5caa      	ldrb	r2, [r5, r2]
10001ada:	5c69      	ldrb	r1, [r5, r1]
10001adc:	9002      	str	r0, [sp, #8]
10001ade:	202c      	movs	r0, #44	@ 0x2c
10001ae0:	5c28      	ldrb	r0, [r5, r0]
10001ae2:	9001      	str	r0, [sp, #4]
10001ae4:	202b      	movs	r0, #43	@ 0x2b
10001ae6:	5c28      	ldrb	r0, [r5, r0]
10001ae8:	9000      	str	r0, [sp, #0]
10001aea:	0030      	movs	r0, r6
10001aec:	f7ff fab4 	bl	10001058 <get_remapped_data.isra.0>
10001af0:	7c21      	ldrb	r1, [r4, #16]
10001af2:	7be3      	ldrb	r3, [r4, #15]
10001af4:	0209      	lsls	r1, r1, #8
10001af6:	4319      	orrs	r1, r3
10001af8:	b209      	sxth	r1, r1
10001afa:	81b1      	strh	r1, [r6, #12]
10001afc:	7ca3      	ldrb	r3, [r4, #18]
10001afe:	7c62      	ldrb	r2, [r4, #17]
10001b00:	021b      	lsls	r3, r3, #8
10001b02:	4313      	orrs	r3, r2
10001b04:	81f3      	strh	r3, [r6, #14]
10001b06:	7d22      	ldrb	r2, [r4, #20]
10001b08:	7ce3      	ldrb	r3, [r4, #19]
10001b0a:	0212      	lsls	r2, r2, #8
10001b0c:	431a      	orrs	r2, r3
10001b0e:	2344      	movs	r3, #68	@ 0x44
10001b10:	b212      	sxth	r2, r2
10001b12:	8232      	strh	r2, [r6, #16]
10001b14:	5eeb      	ldrsh	r3, [r5, r3]
10001b16:	435a      	muls	r2, r3
10001b18:	17d3      	asrs	r3, r2, #31
10001b1a:	05db      	lsls	r3, r3, #23
10001b1c:	0ddb      	lsrs	r3, r3, #23
10001b1e:	189b      	adds	r3, r3, r2
10001b20:	125b      	asrs	r3, r3, #9
10001b22:	b21b      	sxth	r3, r3
10001b24:	1ac9      	subs	r1, r1, r3
10001b26:	2380      	movs	r3, #128	@ 0x80
10001b28:	021b      	lsls	r3, r3, #8
10001b2a:	4299      	cmp	r1, r3
10001b2c:	da26      	bge.n	10001b7c <bmi2_parse_sensor_data+0x120>
10001b2e:	4a1e      	ldr	r2, [pc, #120]	@ (10001ba8 <bmi2_parse_sensor_data+0x14c>)
10001b30:	0013      	movs	r3, r2
10001b32:	4291      	cmp	r1, r2
10001b34:	db00      	blt.n	10001b38 <bmi2_parse_sensor_data+0xdc>
10001b36:	b20b      	sxth	r3, r1
10001b38:	272d      	movs	r7, #45	@ 0x2d
10001b3a:	81b3      	strh	r3, [r6, #12]
10001b3c:	2229      	movs	r2, #41	@ 0x29
10001b3e:	232a      	movs	r3, #42	@ 0x2a
10001b40:	2128      	movs	r1, #40	@ 0x28
10001b42:	5def      	ldrb	r7, [r5, r7]
10001b44:	5ceb      	ldrb	r3, [r5, r3]
10001b46:	5caa      	ldrb	r2, [r5, r2]
10001b48:	5c69      	ldrb	r1, [r5, r1]
10001b4a:	9702      	str	r7, [sp, #8]
10001b4c:	272c      	movs	r7, #44	@ 0x2c
10001b4e:	5def      	ldrb	r7, [r5, r7]
10001b50:	0030      	movs	r0, r6
10001b52:	9701      	str	r7, [sp, #4]
10001b54:	272b      	movs	r7, #43	@ 0x2b
10001b56:	5ded      	ldrb	r5, [r5, r7]
10001b58:	300c      	adds	r0, #12
10001b5a:	9500      	str	r5, [sp, #0]
10001b5c:	f7ff fa7c 	bl	10001058 <get_remapped_data.isra.0>
10001b60:	7de3      	ldrb	r3, [r4, #23]
10001b62:	7d62      	ldrb	r2, [r4, #21]
10001b64:	041b      	lsls	r3, r3, #16
10001b66:	4313      	orrs	r3, r2
10001b68:	7da2      	ldrb	r2, [r4, #22]
10001b6a:	2000      	movs	r0, #0
10001b6c:	0212      	lsls	r2, r2, #8
10001b6e:	4313      	orrs	r3, r2
10001b70:	6233      	str	r3, [r6, #32]
10001b72:	2324      	movs	r3, #36	@ 0x24
10001b74:	7822      	ldrb	r2, [r4, #0]
10001b76:	54f2      	strb	r2, [r6, r3]
10001b78:	b005      	add	sp, #20
10001b7a:	bdf0      	pop	{r4, r5, r6, r7, pc}
10001b7c:	4b0b      	ldr	r3, [pc, #44]	@ (10001bac <bmi2_parse_sensor_data+0x150>)
10001b7e:	e7db      	b.n	10001b38 <bmi2_parse_sensor_data+0xdc>
10001b80:	7863      	ldrb	r3, [r4, #1]
10001b82:	7633      	strb	r3, [r6, #24]
10001b84:	78a3      	ldrb	r3, [r4, #2]
10001b86:	7673      	strb	r3, [r6, #25]
10001b88:	78e3      	ldrb	r3, [r4, #3]
10001b8a:	76b3      	strb	r3, [r6, #26]
10001b8c:	7923      	ldrb	r3, [r4, #4]
10001b8e:	76f3      	strb	r3, [r6, #27]
10001b90:	7963      	ldrb	r3, [r4, #5]
10001b92:	7733      	strb	r3, [r6, #28]
10001b94:	79a3      	ldrb	r3, [r4, #6]
10001b96:	7773      	strb	r3, [r6, #29]
10001b98:	79e3      	ldrb	r3, [r4, #7]
10001b9a:	77b3      	strb	r3, [r6, #30]
10001b9c:	7a23      	ldrb	r3, [r4, #8]
10001b9e:	77f3      	strb	r3, [r6, #31]
10001ba0:	e785      	b.n	10001aae <bmi2_parse_sensor_data+0x52>
10001ba2:	2001      	movs	r0, #1
10001ba4:	4240      	negs	r0, r0
10001ba6:	e7e7      	b.n	10001b78 <bmi2_parse_sensor_data+0x11c>
10001ba8:	ffff8000 	.word	0xffff8000
10001bac:	00007fff 	.word	0x00007fff

10001bb0 <bmi2_get_sensor_data>:
10001bb0:	b5f0      	push	{r4, r5, r6, r7, lr}
10001bb2:	46c6      	mov	lr, r8
10001bb4:	b500      	push	{lr}
10001bb6:	0005      	movs	r5, r0
10001bb8:	000c      	movs	r4, r1
10001bba:	b0a6      	sub	sp, #152	@ 0x98
10001bbc:	2800      	cmp	r0, #0
10001bbe:	d041      	beq.n	10001c44 <bmi2_get_sensor_data+0x94>
10001bc0:	2900      	cmp	r1, #0
10001bc2:	d03f      	beq.n	10001c44 <bmi2_get_sensor_data+0x94>
10001bc4:	6b8e      	ldr	r6, [r1, #56]	@ 0x38
10001bc6:	2e00      	cmp	r6, #0
10001bc8:	d03c      	beq.n	10001c44 <bmi2_get_sensor_data+0x94>
10001bca:	6bcb      	ldr	r3, [r1, #60]	@ 0x3c
10001bcc:	2b00      	cmp	r3, #0
10001bce:	d039      	beq.n	10001c44 <bmi2_get_sensor_data+0x94>
10001bd0:	6c0b      	ldr	r3, [r1, #64]	@ 0x40
10001bd2:	2b00      	cmp	r3, #0
10001bd4:	d036      	beq.n	10001c44 <bmi2_get_sensor_data+0x94>
10001bd6:	7a48      	ldrb	r0, [r1, #9]
10001bd8:	7aca      	ldrb	r2, [r1, #11]
10001bda:	4243      	negs	r3, r0
10001bdc:	4158      	adcs	r0, r3
10001bde:	af06      	add	r7, sp, #24
10001be0:	01c0      	lsls	r0, r0, #7
10001be2:	3218      	adds	r2, #24
10001be4:	684b      	ldr	r3, [r1, #4]
10001be6:	3003      	adds	r0, #3
10001be8:	0039      	movs	r1, r7
10001bea:	47b0      	blx	r6
10001bec:	0006      	movs	r6, r0
10001bee:	4b1e      	ldr	r3, [pc, #120]	@ (10001c68 <bmi2_get_sensor_data+0xb8>)
10001bf0:	0001      	movs	r1, r0
10001bf2:	0018      	movs	r0, r3
10001bf4:	4698      	mov	r8, r3
10001bf6:	f005 fcb1 	bl	1000755c <__wrap_printf>
10001bfa:	7ae3      	ldrb	r3, [r4, #11]
10001bfc:	6861      	ldr	r1, [r4, #4]
10001bfe:	3318      	adds	r3, #24
10001c00:	1b9b      	subs	r3, r3, r6
10001c02:	1e5a      	subs	r2, r3, #1
10001c04:	4193      	sbcs	r3, r2
10001c06:	72a3      	strb	r3, [r4, #10]
10001c08:	2347      	movs	r3, #71	@ 0x47
10001c0a:	5ce3      	ldrb	r3, [r4, r3]
10001c0c:	6c22      	ldr	r2, [r4, #64]	@ 0x40
10001c0e:	2b01      	cmp	r3, #1
10001c10:	d014      	beq.n	10001c3c <bmi2_get_sensor_data+0x8c>
10001c12:	2002      	movs	r0, #2
10001c14:	4790      	blx	r2
10001c16:	230a      	movs	r3, #10
10001c18:	56e3      	ldrsb	r3, [r4, r3]
10001c1a:	2b00      	cmp	r3, #0
10001c1c:	d115      	bne.n	10001c4a <bmi2_get_sensor_data+0x9a>
10001c1e:	7ae1      	ldrb	r1, [r4, #11]
10001c20:	2218      	movs	r2, #24
10001c22:	1879      	adds	r1, r7, r1
10001c24:	4668      	mov	r0, sp
10001c26:	f003 fe03 	bl	10005830 <__wrap___aeabi_memcpy>
10001c2a:	0022      	movs	r2, r4
10001c2c:	0029      	movs	r1, r5
10001c2e:	4668      	mov	r0, sp
10001c30:	f7ff ff14 	bl	10001a5c <bmi2_parse_sensor_data>
10001c34:	b026      	add	sp, #152	@ 0x98
10001c36:	bc80      	pop	{r7}
10001c38:	46b8      	mov	r8, r7
10001c3a:	bdf0      	pop	{r4, r5, r6, r7, pc}
10001c3c:	20e1      	movs	r0, #225	@ 0xe1
10001c3e:	0040      	lsls	r0, r0, #1
10001c40:	4790      	blx	r2
10001c42:	e7e8      	b.n	10001c16 <bmi2_get_sensor_data+0x66>
10001c44:	2001      	movs	r0, #1
10001c46:	4240      	negs	r0, r0
10001c48:	e7f4      	b.n	10001c34 <bmi2_get_sensor_data+0x84>
10001c4a:	4808      	ldr	r0, [pc, #32]	@ (10001c6c <bmi2_get_sensor_data+0xbc>)
10001c4c:	f005 fc02 	bl	10007454 <__wrap_puts>
10001c50:	0031      	movs	r1, r6
10001c52:	4640      	mov	r0, r8
10001c54:	f005 fc82 	bl	1000755c <__wrap_printf>
10001c58:	7ae1      	ldrb	r1, [r4, #11]
10001c5a:	4805      	ldr	r0, [pc, #20]	@ (10001c70 <bmi2_get_sensor_data+0xc0>)
10001c5c:	3118      	adds	r1, #24
10001c5e:	f005 fc7d 	bl	1000755c <__wrap_printf>
10001c62:	2002      	movs	r0, #2
10001c64:	4240      	negs	r0, r0
10001c66:	e7e5      	b.n	10001c34 <bmi2_get_sensor_data+0x84>
10001c68:	1000b03c 	.word	0x1000b03c
10001c6c:	1000b054 	.word	0x1000b054
10001c70:	1000b064 	.word	0x1000b064

10001c74 <bmi2_map_data_int>:
10001c74:	b5f0      	push	{r4, r5, r6, r7, lr}
10001c76:	4647      	mov	r7, r8
10001c78:	46ce      	mov	lr, r9
10001c7a:	b580      	push	{r7, lr}
10001c7c:	b0a3      	sub	sp, #140	@ 0x8c
10001c7e:	0014      	movs	r4, r2
10001c80:	2300      	movs	r3, #0
10001c82:	466a      	mov	r2, sp
10001c84:	0007      	movs	r7, r0
10001c86:	000d      	movs	r5, r1
10001c88:	71d3      	strb	r3, [r2, #7]
10001c8a:	2c00      	cmp	r4, #0
10001c8c:	d054      	beq.n	10001d38 <bmi2_map_data_int+0xc4>
10001c8e:	6ba6      	ldr	r6, [r4, #56]	@ 0x38
10001c90:	2e00      	cmp	r6, #0
10001c92:	d051      	beq.n	10001d38 <bmi2_map_data_int+0xc4>
10001c94:	6be3      	ldr	r3, [r4, #60]	@ 0x3c
10001c96:	2b00      	cmp	r3, #0
10001c98:	d04e      	beq.n	10001d38 <bmi2_map_data_int+0xc4>
10001c9a:	6c23      	ldr	r3, [r4, #64]	@ 0x40
10001c9c:	2b00      	cmp	r3, #0
10001c9e:	d04b      	beq.n	10001d38 <bmi2_map_data_int+0xc4>
10001ca0:	7a60      	ldrb	r0, [r4, #9]
10001ca2:	7ae2      	ldrb	r2, [r4, #11]
10001ca4:	4243      	negs	r3, r0
10001ca6:	4158      	adcs	r0, r3
10001ca8:	01c0      	lsls	r0, r0, #7
10001caa:	3201      	adds	r2, #1
10001cac:	a902      	add	r1, sp, #8
10001cae:	6863      	ldr	r3, [r4, #4]
10001cb0:	3058      	adds	r0, #88	@ 0x58
10001cb2:	4688      	mov	r8, r1
10001cb4:	47b0      	blx	r6
10001cb6:	0006      	movs	r6, r0
10001cb8:	4b28      	ldr	r3, [pc, #160]	@ (10001d5c <bmi2_map_data_int+0xe8>)
10001cba:	0001      	movs	r1, r0
10001cbc:	0018      	movs	r0, r3
10001cbe:	4699      	mov	r9, r3
10001cc0:	f005 fc4c 	bl	1000755c <__wrap_printf>
10001cc4:	7ae3      	ldrb	r3, [r4, #11]
10001cc6:	6861      	ldr	r1, [r4, #4]
10001cc8:	3301      	adds	r3, #1
10001cca:	1b9b      	subs	r3, r3, r6
10001ccc:	1e5a      	subs	r2, r3, #1
10001cce:	4193      	sbcs	r3, r2
10001cd0:	72a3      	strb	r3, [r4, #10]
10001cd2:	2347      	movs	r3, #71	@ 0x47
10001cd4:	5ce3      	ldrb	r3, [r4, r3]
10001cd6:	6c22      	ldr	r2, [r4, #64]	@ 0x40
10001cd8:	2b01      	cmp	r3, #1
10001cda:	d022      	beq.n	10001d22 <bmi2_map_data_int+0xae>
10001cdc:	2002      	movs	r0, #2
10001cde:	4790      	blx	r2
10001ce0:	230a      	movs	r3, #10
10001ce2:	56e3      	ldrsb	r3, [r4, r3]
10001ce4:	2b00      	cmp	r3, #0
10001ce6:	d12a      	bne.n	10001d3e <bmi2_map_data_int+0xca>
10001ce8:	4642      	mov	r2, r8
10001cea:	200c      	movs	r0, #12
10001cec:	7ae3      	ldrb	r3, [r4, #11]
10001cee:	4240      	negs	r0, r0
10001cf0:	5cd3      	ldrb	r3, [r2, r3]
10001cf2:	2d03      	cmp	r5, #3
10001cf4:	d810      	bhi.n	10001d18 <bmi2_map_data_int+0xa4>
10001cf6:	013a      	lsls	r2, r7, #4
10001cf8:	b2d2      	uxtb	r2, r2
10001cfa:	2d02      	cmp	r5, #2
10001cfc:	d018      	beq.n	10001d30 <bmi2_map_data_int+0xbc>
10001cfe:	2d03      	cmp	r5, #3
10001d00:	d018      	beq.n	10001d34 <bmi2_map_data_int+0xc0>
10001d02:	2d01      	cmp	r5, #1
10001d04:	d111      	bne.n	10001d2a <bmi2_map_data_int+0xb6>
10001d06:	433b      	orrs	r3, r7
10001d08:	466a      	mov	r2, sp
10001d0a:	71d3      	strb	r3, [r2, #7]
10001d0c:	466b      	mov	r3, sp
10001d0e:	0022      	movs	r2, r4
10001d10:	2058      	movs	r0, #88	@ 0x58
10001d12:	1dd9      	adds	r1, r3, #7
10001d14:	f7fe ff58 	bl	10000bc8 <bmi2_set_regs.constprop.0>
10001d18:	b023      	add	sp, #140	@ 0x8c
10001d1a:	bcc0      	pop	{r6, r7}
10001d1c:	46b9      	mov	r9, r7
10001d1e:	46b0      	mov	r8, r6
10001d20:	bdf0      	pop	{r4, r5, r6, r7, pc}
10001d22:	20e1      	movs	r0, #225	@ 0xe1
10001d24:	0040      	lsls	r0, r0, #1
10001d26:	4790      	blx	r2
10001d28:	e7da      	b.n	10001ce0 <bmi2_map_data_int+0x6c>
10001d2a:	433a      	orrs	r2, r7
10001d2c:	4393      	bics	r3, r2
10001d2e:	e7eb      	b.n	10001d08 <bmi2_map_data_int+0x94>
10001d30:	4313      	orrs	r3, r2
10001d32:	e7e9      	b.n	10001d08 <bmi2_map_data_int+0x94>
10001d34:	4313      	orrs	r3, r2
10001d36:	e7e6      	b.n	10001d06 <bmi2_map_data_int+0x92>
10001d38:	2001      	movs	r0, #1
10001d3a:	4240      	negs	r0, r0
10001d3c:	e7ec      	b.n	10001d18 <bmi2_map_data_int+0xa4>
10001d3e:	4808      	ldr	r0, [pc, #32]	@ (10001d60 <bmi2_map_data_int+0xec>)
10001d40:	f005 fb88 	bl	10007454 <__wrap_puts>
10001d44:	0031      	movs	r1, r6
10001d46:	4648      	mov	r0, r9
10001d48:	f005 fc08 	bl	1000755c <__wrap_printf>
10001d4c:	7ae1      	ldrb	r1, [r4, #11]
10001d4e:	4805      	ldr	r0, [pc, #20]	@ (10001d64 <bmi2_map_data_int+0xf0>)
10001d50:	3101      	adds	r1, #1
10001d52:	f005 fc03 	bl	1000755c <__wrap_printf>
10001d56:	2002      	movs	r0, #2
10001d58:	4240      	negs	r0, r0
10001d5a:	e7dd      	b.n	10001d18 <bmi2_map_data_int+0xa4>
10001d5c:	1000b03c 	.word	0x1000b03c
10001d60:	1000b054 	.word	0x1000b054
10001d64:	1000b064 	.word	0x1000b064

10001d68 <bmi2_get_feat_config>:
10001d68:	b5f0      	push	{r4, r5, r6, r7, lr}
10001d6a:	464e      	mov	r6, r9
10001d6c:	46de      	mov	lr, fp
10001d6e:	4657      	mov	r7, sl
10001d70:	4645      	mov	r5, r8
10001d72:	4689      	mov	r9, r1
10001d74:	b5e0      	push	{r5, r6, r7, lr}
10001d76:	b0a5      	sub	sp, #148	@ 0x94
10001d78:	ab02      	add	r3, sp, #8
10001d7a:	1dd9      	adds	r1, r3, #7
10001d7c:	464b      	mov	r3, r9
10001d7e:	0014      	movs	r4, r2
10001d80:	7008      	strb	r0, [r1, #0]
10001d82:	2b00      	cmp	r3, #0
10001d84:	d100      	bne.n	10001d88 <bmi2_get_feat_config+0x20>
10001d86:	e104      	b.n	10001f92 <bmi2_get_feat_config+0x22a>
10001d88:	2a00      	cmp	r2, #0
10001d8a:	d100      	bne.n	10001d8e <bmi2_get_feat_config+0x26>
10001d8c:	e101      	b.n	10001f92 <bmi2_get_feat_config+0x22a>
10001d8e:	7e12      	ldrb	r2, [r2, #24]
10001d90:	780b      	ldrb	r3, [r1, #0]
10001d92:	429a      	cmp	r2, r3
10001d94:	d800      	bhi.n	10001d98 <bmi2_get_feat_config+0x30>
10001d96:	e0ff      	b.n	10001f98 <bmi2_get_feat_config+0x230>
10001d98:	0022      	movs	r2, r4
10001d9a:	202f      	movs	r0, #47	@ 0x2f
10001d9c:	f7fe ff14 	bl	10000bc8 <bmi2_set_regs.constprop.0>
10001da0:	1e03      	subs	r3, r0, #0
10001da2:	d173      	bne.n	10001e8c <bmi2_get_feat_config+0x124>
10001da4:	89e2      	ldrh	r2, [r4, #14]
10001da6:	2a0f      	cmp	r2, #15
10001da8:	d900      	bls.n	10001dac <bmi2_get_feat_config+0x44>
10001daa:	e07f      	b.n	10001eac <bmi2_get_feat_config+0x144>
10001dac:	07d1      	lsls	r1, r2, #31
10001dae:	d500      	bpl.n	10001db2 <bmi2_get_feat_config+0x4a>
10001db0:	e078      	b.n	10001ea4 <bmi2_get_feat_config+0x13c>
10001db2:	2130      	movs	r1, #48	@ 0x30
10001db4:	4688      	mov	r8, r1
10001db6:	2100      	movs	r1, #0
10001db8:	2600      	movs	r6, #0
10001dba:	468a      	mov	sl, r1
10001dbc:	4987      	ldr	r1, [pc, #540]	@ (10001fdc <bmi2_get_feat_config+0x274>)
10001dbe:	2510      	movs	r5, #16
10001dc0:	9101      	str	r1, [sp, #4]
10001dc2:	0031      	movs	r1, r6
10001dc4:	af04      	add	r7, sp, #16
10001dc6:	4646      	mov	r6, r8
10001dc8:	9302      	str	r3, [sp, #8]
10001dca:	4688      	mov	r8, r1
10001dcc:	e018      	b.n	10001e00 <bmi2_get_feat_config+0x98>
10001dce:	4649      	mov	r1, r9
10001dd0:	0023      	movs	r3, r4
10001dd2:	0030      	movs	r0, r6
10001dd4:	4451      	add	r1, sl
10001dd6:	f7ff fadd 	bl	10001394 <bmi2_get_regs>
10001dda:	4652      	mov	r2, sl
10001ddc:	2510      	movs	r5, #16
10001dde:	7ba3      	ldrb	r3, [r4, #14]
10001de0:	189a      	adds	r2, r3, r2
10001de2:	199e      	adds	r6, r3, r6
10001de4:	4443      	add	r3, r8
10001de6:	b2db      	uxtb	r3, r3
10001de8:	b2d2      	uxtb	r2, r2
10001dea:	1aed      	subs	r5, r5, r3
10001dec:	4692      	mov	sl, r2
10001dee:	4698      	mov	r8, r3
10001df0:	b2f6      	uxtb	r6, r6
10001df2:	b2ed      	uxtb	r5, r5
10001df4:	2800      	cmp	r0, #0
10001df6:	d000      	beq.n	10001dfa <bmi2_get_feat_config+0x92>
10001df8:	e0c5      	b.n	10001f86 <bmi2_get_feat_config+0x21e>
10001dfa:	2d00      	cmp	r5, #0
10001dfc:	d045      	beq.n	10001e8a <bmi2_get_feat_config+0x122>
10001dfe:	89e2      	ldrh	r2, [r4, #14]
10001e00:	4295      	cmp	r5, r2
10001e02:	d2e4      	bcs.n	10001dce <bmi2_get_feat_config+0x66>
10001e04:	6ba3      	ldr	r3, [r4, #56]	@ 0x38
10001e06:	469b      	mov	fp, r3
10001e08:	2b00      	cmp	r3, #0
10001e0a:	d100      	bne.n	10001e0e <bmi2_get_feat_config+0xa6>
10001e0c:	e0c1      	b.n	10001f92 <bmi2_get_feat_config+0x22a>
10001e0e:	6be3      	ldr	r3, [r4, #60]	@ 0x3c
10001e10:	2b00      	cmp	r3, #0
10001e12:	d100      	bne.n	10001e16 <bmi2_get_feat_config+0xae>
10001e14:	e0bd      	b.n	10001f92 <bmi2_get_feat_config+0x22a>
10001e16:	6c23      	ldr	r3, [r4, #64]	@ 0x40
10001e18:	2b00      	cmp	r3, #0
10001e1a:	d100      	bne.n	10001e1e <bmi2_get_feat_config+0xb6>
10001e1c:	e0b9      	b.n	10001f92 <bmi2_get_feat_config+0x22a>
10001e1e:	7a63      	ldrb	r3, [r4, #9]
10001e20:	0030      	movs	r0, r6
10001e22:	2b00      	cmp	r3, #0
10001e24:	d101      	bne.n	10001e2a <bmi2_get_feat_config+0xc2>
10001e26:	2080      	movs	r0, #128	@ 0x80
10001e28:	4330      	orrs	r0, r6
10001e2a:	7ae2      	ldrb	r2, [r4, #11]
10001e2c:	6863      	ldr	r3, [r4, #4]
10001e2e:	1952      	adds	r2, r2, r5
10001e30:	0039      	movs	r1, r7
10001e32:	47d8      	blx	fp
10001e34:	4683      	mov	fp, r0
10001e36:	0001      	movs	r1, r0
10001e38:	9801      	ldr	r0, [sp, #4]
10001e3a:	f005 fb8f 	bl	1000755c <__wrap_printf>
10001e3e:	465a      	mov	r2, fp
10001e40:	7ae3      	ldrb	r3, [r4, #11]
10001e42:	6861      	ldr	r1, [r4, #4]
10001e44:	195b      	adds	r3, r3, r5
10001e46:	1a9b      	subs	r3, r3, r2
10001e48:	1e5a      	subs	r2, r3, #1
10001e4a:	4193      	sbcs	r3, r2
10001e4c:	72a3      	strb	r3, [r4, #10]
10001e4e:	2347      	movs	r3, #71	@ 0x47
10001e50:	5ce3      	ldrb	r3, [r4, r3]
10001e52:	6c22      	ldr	r2, [r4, #64]	@ 0x40
10001e54:	2b01      	cmp	r3, #1
10001e56:	d021      	beq.n	10001e9c <bmi2_get_feat_config+0x134>
10001e58:	2002      	movs	r0, #2
10001e5a:	4790      	blx	r2
10001e5c:	230a      	movs	r3, #10
10001e5e:	56e3      	ldrsb	r3, [r4, r3]
10001e60:	2b00      	cmp	r3, #0
10001e62:	d000      	beq.n	10001e66 <bmi2_get_feat_config+0xfe>
10001e64:	e09b      	b.n	10001f9e <bmi2_get_feat_config+0x236>
10001e66:	4649      	mov	r1, r9
10001e68:	4451      	add	r1, sl
10001e6a:	7ae2      	ldrb	r2, [r4, #11]
10001e6c:	18f8      	adds	r0, r7, r3
10001e6e:	5c82      	ldrb	r2, [r0, r2]
10001e70:	54ca      	strb	r2, [r1, r3]
10001e72:	3301      	adds	r3, #1
10001e74:	b29a      	uxth	r2, r3
10001e76:	4295      	cmp	r5, r2
10001e78:	d8f7      	bhi.n	10001e6a <bmi2_get_feat_config+0x102>
10001e7a:	4445      	add	r5, r8
10001e7c:	b2eb      	uxtb	r3, r5
10001e7e:	2510      	movs	r5, #16
10001e80:	1aed      	subs	r5, r5, r3
10001e82:	b2ed      	uxtb	r5, r5
10001e84:	4698      	mov	r8, r3
10001e86:	2d00      	cmp	r5, #0
10001e88:	d1b9      	bne.n	10001dfe <bmi2_get_feat_config+0x96>
10001e8a:	9b02      	ldr	r3, [sp, #8]
10001e8c:	0018      	movs	r0, r3
10001e8e:	b025      	add	sp, #148	@ 0x94
10001e90:	bcf0      	pop	{r4, r5, r6, r7}
10001e92:	46bb      	mov	fp, r7
10001e94:	46b2      	mov	sl, r6
10001e96:	46a9      	mov	r9, r5
10001e98:	46a0      	mov	r8, r4
10001e9a:	bdf0      	pop	{r4, r5, r6, r7, pc}
10001e9c:	20e1      	movs	r0, #225	@ 0xe1
10001e9e:	0040      	lsls	r0, r0, #1
10001ea0:	4790      	blx	r2
10001ea2:	e7db      	b.n	10001e5c <bmi2_get_feat_config+0xf4>
10001ea4:	3a01      	subs	r2, #1
10001ea6:	b292      	uxth	r2, r2
10001ea8:	81e2      	strh	r2, [r4, #14]
10001eaa:	e782      	b.n	10001db2 <bmi2_get_feat_config+0x4a>
10001eac:	6ba6      	ldr	r6, [r4, #56]	@ 0x38
10001eae:	2e00      	cmp	r6, #0
10001eb0:	d06f      	beq.n	10001f92 <bmi2_get_feat_config+0x22a>
10001eb2:	6be3      	ldr	r3, [r4, #60]	@ 0x3c
10001eb4:	2b00      	cmp	r3, #0
10001eb6:	d06c      	beq.n	10001f92 <bmi2_get_feat_config+0x22a>
10001eb8:	6c23      	ldr	r3, [r4, #64]	@ 0x40
10001eba:	2b00      	cmp	r3, #0
10001ebc:	d069      	beq.n	10001f92 <bmi2_get_feat_config+0x22a>
10001ebe:	7a60      	ldrb	r0, [r4, #9]
10001ec0:	7ae2      	ldrb	r2, [r4, #11]
10001ec2:	4243      	negs	r3, r0
10001ec4:	4158      	adcs	r0, r3
10001ec6:	ad04      	add	r5, sp, #16
10001ec8:	01c0      	lsls	r0, r0, #7
10001eca:	3210      	adds	r2, #16
10001ecc:	6863      	ldr	r3, [r4, #4]
10001ece:	0029      	movs	r1, r5
10001ed0:	3030      	adds	r0, #48	@ 0x30
10001ed2:	47b0      	blx	r6
10001ed4:	0006      	movs	r6, r0
10001ed6:	4f41      	ldr	r7, [pc, #260]	@ (10001fdc <bmi2_get_feat_config+0x274>)
10001ed8:	0001      	movs	r1, r0
10001eda:	0038      	movs	r0, r7
10001edc:	f005 fb3e 	bl	1000755c <__wrap_printf>
10001ee0:	7ae3      	ldrb	r3, [r4, #11]
10001ee2:	6861      	ldr	r1, [r4, #4]
10001ee4:	3310      	adds	r3, #16
10001ee6:	1b9b      	subs	r3, r3, r6
10001ee8:	1e5a      	subs	r2, r3, #1
10001eea:	4193      	sbcs	r3, r2
10001eec:	2247      	movs	r2, #71	@ 0x47
10001eee:	72a3      	strb	r3, [r4, #10]
10001ef0:	5ca2      	ldrb	r2, [r4, r2]
10001ef2:	6c23      	ldr	r3, [r4, #64]	@ 0x40
10001ef4:	2a01      	cmp	r2, #1
10001ef6:	d048      	beq.n	10001f8a <bmi2_get_feat_config+0x222>
10001ef8:	2002      	movs	r0, #2
10001efa:	4798      	blx	r3
10001efc:	230a      	movs	r3, #10
10001efe:	56e3      	ldrsb	r3, [r4, r3]
10001f00:	2b00      	cmp	r3, #0
10001f02:	d15b      	bne.n	10001fbc <bmi2_get_feat_config+0x254>
10001f04:	4649      	mov	r1, r9
10001f06:	7ae2      	ldrb	r2, [r4, #11]
10001f08:	5caa      	ldrb	r2, [r5, r2]
10001f0a:	700a      	strb	r2, [r1, #0]
10001f0c:	7ae2      	ldrb	r2, [r4, #11]
10001f0e:	18aa      	adds	r2, r5, r2
10001f10:	7852      	ldrb	r2, [r2, #1]
10001f12:	704a      	strb	r2, [r1, #1]
10001f14:	7ae2      	ldrb	r2, [r4, #11]
10001f16:	18aa      	adds	r2, r5, r2
10001f18:	7892      	ldrb	r2, [r2, #2]
10001f1a:	708a      	strb	r2, [r1, #2]
10001f1c:	7ae2      	ldrb	r2, [r4, #11]
10001f1e:	18aa      	adds	r2, r5, r2
10001f20:	78d2      	ldrb	r2, [r2, #3]
10001f22:	70ca      	strb	r2, [r1, #3]
10001f24:	7ae2      	ldrb	r2, [r4, #11]
10001f26:	18aa      	adds	r2, r5, r2
10001f28:	7912      	ldrb	r2, [r2, #4]
10001f2a:	710a      	strb	r2, [r1, #4]
10001f2c:	7ae2      	ldrb	r2, [r4, #11]
10001f2e:	18aa      	adds	r2, r5, r2
10001f30:	7952      	ldrb	r2, [r2, #5]
10001f32:	714a      	strb	r2, [r1, #5]
10001f34:	7ae2      	ldrb	r2, [r4, #11]
10001f36:	18aa      	adds	r2, r5, r2
10001f38:	7992      	ldrb	r2, [r2, #6]
10001f3a:	718a      	strb	r2, [r1, #6]
10001f3c:	7ae2      	ldrb	r2, [r4, #11]
10001f3e:	18aa      	adds	r2, r5, r2
10001f40:	79d2      	ldrb	r2, [r2, #7]
10001f42:	71ca      	strb	r2, [r1, #7]
10001f44:	7ae2      	ldrb	r2, [r4, #11]
10001f46:	18aa      	adds	r2, r5, r2
10001f48:	7a12      	ldrb	r2, [r2, #8]
10001f4a:	720a      	strb	r2, [r1, #8]
10001f4c:	7ae2      	ldrb	r2, [r4, #11]
10001f4e:	18aa      	adds	r2, r5, r2
10001f50:	7a52      	ldrb	r2, [r2, #9]
10001f52:	724a      	strb	r2, [r1, #9]
10001f54:	7ae2      	ldrb	r2, [r4, #11]
10001f56:	18aa      	adds	r2, r5, r2
10001f58:	7a92      	ldrb	r2, [r2, #10]
10001f5a:	728a      	strb	r2, [r1, #10]
10001f5c:	7ae2      	ldrb	r2, [r4, #11]
10001f5e:	18aa      	adds	r2, r5, r2
10001f60:	7ad2      	ldrb	r2, [r2, #11]
10001f62:	72ca      	strb	r2, [r1, #11]
10001f64:	7ae2      	ldrb	r2, [r4, #11]
10001f66:	18aa      	adds	r2, r5, r2
10001f68:	7b12      	ldrb	r2, [r2, #12]
10001f6a:	730a      	strb	r2, [r1, #12]
10001f6c:	7ae2      	ldrb	r2, [r4, #11]
10001f6e:	18aa      	adds	r2, r5, r2
10001f70:	7b52      	ldrb	r2, [r2, #13]
10001f72:	734a      	strb	r2, [r1, #13]
10001f74:	7ae2      	ldrb	r2, [r4, #11]
10001f76:	18aa      	adds	r2, r5, r2
10001f78:	7b92      	ldrb	r2, [r2, #14]
10001f7a:	738a      	strb	r2, [r1, #14]
10001f7c:	7ae2      	ldrb	r2, [r4, #11]
10001f7e:	18ad      	adds	r5, r5, r2
10001f80:	7bea      	ldrb	r2, [r5, #15]
10001f82:	73ca      	strb	r2, [r1, #15]
10001f84:	e782      	b.n	10001e8c <bmi2_get_feat_config+0x124>
10001f86:	0003      	movs	r3, r0
10001f88:	e780      	b.n	10001e8c <bmi2_get_feat_config+0x124>
10001f8a:	20e1      	movs	r0, #225	@ 0xe1
10001f8c:	0040      	lsls	r0, r0, #1
10001f8e:	4798      	blx	r3
10001f90:	e7b4      	b.n	10001efc <bmi2_get_feat_config+0x194>
10001f92:	2301      	movs	r3, #1
10001f94:	425b      	negs	r3, r3
10001f96:	e779      	b.n	10001e8c <bmi2_get_feat_config+0x124>
10001f98:	230a      	movs	r3, #10
10001f9a:	425b      	negs	r3, r3
10001f9c:	e776      	b.n	10001e8c <bmi2_get_feat_config+0x124>
10001f9e:	4810      	ldr	r0, [pc, #64]	@ (10001fe0 <bmi2_get_feat_config+0x278>)
10001fa0:	f005 fa58 	bl	10007454 <__wrap_puts>
10001fa4:	4659      	mov	r1, fp
10001fa6:	9801      	ldr	r0, [sp, #4]
10001fa8:	f005 fad8 	bl	1000755c <__wrap_printf>
10001fac:	7ae1      	ldrb	r1, [r4, #11]
10001fae:	480d      	ldr	r0, [pc, #52]	@ (10001fe4 <bmi2_get_feat_config+0x27c>)
10001fb0:	1949      	adds	r1, r1, r5
10001fb2:	f005 fad3 	bl	1000755c <__wrap_printf>
10001fb6:	2302      	movs	r3, #2
10001fb8:	425b      	negs	r3, r3
10001fba:	e767      	b.n	10001e8c <bmi2_get_feat_config+0x124>
10001fbc:	4808      	ldr	r0, [pc, #32]	@ (10001fe0 <bmi2_get_feat_config+0x278>)
10001fbe:	f005 fa49 	bl	10007454 <__wrap_puts>
10001fc2:	0031      	movs	r1, r6
10001fc4:	0038      	movs	r0, r7
10001fc6:	f005 fac9 	bl	1000755c <__wrap_printf>
10001fca:	7ae1      	ldrb	r1, [r4, #11]
10001fcc:	4805      	ldr	r0, [pc, #20]	@ (10001fe4 <bmi2_get_feat_config+0x27c>)
10001fce:	3110      	adds	r1, #16
10001fd0:	f005 fac4 	bl	1000755c <__wrap_printf>
10001fd4:	2302      	movs	r3, #2
10001fd6:	425b      	negs	r3, r3
10001fd8:	e758      	b.n	10001e8c <bmi2_get_feat_config+0x124>
10001fda:	46c0      	nop			@ (mov r8, r8)
10001fdc:	1000b03c 	.word	0x1000b03c
10001fe0:	1000b054 	.word	0x1000b054
10001fe4:	1000b064 	.word	0x1000b064

10001fe8 <get_gyro_cross_sense>:
10001fe8:	b5f0      	push	{r4, r5, r6, r7, lr}
10001fea:	b087      	sub	sp, #28
10001fec:	000e      	movs	r6, r1
10001fee:	0007      	movs	r7, r0
10001ff0:	2210      	movs	r2, #16
10001ff2:	2100      	movs	r1, #0
10001ff4:	a802      	add	r0, sp, #8
10001ff6:	f003 fc15 	bl	10005824 <__wrap_memset>
10001ffa:	2348      	movs	r3, #72	@ 0x48
10001ffc:	5af3      	ldrh	r3, [r6, r3]
10001ffe:	069b      	lsls	r3, r3, #26
10002000:	d426      	bmi.n	10002050 <get_gyro_cross_sense+0x68>
10002002:	7eb5      	ldrb	r5, [r6, #26]
10002004:	2d00      	cmp	r5, #0
10002006:	d020      	beq.n	1000204a <get_gyro_cross_sense+0x62>
10002008:	2300      	movs	r3, #0
1000200a:	6a72      	ldr	r2, [r6, #36]	@ 0x24
1000200c:	e004      	b.n	10002018 <get_gyro_cross_sense+0x30>
1000200e:	3301      	adds	r3, #1
10002010:	b2db      	uxtb	r3, r3
10002012:	3203      	adds	r2, #3
10002014:	42ab      	cmp	r3, r5
10002016:	d018      	beq.n	1000204a <get_gyro_cross_sense+0x62>
10002018:	7814      	ldrb	r4, [r2, #0]
1000201a:	2c29      	cmp	r4, #41	@ 0x29
1000201c:	d1f7      	bne.n	1000200e <get_gyro_cross_sense+0x26>
1000201e:	7894      	ldrb	r4, [r2, #2]
10002020:	7850      	ldrb	r0, [r2, #1]
10002022:	a902      	add	r1, sp, #8
10002024:	0032      	movs	r2, r6
10002026:	f7ff fe9f 	bl	10001d68 <bmi2_get_feat_config>
1000202a:	2800      	cmp	r0, #0
1000202c:	d10b      	bne.n	10002046 <get_gyro_cross_sense+0x5e>
1000202e:	2208      	movs	r2, #8
10002030:	466b      	mov	r3, sp
10002032:	189b      	adds	r3, r3, r2
10002034:	5d1a      	ldrb	r2, [r3, r4]
10002036:	237f      	movs	r3, #127	@ 0x7f
10002038:	4013      	ands	r3, r2
1000203a:	0652      	lsls	r2, r2, #25
1000203c:	d500      	bpl.n	10002040 <get_gyro_cross_sense+0x58>
1000203e:	3b80      	subs	r3, #128	@ 0x80
10002040:	2000      	movs	r0, #0
10002042:	b21b      	sxth	r3, r3
10002044:	803b      	strh	r3, [r7, #0]
10002046:	b007      	add	sp, #28
10002048:	bdf0      	pop	{r4, r5, r6, r7, pc}
1000204a:	2008      	movs	r0, #8
1000204c:	4240      	negs	r0, r0
1000204e:	e7fa      	b.n	10002046 <get_gyro_cross_sense+0x5e>
10002050:	466b      	mov	r3, sp
10002052:	0032      	movs	r2, r6
10002054:	201e      	movs	r0, #30
10002056:	1dd9      	adds	r1, r3, #7
10002058:	f7fe fe92 	bl	10000d80 <bmi2_get_regs.constprop.0>
1000205c:	2800      	cmp	r0, #0
1000205e:	d1f2      	bne.n	10002046 <get_gyro_cross_sense+0x5e>
10002060:	466b      	mov	r3, sp
10002062:	79db      	ldrb	r3, [r3, #7]
10002064:	065a      	lsls	r2, r3, #25
10002066:	d5eb      	bpl.n	10002040 <get_gyro_cross_sense+0x58>
10002068:	3b80      	subs	r3, #128	@ 0x80
1000206a:	e7e9      	b.n	10002040 <get_gyro_cross_sense+0x58>

1000206c <bmi2_get_gyro_cross_sense>:
1000206c:	2348      	movs	r3, #72	@ 0x48
1000206e:	b530      	push	{r4, r5, lr}
10002070:	5ac3      	ldrh	r3, [r0, r3]
10002072:	0004      	movs	r4, r0
10002074:	b085      	sub	sp, #20
10002076:	079b      	lsls	r3, r3, #30
10002078:	d534      	bpl.n	100020e4 <bmi2_get_gyro_cross_sense+0x78>
1000207a:	6b83      	ldr	r3, [r0, #56]	@ 0x38
1000207c:	2b00      	cmp	r3, #0
1000207e:	d02e      	beq.n	100020de <bmi2_get_gyro_cross_sense+0x72>
10002080:	6bc3      	ldr	r3, [r0, #60]	@ 0x3c
10002082:	2b00      	cmp	r3, #0
10002084:	d02b      	beq.n	100020de <bmi2_get_gyro_cross_sense+0x72>
10002086:	6c03      	ldr	r3, [r0, #64]	@ 0x40
10002088:	2b00      	cmp	r3, #0
1000208a:	d028      	beq.n	100020de <bmi2_get_gyro_cross_sense+0x72>
1000208c:	2347      	movs	r3, #71	@ 0x47
1000208e:	5cc3      	ldrb	r3, [r0, r3]
10002090:	2b01      	cmp	r3, #1
10002092:	d00e      	beq.n	100020b2 <bmi2_get_gyro_cross_sense+0x46>
10002094:	466d      	mov	r5, sp
10002096:	2329      	movs	r3, #41	@ 0x29
10002098:	0001      	movs	r1, r0
1000209a:	a801      	add	r0, sp, #4
1000209c:	702b      	strb	r3, [r5, #0]
1000209e:	f7ff ffa3 	bl	10001fe8 <get_gyro_cross_sense>
100020a2:	2800      	cmp	r0, #0
100020a4:	d103      	bne.n	100020ae <bmi2_get_gyro_cross_sense+0x42>
100020a6:	2344      	movs	r3, #68	@ 0x44
100020a8:	2000      	movs	r0, #0
100020aa:	88aa      	ldrh	r2, [r5, #4]
100020ac:	52e2      	strh	r2, [r4, r3]
100020ae:	b005      	add	sp, #20
100020b0:	bd30      	pop	{r4, r5, pc}
100020b2:	0001      	movs	r1, r0
100020b4:	2000      	movs	r0, #0
100020b6:	f7ff fa5f 	bl	10001578 <bmi2_set_adv_power_save>
100020ba:	2800      	cmp	r0, #0
100020bc:	d1f7      	bne.n	100020ae <bmi2_get_gyro_cross_sense+0x42>
100020be:	466d      	mov	r5, sp
100020c0:	2329      	movs	r3, #41	@ 0x29
100020c2:	0021      	movs	r1, r4
100020c4:	a801      	add	r0, sp, #4
100020c6:	702b      	strb	r3, [r5, #0]
100020c8:	f7ff ff8e 	bl	10001fe8 <get_gyro_cross_sense>
100020cc:	2800      	cmp	r0, #0
100020ce:	d1ee      	bne.n	100020ae <bmi2_get_gyro_cross_sense+0x42>
100020d0:	0021      	movs	r1, r4
100020d2:	2001      	movs	r0, #1
100020d4:	f7ff fa50 	bl	10001578 <bmi2_set_adv_power_save>
100020d8:	2800      	cmp	r0, #0
100020da:	d0e4      	beq.n	100020a6 <bmi2_get_gyro_cross_sense+0x3a>
100020dc:	e7e7      	b.n	100020ae <bmi2_get_gyro_cross_sense+0x42>
100020de:	2001      	movs	r0, #1
100020e0:	4240      	negs	r0, r0
100020e2:	e7e4      	b.n	100020ae <bmi2_get_gyro_cross_sense+0x42>
100020e4:	2008      	movs	r0, #8
100020e6:	4240      	negs	r0, r0
100020e8:	e7e1      	b.n	100020ae <bmi2_get_gyro_cross_sense+0x42>
100020ea:	46c0      	nop			@ (mov r8, r8)

100020ec <bmi2_set_sensor_config>:
100020ec:	b5f0      	push	{r4, r5, r6, r7, lr}
100020ee:	46de      	mov	lr, fp
100020f0:	4657      	mov	r7, sl
100020f2:	464e      	mov	r6, r9
100020f4:	4645      	mov	r5, r8
100020f6:	b5e0      	push	{r5, r6, r7, lr}
100020f8:	0014      	movs	r4, r2
100020fa:	b087      	sub	sp, #28
100020fc:	2a00      	cmp	r2, #0
100020fe:	d100      	bne.n	10002102 <bmi2_set_sensor_config+0x16>
10002100:	e19a      	b.n	10002438 <bmi2_set_sensor_config+0x34c>
10002102:	6b93      	ldr	r3, [r2, #56]	@ 0x38
10002104:	2b00      	cmp	r3, #0
10002106:	d100      	bne.n	1000210a <bmi2_set_sensor_config+0x1e>
10002108:	e196      	b.n	10002438 <bmi2_set_sensor_config+0x34c>
1000210a:	6bd3      	ldr	r3, [r2, #60]	@ 0x3c
1000210c:	2b00      	cmp	r3, #0
1000210e:	d100      	bne.n	10002112 <bmi2_set_sensor_config+0x26>
10002110:	e192      	b.n	10002438 <bmi2_set_sensor_config+0x34c>
10002112:	6c13      	ldr	r3, [r2, #64]	@ 0x40
10002114:	2b00      	cmp	r3, #0
10002116:	d100      	bne.n	1000211a <bmi2_set_sensor_config+0x2e>
10002118:	e18e      	b.n	10002438 <bmi2_set_sensor_config+0x34c>
1000211a:	2800      	cmp	r0, #0
1000211c:	d100      	bne.n	10002120 <bmi2_set_sensor_config+0x34>
1000211e:	e18b      	b.n	10002438 <bmi2_set_sensor_config+0x34c>
10002120:	2347      	movs	r3, #71	@ 0x47
10002122:	5cd3      	ldrb	r3, [r2, r3]
10002124:	4698      	mov	r8, r3
10002126:	2900      	cmp	r1, #0
10002128:	d100      	bne.n	1000212c <bmi2_set_sensor_config+0x40>
1000212a:	e16b      	b.n	10002404 <bmi2_set_sensor_config+0x318>
1000212c:	00ce      	lsls	r6, r1, #3
1000212e:	1a76      	subs	r6, r6, r1
10002130:	00f6      	lsls	r6, r6, #3
10002132:	46b3      	mov	fp, r6
10002134:	0005      	movs	r5, r0
10002136:	4483      	add	fp, r0
10002138:	4643      	mov	r3, r8
1000213a:	2b01      	cmp	r3, #1
1000213c:	d100      	bne.n	10002140 <bmi2_set_sensor_config+0x54>
1000213e:	e083      	b.n	10002248 <bmi2_set_sensor_config+0x15c>
10002140:	782b      	ldrb	r3, [r5, #0]
10002142:	2b02      	cmp	r3, #2
10002144:	d100      	bne.n	10002148 <bmi2_set_sensor_config+0x5c>
10002146:	e08a      	b.n	1000225e <bmi2_set_sensor_config+0x172>
10002148:	2b02      	cmp	r3, #2
1000214a:	d819      	bhi.n	10002180 <bmi2_set_sensor_config+0x94>
1000214c:	2b00      	cmp	r3, #0
1000214e:	d100      	bne.n	10002152 <bmi2_set_sensor_config+0x66>
10002150:	e134      	b.n	100023bc <bmi2_set_sensor_config+0x2d0>
10002152:	0021      	movs	r1, r4
10002154:	1d28      	adds	r0, r5, #4
10002156:	f7fe ffa9 	bl	100010ac <set_gyro_config>
1000215a:	0006      	movs	r6, r0
1000215c:	2e00      	cmp	r6, #0
1000215e:	d107      	bne.n	10002170 <bmi2_set_sensor_config+0x84>
10002160:	3538      	adds	r5, #56	@ 0x38
10002162:	45ab      	cmp	fp, r5
10002164:	d1e8      	bne.n	10002138 <bmi2_set_sensor_config+0x4c>
10002166:	4643      	mov	r3, r8
10002168:	2b01      	cmp	r3, #1
1000216a:	d100      	bne.n	1000216e <bmi2_set_sensor_config+0x82>
1000216c:	e14e      	b.n	1000240c <bmi2_set_sensor_config+0x320>
1000216e:	2600      	movs	r6, #0
10002170:	0030      	movs	r0, r6
10002172:	b007      	add	sp, #28
10002174:	bcf0      	pop	{r4, r5, r6, r7}
10002176:	46bb      	mov	fp, r7
10002178:	46b2      	mov	sl, r6
1000217a:	46a9      	mov	r9, r5
1000217c:	46a0      	mov	r8, r4
1000217e:	bdf0      	pop	{r4, r5, r6, r7, pc}
10002180:	2b09      	cmp	r3, #9
10002182:	d000      	beq.n	10002186 <bmi2_set_sensor_config+0x9a>
10002184:	e117      	b.n	100023b6 <bmi2_set_sensor_config+0x2ca>
10002186:	af02      	add	r7, sp, #8
10002188:	2210      	movs	r2, #16
1000218a:	2100      	movs	r1, #0
1000218c:	0038      	movs	r0, r7
1000218e:	f003 fb49 	bl	10005824 <__wrap_memset>
10002192:	7e60      	ldrb	r0, [r4, #25]
10002194:	2800      	cmp	r0, #0
10002196:	d100      	bne.n	1000219a <bmi2_set_sensor_config+0xae>
10002198:	e10d      	b.n	100023b6 <bmi2_set_sensor_config+0x2ca>
1000219a:	2300      	movs	r3, #0
1000219c:	6a22      	ldr	r2, [r4, #32]
1000219e:	e005      	b.n	100021ac <bmi2_set_sensor_config+0xc0>
100021a0:	3301      	adds	r3, #1
100021a2:	b2db      	uxtb	r3, r3
100021a4:	3203      	adds	r2, #3
100021a6:	4283      	cmp	r3, r0
100021a8:	d100      	bne.n	100021ac <bmi2_set_sensor_config+0xc0>
100021aa:	e104      	b.n	100023b6 <bmi2_set_sensor_config+0x2ca>
100021ac:	7811      	ldrb	r1, [r2, #0]
100021ae:	2909      	cmp	r1, #9
100021b0:	d1f6      	bne.n	100021a0 <bmi2_set_sensor_config+0xb4>
100021b2:	7893      	ldrb	r3, [r2, #2]
100021b4:	7850      	ldrb	r0, [r2, #1]
100021b6:	0039      	movs	r1, r7
100021b8:	0022      	movs	r2, r4
100021ba:	469a      	mov	sl, r3
100021bc:	f7ff fdd4 	bl	10001d68 <bmi2_get_feat_config>
100021c0:	1e06      	subs	r6, r0, #0
100021c2:	d1d5      	bne.n	10002170 <bmi2_set_sensor_config+0x84>
100021c4:	4653      	mov	r3, sl
100021c6:	085b      	lsrs	r3, r3, #1
100021c8:	0058      	lsls	r0, r3, #1
100021ca:	5a3a      	ldrh	r2, [r7, r0]
100021cc:	88a9      	ldrh	r1, [r5, #4]
100021ce:	0ad2      	lsrs	r2, r2, #11
100021d0:	0549      	lsls	r1, r1, #21
100021d2:	0d49      	lsrs	r1, r1, #21
100021d4:	02d2      	lsls	r2, r2, #11
100021d6:	430a      	orrs	r2, r1
100021d8:	523a      	strh	r2, [r7, r0]
100021da:	1c58      	adds	r0, r3, #1
100021dc:	0040      	lsls	r0, r0, #1
100021de:	5a3a      	ldrh	r2, [r7, r0]
100021e0:	88e9      	ldrh	r1, [r5, #6]
100021e2:	0ad2      	lsrs	r2, r2, #11
100021e4:	0549      	lsls	r1, r1, #21
100021e6:	0d49      	lsrs	r1, r1, #21
100021e8:	02d2      	lsls	r2, r2, #11
100021ea:	430a      	orrs	r2, r1
100021ec:	3302      	adds	r3, #2
100021ee:	005b      	lsls	r3, r3, #1
100021f0:	523a      	strh	r2, [r7, r0]
100021f2:	5afa      	ldrh	r2, [r7, r3]
100021f4:	8929      	ldrh	r1, [r5, #8]
100021f6:	0ad2      	lsrs	r2, r2, #11
100021f8:	0549      	lsls	r1, r1, #21
100021fa:	02d2      	lsls	r2, r2, #11
100021fc:	0d49      	lsrs	r1, r1, #21
100021fe:	430a      	orrs	r2, r1
10002200:	52fa      	strh	r2, [r7, r3]
10002202:	6ba3      	ldr	r3, [r4, #56]	@ 0x38
10002204:	2b00      	cmp	r3, #0
10002206:	d100      	bne.n	1000220a <bmi2_set_sensor_config+0x11e>
10002208:	e116      	b.n	10002438 <bmi2_set_sensor_config+0x34c>
1000220a:	6be6      	ldr	r6, [r4, #60]	@ 0x3c
1000220c:	2e00      	cmp	r6, #0
1000220e:	d100      	bne.n	10002212 <bmi2_set_sensor_config+0x126>
10002210:	e112      	b.n	10002438 <bmi2_set_sensor_config+0x34c>
10002212:	6c23      	ldr	r3, [r4, #64]	@ 0x40
10002214:	2b00      	cmp	r3, #0
10002216:	d100      	bne.n	1000221a <bmi2_set_sensor_config+0x12e>
10002218:	e10e      	b.n	10002438 <bmi2_set_sensor_config+0x34c>
1000221a:	2347      	movs	r3, #71	@ 0x47
1000221c:	5ce3      	ldrb	r3, [r4, r3]
1000221e:	2b01      	cmp	r3, #1
10002220:	d100      	bne.n	10002224 <bmi2_set_sensor_config+0x138>
10002222:	e0d1      	b.n	100023c8 <bmi2_set_sensor_config+0x2dc>
10002224:	2210      	movs	r2, #16
10002226:	0039      	movs	r1, r7
10002228:	6863      	ldr	r3, [r4, #4]
1000222a:	2030      	movs	r0, #48	@ 0x30
1000222c:	47b0      	blx	r6
1000222e:	6c23      	ldr	r3, [r4, #64]	@ 0x40
10002230:	72a0      	strb	r0, [r4, #10]
10002232:	6861      	ldr	r1, [r4, #4]
10002234:	2002      	movs	r0, #2
10002236:	4798      	blx	r3
10002238:	230a      	movs	r3, #10
1000223a:	56e3      	ldrsb	r3, [r4, r3]
1000223c:	2b00      	cmp	r3, #0
1000223e:	d100      	bne.n	10002242 <bmi2_set_sensor_config+0x156>
10002240:	e78e      	b.n	10002160 <bmi2_set_sensor_config+0x74>
10002242:	2602      	movs	r6, #2
10002244:	4276      	negs	r6, r6
10002246:	e793      	b.n	10002170 <bmi2_set_sensor_config+0x84>
10002248:	0021      	movs	r1, r4
1000224a:	2000      	movs	r0, #0
1000224c:	f7ff f994 	bl	10001578 <bmi2_set_adv_power_save>
10002250:	1e06      	subs	r6, r0, #0
10002252:	d000      	beq.n	10002256 <bmi2_set_sensor_config+0x16a>
10002254:	e78c      	b.n	10002170 <bmi2_set_sensor_config+0x84>
10002256:	782b      	ldrb	r3, [r5, #0]
10002258:	2b02      	cmp	r3, #2
1000225a:	d000      	beq.n	1000225e <bmi2_set_sensor_config+0x172>
1000225c:	e774      	b.n	10002148 <bmi2_set_sensor_config+0x5c>
1000225e:	7a6b      	ldrb	r3, [r5, #9]
10002260:	2b00      	cmp	r3, #0
10002262:	d106      	bne.n	10002272 <bmi2_set_sensor_config+0x186>
10002264:	2201      	movs	r2, #1
10002266:	3301      	adds	r3, #1
10002268:	726b      	strb	r3, [r5, #9]
1000226a:	7a23      	ldrb	r3, [r4, #8]
1000226c:	4313      	orrs	r3, r2
1000226e:	7223      	strb	r3, [r4, #8]
10002270:	7a6b      	ldrb	r3, [r5, #9]
10002272:	2b0b      	cmp	r3, #11
10002274:	d905      	bls.n	10002282 <bmi2_set_sensor_config+0x196>
10002276:	230b      	movs	r3, #11
10002278:	2202      	movs	r2, #2
1000227a:	726b      	strb	r3, [r5, #9]
1000227c:	7a23      	ldrb	r3, [r4, #8]
1000227e:	4313      	orrs	r3, r2
10002280:	7223      	strb	r3, [r4, #8]
10002282:	af02      	add	r7, sp, #8
10002284:	0022      	movs	r2, r4
10002286:	0039      	movs	r1, r7
10002288:	206b      	movs	r0, #107	@ 0x6b
1000228a:	f7fe fd79 	bl	10000d80 <bmi2_get_regs.constprop.0>
1000228e:	1e06      	subs	r6, r0, #0
10002290:	d000      	beq.n	10002294 <bmi2_set_sensor_config+0x1a8>
10002292:	e76d      	b.n	10002170 <bmi2_set_sensor_config+0x84>
10002294:	2120      	movs	r1, #32
10002296:	792b      	ldrb	r3, [r5, #4]
10002298:	783a      	ldrb	r2, [r7, #0]
1000229a:	015b      	lsls	r3, r3, #5
1000229c:	438a      	bics	r2, r1
1000229e:	400b      	ands	r3, r1
100022a0:	4313      	orrs	r3, r2
100022a2:	0039      	movs	r1, r7
100022a4:	0022      	movs	r2, r4
100022a6:	206b      	movs	r0, #107	@ 0x6b
100022a8:	703b      	strb	r3, [r7, #0]
100022aa:	f7fe fc8d 	bl	10000bc8 <bmi2_set_regs.constprop.0>
100022ae:	1e06      	subs	r6, r0, #0
100022b0:	d000      	beq.n	100022b4 <bmi2_set_sensor_config+0x1c8>
100022b2:	e75d      	b.n	10002170 <bmi2_set_sensor_config+0x84>
100022b4:	2307      	movs	r3, #7
100022b6:	446b      	add	r3, sp
100022b8:	469a      	mov	sl, r3
100022ba:	2300      	movs	r3, #0
100022bc:	4652      	mov	r2, sl
100022be:	8038      	strh	r0, [r7, #0]
100022c0:	7013      	strb	r3, [r2, #0]
100022c2:	0039      	movs	r1, r7
100022c4:	0022      	movs	r2, r4
100022c6:	304b      	adds	r0, #75	@ 0x4b
100022c8:	f7fe fe14 	bl	10000ef4 <bmi2_get_regs.constprop.3>
100022cc:	1e06      	subs	r6, r0, #0
100022ce:	d000      	beq.n	100022d2 <bmi2_set_sensor_config+0x1e6>
100022d0:	e74e      	b.n	10002170 <bmi2_set_sensor_config+0x84>
100022d2:	2301      	movs	r3, #1
100022d4:	783a      	ldrb	r2, [r7, #0]
100022d6:	79a9      	ldrb	r1, [r5, #6]
100022d8:	4013      	ands	r3, r2
100022da:	7aea      	ldrb	r2, [r5, #11]
100022dc:	0189      	lsls	r1, r1, #6
100022de:	0052      	lsls	r2, r2, #1
100022e0:	4313      	orrs	r3, r2
100022e2:	703b      	strb	r3, [r7, #0]
100022e4:	237f      	movs	r3, #127	@ 0x7f
100022e6:	787a      	ldrb	r2, [r7, #1]
100022e8:	3615      	adds	r6, #21
100022ea:	4013      	ands	r3, r2
100022ec:	796a      	ldrb	r2, [r5, #5]
100022ee:	01d2      	lsls	r2, r2, #7
100022f0:	4313      	orrs	r3, r2
100022f2:	2240      	movs	r2, #64	@ 0x40
100022f4:	4393      	bics	r3, r2
100022f6:	400a      	ands	r2, r1
100022f8:	4313      	orrs	r3, r2
100022fa:	220c      	movs	r2, #12
100022fc:	79e9      	ldrb	r1, [r5, #7]
100022fe:	4393      	bics	r3, r2
10002300:	0089      	lsls	r1, r1, #2
10002302:	400a      	ands	r2, r1
10002304:	4313      	orrs	r3, r2
10002306:	2203      	movs	r2, #3
10002308:	7a29      	ldrb	r1, [r5, #8]
1000230a:	4393      	bics	r3, r2
1000230c:	400a      	ands	r2, r1
1000230e:	4313      	orrs	r3, r2
10002310:	707b      	strb	r3, [r7, #1]
10002312:	2304      	movs	r3, #4
10002314:	4699      	mov	r9, r3
10002316:	e008      	b.n	1000232a <bmi2_set_sensor_config+0x23e>
10002318:	6c23      	ldr	r3, [r4, #64]	@ 0x40
1000231a:	3e01      	subs	r6, #1
1000231c:	6861      	ldr	r1, [r4, #4]
1000231e:	4849      	ldr	r0, [pc, #292]	@ (10002444 <bmi2_set_sensor_config+0x358>)
10002320:	b2f6      	uxtb	r6, r6
10002322:	4798      	blx	r3
10002324:	2e00      	cmp	r6, #0
10002326:	d100      	bne.n	1000232a <bmi2_set_sensor_config+0x23e>
10002328:	e089      	b.n	1000243e <bmi2_set_sensor_config+0x352>
1000232a:	6ba2      	ldr	r2, [r4, #56]	@ 0x38
1000232c:	6c23      	ldr	r3, [r4, #64]	@ 0x40
1000232e:	2a00      	cmp	r2, #0
10002330:	d0f3      	beq.n	1000231a <bmi2_set_sensor_config+0x22e>
10002332:	6be2      	ldr	r2, [r4, #60]	@ 0x3c
10002334:	2a00      	cmp	r2, #0
10002336:	d0f0      	beq.n	1000231a <bmi2_set_sensor_config+0x22e>
10002338:	2b00      	cmp	r3, #0
1000233a:	d0ee      	beq.n	1000231a <bmi2_set_sensor_config+0x22e>
1000233c:	0022      	movs	r2, r4
1000233e:	4651      	mov	r1, sl
10002340:	2003      	movs	r0, #3
10002342:	f7fe fd1d 	bl	10000d80 <bmi2_get_regs.constprop.0>
10002346:	4653      	mov	r3, sl
10002348:	464a      	mov	r2, r9
1000234a:	781b      	ldrb	r3, [r3, #0]
1000234c:	4013      	ands	r3, r2
1000234e:	4303      	orrs	r3, r0
10002350:	b2db      	uxtb	r3, r3
10002352:	2b00      	cmp	r3, #0
10002354:	d1e0      	bne.n	10002318 <bmi2_set_sensor_config+0x22c>
10002356:	0039      	movs	r1, r7
10002358:	0022      	movs	r2, r4
1000235a:	204b      	movs	r0, #75	@ 0x4b
1000235c:	f7fe fc88 	bl	10000c70 <bmi2_set_regs.constprop.1>
10002360:	0006      	movs	r6, r0
10002362:	20fa      	movs	r0, #250	@ 0xfa
10002364:	6861      	ldr	r1, [r4, #4]
10002366:	6c23      	ldr	r3, [r4, #64]	@ 0x40
10002368:	0080      	lsls	r0, r0, #2
1000236a:	4798      	blx	r3
1000236c:	2e00      	cmp	r6, #0
1000236e:	d000      	beq.n	10002372 <bmi2_set_sensor_config+0x286>
10002370:	e6fe      	b.n	10002170 <bmi2_set_sensor_config+0x84>
10002372:	796b      	ldrb	r3, [r5, #5]
10002374:	2b00      	cmp	r3, #0
10002376:	d04f      	beq.n	10002418 <bmi2_set_sensor_config+0x32c>
10002378:	2301      	movs	r3, #1
1000237a:	76e3      	strb	r3, [r4, #27]
1000237c:	79eb      	ldrb	r3, [r5, #7]
1000237e:	7723      	strb	r3, [r4, #28]
10002380:	0022      	movs	r2, r4
10002382:	0039      	movs	r1, r7
10002384:	2044      	movs	r0, #68	@ 0x44
10002386:	f7fe fcfb 	bl	10000d80 <bmi2_get_regs.constprop.0>
1000238a:	1e06      	subs	r6, r0, #0
1000238c:	d000      	beq.n	10002390 <bmi2_set_sensor_config+0x2a4>
1000238e:	e6ef      	b.n	10002170 <bmi2_set_sensor_config+0x84>
10002390:	220f      	movs	r2, #15
10002392:	7a69      	ldrb	r1, [r5, #9]
10002394:	7aab      	ldrb	r3, [r5, #10]
10002396:	400a      	ands	r2, r1
10002398:	011b      	lsls	r3, r3, #4
1000239a:	4313      	orrs	r3, r2
1000239c:	0039      	movs	r1, r7
1000239e:	703b      	strb	r3, [r7, #0]
100023a0:	0022      	movs	r2, r4
100023a2:	2044      	movs	r0, #68	@ 0x44
100023a4:	f7fe fc10 	bl	10000bc8 <bmi2_set_regs.constprop.0>
100023a8:	0006      	movs	r6, r0
100023aa:	20fa      	movs	r0, #250	@ 0xfa
100023ac:	6861      	ldr	r1, [r4, #4]
100023ae:	6c23      	ldr	r3, [r4, #64]	@ 0x40
100023b0:	0080      	lsls	r0, r0, #2
100023b2:	4798      	blx	r3
100023b4:	e6d2      	b.n	1000215c <bmi2_set_sensor_config+0x70>
100023b6:	2608      	movs	r6, #8
100023b8:	4276      	negs	r6, r6
100023ba:	e6d9      	b.n	10002170 <bmi2_set_sensor_config+0x84>
100023bc:	0021      	movs	r1, r4
100023be:	1d28      	adds	r0, r5, #4
100023c0:	f7fe fd34 	bl	10000e2c <set_accel_config>
100023c4:	0006      	movs	r6, r0
100023c6:	e6c9      	b.n	1000215c <bmi2_set_sensor_config+0x70>
100023c8:	2300      	movs	r3, #0
100023ca:	4699      	mov	r9, r3
100023cc:	e007      	b.n	100023de <bmi2_set_sensor_config+0x2f2>
100023ce:	2301      	movs	r3, #1
100023d0:	469c      	mov	ip, r3
100023d2:	44e1      	add	r9, ip
100023d4:	464b      	mov	r3, r9
100023d6:	2b10      	cmp	r3, #16
100023d8:	d100      	bne.n	100023dc <bmi2_set_sensor_config+0x2f0>
100023da:	e6c1      	b.n	10002160 <bmi2_set_sensor_config+0x74>
100023dc:	6be6      	ldr	r6, [r4, #60]	@ 0x3c
100023de:	4648      	mov	r0, r9
100023e0:	464a      	mov	r2, r9
100023e2:	3030      	adds	r0, #48	@ 0x30
100023e4:	18b9      	adds	r1, r7, r2
100023e6:	6863      	ldr	r3, [r4, #4]
100023e8:	2201      	movs	r2, #1
100023ea:	b2c0      	uxtb	r0, r0
100023ec:	47b0      	blx	r6
100023ee:	72a0      	strb	r0, [r4, #10]
100023f0:	20e1      	movs	r0, #225	@ 0xe1
100023f2:	6c23      	ldr	r3, [r4, #64]	@ 0x40
100023f4:	6861      	ldr	r1, [r4, #4]
100023f6:	0040      	lsls	r0, r0, #1
100023f8:	4798      	blx	r3
100023fa:	230a      	movs	r3, #10
100023fc:	56e3      	ldrsb	r3, [r4, r3]
100023fe:	2b00      	cmp	r3, #0
10002400:	d0e5      	beq.n	100023ce <bmi2_set_sensor_config+0x2e2>
10002402:	e71e      	b.n	10002242 <bmi2_set_sensor_config+0x156>
10002404:	2600      	movs	r6, #0
10002406:	2b01      	cmp	r3, #1
10002408:	d000      	beq.n	1000240c <bmi2_set_sensor_config+0x320>
1000240a:	e6b1      	b.n	10002170 <bmi2_set_sensor_config+0x84>
1000240c:	0021      	movs	r1, r4
1000240e:	2001      	movs	r0, #1
10002410:	f7ff f8b2 	bl	10001578 <bmi2_set_adv_power_save>
10002414:	0006      	movs	r6, r0
10002416:	e6ab      	b.n	10002170 <bmi2_set_sensor_config+0x84>
10002418:	0029      	movs	r1, r5
1000241a:	76e6      	strb	r6, [r4, #27]
1000241c:	310c      	adds	r1, #12
1000241e:	0022      	movs	r2, r4
10002420:	204d      	movs	r0, #77	@ 0x4d
10002422:	f7fe fbd1 	bl	10000bc8 <bmi2_set_regs.constprop.0>
10002426:	0006      	movs	r6, r0
10002428:	20fa      	movs	r0, #250	@ 0xfa
1000242a:	6861      	ldr	r1, [r4, #4]
1000242c:	6c23      	ldr	r3, [r4, #64]	@ 0x40
1000242e:	0080      	lsls	r0, r0, #2
10002430:	4798      	blx	r3
10002432:	2e00      	cmp	r6, #0
10002434:	d0a4      	beq.n	10002380 <bmi2_set_sensor_config+0x294>
10002436:	e69b      	b.n	10002170 <bmi2_set_sensor_config+0x84>
10002438:	2601      	movs	r6, #1
1000243a:	4276      	negs	r6, r6
1000243c:	e698      	b.n	10002170 <bmi2_set_sensor_config+0x84>
1000243e:	260f      	movs	r6, #15
10002440:	4276      	negs	r6, r6
10002442:	e695      	b.n	10002170 <bmi2_set_sensor_config+0x84>
10002444:	00002710 	.word	0x00002710

10002448 <get_gyro_gain_update_config>:
10002448:	b5f0      	push	{r4, r5, r6, r7, lr}
1000244a:	46c6      	mov	lr, r8
1000244c:	000e      	movs	r6, r1
1000244e:	b500      	push	{lr}
10002450:	b084      	sub	sp, #16
10002452:	4680      	mov	r8, r0
10002454:	2210      	movs	r2, #16
10002456:	2100      	movs	r1, #0
10002458:	4668      	mov	r0, sp
1000245a:	f003 f9e3 	bl	10005824 <__wrap_memset>
1000245e:	7e75      	ldrb	r5, [r6, #25]
10002460:	466f      	mov	r7, sp
10002462:	2d00      	cmp	r5, #0
10002464:	d035      	beq.n	100024d2 <get_gyro_gain_update_config+0x8a>
10002466:	2300      	movs	r3, #0
10002468:	6a32      	ldr	r2, [r6, #32]
1000246a:	e004      	b.n	10002476 <get_gyro_gain_update_config+0x2e>
1000246c:	3301      	adds	r3, #1
1000246e:	b2db      	uxtb	r3, r3
10002470:	3203      	adds	r2, #3
10002472:	42ab      	cmp	r3, r5
10002474:	d02d      	beq.n	100024d2 <get_gyro_gain_update_config+0x8a>
10002476:	7814      	ldrb	r4, [r2, #0]
10002478:	2c09      	cmp	r4, #9
1000247a:	d1f7      	bne.n	1000246c <get_gyro_gain_update_config+0x24>
1000247c:	7894      	ldrb	r4, [r2, #2]
1000247e:	7850      	ldrb	r0, [r2, #1]
10002480:	0039      	movs	r1, r7
10002482:	0032      	movs	r2, r6
10002484:	f7ff fc70 	bl	10001d68 <bmi2_get_feat_config>
10002488:	2800      	cmp	r0, #0
1000248a:	d124      	bne.n	100024d6 <get_gyro_gain_update_config+0x8e>
1000248c:	1c63      	adds	r3, r4, #1
1000248e:	b2db      	uxtb	r3, r3
10002490:	5cfa      	ldrb	r2, [r7, r3]
10002492:	5d3b      	ldrb	r3, [r7, r4]
10002494:	0212      	lsls	r2, r2, #8
10002496:	4313      	orrs	r3, r2
10002498:	4642      	mov	r2, r8
1000249a:	055b      	lsls	r3, r3, #21
1000249c:	0d5b      	lsrs	r3, r3, #21
1000249e:	8013      	strh	r3, [r2, #0]
100024a0:	1ce3      	adds	r3, r4, #3
100024a2:	b2db      	uxtb	r3, r3
100024a4:	5cfa      	ldrb	r2, [r7, r3]
100024a6:	1ca3      	adds	r3, r4, #2
100024a8:	b2db      	uxtb	r3, r3
100024aa:	5cfb      	ldrb	r3, [r7, r3]
100024ac:	0212      	lsls	r2, r2, #8
100024ae:	4313      	orrs	r3, r2
100024b0:	4642      	mov	r2, r8
100024b2:	055b      	lsls	r3, r3, #21
100024b4:	0d5b      	lsrs	r3, r3, #21
100024b6:	8053      	strh	r3, [r2, #2]
100024b8:	1d63      	adds	r3, r4, #5
100024ba:	b2db      	uxtb	r3, r3
100024bc:	3404      	adds	r4, #4
100024be:	5cfa      	ldrb	r2, [r7, r3]
100024c0:	b2e4      	uxtb	r4, r4
100024c2:	5d3b      	ldrb	r3, [r7, r4]
100024c4:	0212      	lsls	r2, r2, #8
100024c6:	4313      	orrs	r3, r2
100024c8:	4642      	mov	r2, r8
100024ca:	055b      	lsls	r3, r3, #21
100024cc:	0d5b      	lsrs	r3, r3, #21
100024ce:	8093      	strh	r3, [r2, #4]
100024d0:	e001      	b.n	100024d6 <get_gyro_gain_update_config+0x8e>
100024d2:	2008      	movs	r0, #8
100024d4:	4240      	negs	r0, r0
100024d6:	b004      	add	sp, #16
100024d8:	bc80      	pop	{r7}
100024da:	46b8      	mov	r8, r7
100024dc:	bdf0      	pop	{r4, r5, r6, r7, pc}
100024de:	46c0      	nop			@ (mov r8, r8)

100024e0 <bmi2_get_sensor_config>:
100024e0:	b5f0      	push	{r4, r5, r6, r7, lr}
100024e2:	46c6      	mov	lr, r8
100024e4:	b500      	push	{lr}
100024e6:	0004      	movs	r4, r0
100024e8:	000e      	movs	r6, r1
100024ea:	0015      	movs	r5, r2
100024ec:	b082      	sub	sp, #8
100024ee:	2a00      	cmp	r2, #0
100024f0:	d100      	bne.n	100024f4 <bmi2_get_sensor_config+0x14>
100024f2:	e0b5      	b.n	10002660 <bmi2_get_sensor_config+0x180>
100024f4:	6b93      	ldr	r3, [r2, #56]	@ 0x38
100024f6:	2b00      	cmp	r3, #0
100024f8:	d100      	bne.n	100024fc <bmi2_get_sensor_config+0x1c>
100024fa:	e0b1      	b.n	10002660 <bmi2_get_sensor_config+0x180>
100024fc:	6bd3      	ldr	r3, [r2, #60]	@ 0x3c
100024fe:	2b00      	cmp	r3, #0
10002500:	d100      	bne.n	10002504 <bmi2_get_sensor_config+0x24>
10002502:	e0ad      	b.n	10002660 <bmi2_get_sensor_config+0x180>
10002504:	6c13      	ldr	r3, [r2, #64]	@ 0x40
10002506:	2b00      	cmp	r3, #0
10002508:	d100      	bne.n	1000250c <bmi2_get_sensor_config+0x2c>
1000250a:	e0a9      	b.n	10002660 <bmi2_get_sensor_config+0x180>
1000250c:	2800      	cmp	r0, #0
1000250e:	d100      	bne.n	10002512 <bmi2_get_sensor_config+0x32>
10002510:	e0a6      	b.n	10002660 <bmi2_get_sensor_config+0x180>
10002512:	2347      	movs	r3, #71	@ 0x47
10002514:	5cd3      	ldrb	r3, [r2, r3]
10002516:	2900      	cmp	r1, #0
10002518:	d100      	bne.n	1000251c <bmi2_get_sensor_config+0x3c>
1000251a:	e0a4      	b.n	10002666 <bmi2_get_sensor_config+0x186>
1000251c:	2b01      	cmp	r3, #1
1000251e:	d049      	beq.n	100025b4 <bmi2_get_sensor_config+0xd4>
10002520:	2700      	movs	r7, #0
10002522:	3404      	adds	r4, #4
10002524:	1f23      	subs	r3, r4, #4
10002526:	781b      	ldrb	r3, [r3, #0]
10002528:	2b02      	cmp	r3, #2
1000252a:	d10f      	bne.n	1000254c <bmi2_get_sensor_config+0x6c>
1000252c:	0029      	movs	r1, r5
1000252e:	0020      	movs	r0, r4
10002530:	f7fe fd40 	bl	10000fb4 <get_aux_config>
10002534:	2800      	cmp	r0, #0
10002536:	d105      	bne.n	10002544 <bmi2_get_sensor_config+0x64>
10002538:	3701      	adds	r7, #1
1000253a:	b2ff      	uxtb	r7, r7
1000253c:	3438      	adds	r4, #56	@ 0x38
1000253e:	42be      	cmp	r6, r7
10002540:	d1f0      	bne.n	10002524 <bmi2_get_sensor_config+0x44>
10002542:	2000      	movs	r0, #0
10002544:	b002      	add	sp, #8
10002546:	bc80      	pop	{r7}
10002548:	46b8      	mov	r8, r7
1000254a:	bdf0      	pop	{r4, r5, r6, r7, pc}
1000254c:	2b01      	cmp	r3, #1
1000254e:	d02c      	beq.n	100025aa <bmi2_get_sensor_config+0xca>
10002550:	d909      	bls.n	10002566 <bmi2_get_sensor_config+0x86>
10002552:	2b09      	cmp	r3, #9
10002554:	d104      	bne.n	10002560 <bmi2_get_sensor_config+0x80>
10002556:	0029      	movs	r1, r5
10002558:	0020      	movs	r0, r4
1000255a:	f7ff ff75 	bl	10002448 <get_gyro_gain_update_config>
1000255e:	e7e9      	b.n	10002534 <bmi2_get_sensor_config+0x54>
10002560:	2008      	movs	r0, #8
10002562:	4240      	negs	r0, r0
10002564:	e7ee      	b.n	10002544 <bmi2_get_sensor_config+0x64>
10002566:	6bab      	ldr	r3, [r5, #56]	@ 0x38
10002568:	2b00      	cmp	r3, #0
1000256a:	d079      	beq.n	10002660 <bmi2_get_sensor_config+0x180>
1000256c:	6beb      	ldr	r3, [r5, #60]	@ 0x3c
1000256e:	2b00      	cmp	r3, #0
10002570:	d076      	beq.n	10002660 <bmi2_get_sensor_config+0x180>
10002572:	6c2b      	ldr	r3, [r5, #64]	@ 0x40
10002574:	2b00      	cmp	r3, #0
10002576:	d073      	beq.n	10002660 <bmi2_get_sensor_config+0x180>
10002578:	466a      	mov	r2, sp
1000257a:	2300      	movs	r3, #0
1000257c:	2040      	movs	r0, #64	@ 0x40
1000257e:	8093      	strh	r3, [r2, #4]
10002580:	a901      	add	r1, sp, #4
10002582:	002a      	movs	r2, r5
10002584:	f7fe fcb6 	bl	10000ef4 <bmi2_get_regs.constprop.3>
10002588:	2800      	cmp	r0, #0
1000258a:	d1db      	bne.n	10002544 <bmi2_get_sensor_config+0x64>
1000258c:	466b      	mov	r3, sp
1000258e:	791a      	ldrb	r2, [r3, #4]
10002590:	7959      	ldrb	r1, [r3, #5]
10002592:	09d3      	lsrs	r3, r2, #7
10002594:	70a3      	strb	r3, [r4, #2]
10002596:	0653      	lsls	r3, r2, #25
10002598:	0f5b      	lsrs	r3, r3, #29
1000259a:	7063      	strb	r3, [r4, #1]
1000259c:	230f      	movs	r3, #15
1000259e:	4013      	ands	r3, r2
100025a0:	7023      	strb	r3, [r4, #0]
100025a2:	2303      	movs	r3, #3
100025a4:	400b      	ands	r3, r1
100025a6:	70e3      	strb	r3, [r4, #3]
100025a8:	e7c6      	b.n	10002538 <bmi2_get_sensor_config+0x58>
100025aa:	0029      	movs	r1, r5
100025ac:	0020      	movs	r0, r4
100025ae:	f7fe fdf7 	bl	100011a0 <get_gyro_config>
100025b2:	e7bf      	b.n	10002534 <bmi2_get_sensor_config+0x54>
100025b4:	2700      	movs	r7, #0
100025b6:	7823      	ldrb	r3, [r4, #0]
100025b8:	2b03      	cmp	r3, #3
100025ba:	d91d      	bls.n	100025f8 <bmi2_get_sensor_config+0x118>
100025bc:	0029      	movs	r1, r5
100025be:	2000      	movs	r0, #0
100025c0:	f7fe ffda 	bl	10001578 <bmi2_set_adv_power_save>
100025c4:	2800      	cmp	r0, #0
100025c6:	d1bd      	bne.n	10002544 <bmi2_get_sensor_config+0x64>
100025c8:	7823      	ldrb	r3, [r4, #0]
100025ca:	2b01      	cmp	r3, #1
100025cc:	d03e      	beq.n	1000264c <bmi2_get_sensor_config+0x16c>
100025ce:	d918      	bls.n	10002602 <bmi2_get_sensor_config+0x122>
100025d0:	2b02      	cmp	r3, #2
100025d2:	d040      	beq.n	10002656 <bmi2_get_sensor_config+0x176>
100025d4:	2b09      	cmp	r3, #9
100025d6:	d1c3      	bne.n	10002560 <bmi2_get_sensor_config+0x80>
100025d8:	0029      	movs	r1, r5
100025da:	1d20      	adds	r0, r4, #4
100025dc:	f7ff ff34 	bl	10002448 <get_gyro_gain_update_config>
100025e0:	2800      	cmp	r0, #0
100025e2:	d1af      	bne.n	10002544 <bmi2_get_sensor_config+0x64>
100025e4:	3701      	adds	r7, #1
100025e6:	b2ff      	uxtb	r7, r7
100025e8:	3438      	adds	r4, #56	@ 0x38
100025ea:	42be      	cmp	r6, r7
100025ec:	d1e3      	bne.n	100025b6 <bmi2_get_sensor_config+0xd6>
100025ee:	0029      	movs	r1, r5
100025f0:	2001      	movs	r0, #1
100025f2:	f7fe ffc1 	bl	10001578 <bmi2_set_adv_power_save>
100025f6:	e7a5      	b.n	10002544 <bmi2_get_sensor_config+0x64>
100025f8:	2b02      	cmp	r3, #2
100025fa:	d0df      	beq.n	100025bc <bmi2_get_sensor_config+0xdc>
100025fc:	2b01      	cmp	r3, #1
100025fe:	d025      	beq.n	1000264c <bmi2_get_sensor_config+0x16c>
10002600:	d8ae      	bhi.n	10002560 <bmi2_get_sensor_config+0x80>
10002602:	6bab      	ldr	r3, [r5, #56]	@ 0x38
10002604:	2b00      	cmp	r3, #0
10002606:	d02b      	beq.n	10002660 <bmi2_get_sensor_config+0x180>
10002608:	6beb      	ldr	r3, [r5, #60]	@ 0x3c
1000260a:	2b00      	cmp	r3, #0
1000260c:	d028      	beq.n	10002660 <bmi2_get_sensor_config+0x180>
1000260e:	6c2b      	ldr	r3, [r5, #64]	@ 0x40
10002610:	2b00      	cmp	r3, #0
10002612:	d025      	beq.n	10002660 <bmi2_get_sensor_config+0x180>
10002614:	ab01      	add	r3, sp, #4
10002616:	4698      	mov	r8, r3
10002618:	2300      	movs	r3, #0
1000261a:	4642      	mov	r2, r8
1000261c:	4641      	mov	r1, r8
1000261e:	8013      	strh	r3, [r2, #0]
10002620:	2040      	movs	r0, #64	@ 0x40
10002622:	002a      	movs	r2, r5
10002624:	f7fe fc66 	bl	10000ef4 <bmi2_get_regs.constprop.3>
10002628:	2800      	cmp	r0, #0
1000262a:	d000      	beq.n	1000262e <bmi2_get_sensor_config+0x14e>
1000262c:	e78a      	b.n	10002544 <bmi2_get_sensor_config+0x64>
1000262e:	4643      	mov	r3, r8
10002630:	781a      	ldrb	r2, [r3, #0]
10002632:	7859      	ldrb	r1, [r3, #1]
10002634:	09d3      	lsrs	r3, r2, #7
10002636:	71a3      	strb	r3, [r4, #6]
10002638:	0653      	lsls	r3, r2, #25
1000263a:	0f5b      	lsrs	r3, r3, #29
1000263c:	7163      	strb	r3, [r4, #5]
1000263e:	230f      	movs	r3, #15
10002640:	4013      	ands	r3, r2
10002642:	7123      	strb	r3, [r4, #4]
10002644:	2303      	movs	r3, #3
10002646:	400b      	ands	r3, r1
10002648:	71e3      	strb	r3, [r4, #7]
1000264a:	e7cb      	b.n	100025e4 <bmi2_get_sensor_config+0x104>
1000264c:	0029      	movs	r1, r5
1000264e:	1d20      	adds	r0, r4, #4
10002650:	f7fe fda6 	bl	100011a0 <get_gyro_config>
10002654:	e7c4      	b.n	100025e0 <bmi2_get_sensor_config+0x100>
10002656:	0029      	movs	r1, r5
10002658:	1d20      	adds	r0, r4, #4
1000265a:	f7fe fcab 	bl	10000fb4 <get_aux_config>
1000265e:	e7bf      	b.n	100025e0 <bmi2_get_sensor_config+0x100>
10002660:	2001      	movs	r0, #1
10002662:	4240      	negs	r0, r0
10002664:	e76e      	b.n	10002544 <bmi2_get_sensor_config+0x64>
10002666:	2000      	movs	r0, #0
10002668:	2b01      	cmp	r3, #1
1000266a:	d000      	beq.n	1000266e <bmi2_get_sensor_config+0x18e>
1000266c:	e76a      	b.n	10002544 <bmi2_get_sensor_config+0x64>
1000266e:	e7be      	b.n	100025ee <bmi2_get_sensor_config+0x10e>

10002670 <bmi2_extract_input_feat_config>:
10002670:	b570      	push	{r4, r5, r6, lr}
10002672:	0005      	movs	r5, r0
10002674:	7e50      	ldrb	r0, [r2, #25]
10002676:	000c      	movs	r4, r1
10002678:	2800      	cmp	r0, #0
1000267a:	d00f      	beq.n	1000269c <bmi2_extract_input_feat_config+0x2c>
1000267c:	2300      	movs	r3, #0
1000267e:	6a11      	ldr	r1, [r2, #32]
10002680:	e004      	b.n	1000268c <bmi2_extract_input_feat_config+0x1c>
10002682:	3301      	adds	r3, #1
10002684:	b2db      	uxtb	r3, r3
10002686:	3103      	adds	r1, #3
10002688:	4283      	cmp	r3, r0
1000268a:	d008      	beq.n	1000269e <bmi2_extract_input_feat_config+0x2e>
1000268c:	780a      	ldrb	r2, [r1, #0]
1000268e:	42a2      	cmp	r2, r4
10002690:	d1f7      	bne.n	10002682 <bmi2_extract_input_feat_config+0x12>
10002692:	2203      	movs	r2, #3
10002694:	0028      	movs	r0, r5
10002696:	f003 f8cb 	bl	10005830 <__wrap___aeabi_memcpy>
1000269a:	2001      	movs	r0, #1
1000269c:	bd70      	pop	{r4, r5, r6, pc}
1000269e:	2000      	movs	r0, #0
100026a0:	e7fc      	b.n	1000269c <bmi2_extract_input_feat_config+0x2c>
100026a2:	46c0      	nop			@ (mov r8, r8)

100026a4 <get_tap_config>:
100026a4:	b5f0      	push	{r4, r5, r6, r7, lr}
100026a6:	46de      	mov	lr, fp
100026a8:	4657      	mov	r7, sl
100026aa:	464e      	mov	r6, r9
100026ac:	4645      	mov	r5, r8
100026ae:	b5e0      	push	{r5, r6, r7, lr}
100026b0:	b087      	sub	sp, #28
100026b2:	ae02      	add	r6, sp, #8
100026b4:	4681      	mov	r9, r0
100026b6:	000f      	movs	r7, r1
100026b8:	2210      	movs	r2, #16
100026ba:	2100      	movs	r1, #0
100026bc:	0030      	movs	r0, r6
100026be:	f003 f8b1 	bl	10005824 <__wrap_memset>
100026c2:	2300      	movs	r3, #0
100026c4:	469b      	mov	fp, r3
100026c6:	2300      	movs	r3, #0
100026c8:	ac01      	add	r4, sp, #4
100026ca:	8023      	strh	r3, [r4, #0]
100026cc:	465b      	mov	r3, fp
100026ce:	464a      	mov	r2, r9
100026d0:	70a3      	strb	r3, [r4, #2]
100026d2:	4b2b      	ldr	r3, [pc, #172]	@ (10002780 <get_tap_config+0xdc>)
100026d4:	211e      	movs	r1, #30
100026d6:	601a      	str	r2, [r3, #0]
100026d8:	0020      	movs	r0, r4
100026da:	003a      	movs	r2, r7
100026dc:	469a      	mov	sl, r3
100026de:	2508      	movs	r5, #8
100026e0:	f7ff ffc6 	bl	10002670 <bmi2_extract_input_feat_config>
100026e4:	426d      	negs	r5, r5
100026e6:	4680      	mov	r8, r0
100026e8:	2801      	cmp	r0, #1
100026ea:	d141      	bne.n	10002770 <get_tap_config+0xcc>
100026ec:	003a      	movs	r2, r7
100026ee:	0031      	movs	r1, r6
100026f0:	7860      	ldrb	r0, [r4, #1]
100026f2:	f7ff fb39 	bl	10001d68 <bmi2_get_feat_config>
100026f6:	1e05      	subs	r5, r0, #0
100026f8:	d13a      	bne.n	10002770 <get_tap_config+0xcc>
100026fa:	4653      	mov	r3, sl
100026fc:	78a0      	ldrb	r0, [r4, #2]
100026fe:	681a      	ldr	r2, [r3, #0]
10002700:	1c43      	adds	r3, r0, #1
10002702:	b2db      	uxtb	r3, r3
10002704:	5cf1      	ldrb	r1, [r6, r3]
10002706:	5c33      	ldrb	r3, [r6, r0]
10002708:	0209      	lsls	r1, r1, #8
1000270a:	430b      	orrs	r3, r1
1000270c:	4641      	mov	r1, r8
1000270e:	10db      	asrs	r3, r3, #3
10002710:	4019      	ands	r1, r3
10002712:	8011      	strh	r1, [r2, #0]
10002714:	88b3      	ldrh	r3, [r6, #4]
10002716:	2100      	movs	r1, #0
10002718:	8053      	strh	r3, [r2, #2]
1000271a:	88f3      	ldrh	r3, [r6, #6]
1000271c:	0030      	movs	r0, r6
1000271e:	8093      	strh	r3, [r2, #4]
10002720:	89f3      	ldrh	r3, [r6, #14]
10002722:	80d3      	strh	r3, [r2, #6]
10002724:	2210      	movs	r2, #16
10002726:	f003 f87d 	bl	10005824 <__wrap_memset>
1000272a:	465b      	mov	r3, fp
1000272c:	003a      	movs	r2, r7
1000272e:	8025      	strh	r5, [r4, #0]
10002730:	70a3      	strb	r3, [r4, #2]
10002732:	211f      	movs	r1, #31
10002734:	0020      	movs	r0, r4
10002736:	f7ff ff9b 	bl	10002670 <bmi2_extract_input_feat_config>
1000273a:	4653      	mov	r3, sl
1000273c:	464a      	mov	r2, r9
1000273e:	3d08      	subs	r5, #8
10002740:	601a      	str	r2, [r3, #0]
10002742:	2801      	cmp	r0, #1
10002744:	d114      	bne.n	10002770 <get_tap_config+0xcc>
10002746:	003a      	movs	r2, r7
10002748:	0031      	movs	r1, r6
1000274a:	7860      	ldrb	r0, [r4, #1]
1000274c:	f7ff fb0c 	bl	10001d68 <bmi2_get_feat_config>
10002750:	1e05      	subs	r5, r0, #0
10002752:	d10d      	bne.n	10002770 <get_tap_config+0xcc>
10002754:	4653      	mov	r3, sl
10002756:	78a0      	ldrb	r0, [r4, #2]
10002758:	6819      	ldr	r1, [r3, #0]
1000275a:	1c43      	adds	r3, r0, #1
1000275c:	b2db      	uxtb	r3, r3
1000275e:	5cf2      	ldrb	r2, [r6, r3]
10002760:	5c33      	ldrb	r3, [r6, r0]
10002762:	0212      	lsls	r2, r2, #8
10002764:	4313      	orrs	r3, r2
10002766:	810b      	strh	r3, [r1, #8]
10002768:	2303      	movs	r3, #3
1000276a:	88b2      	ldrh	r2, [r6, #4]
1000276c:	4013      	ands	r3, r2
1000276e:	814b      	strh	r3, [r1, #10]
10002770:	0028      	movs	r0, r5
10002772:	b007      	add	sp, #28
10002774:	bcf0      	pop	{r4, r5, r6, r7}
10002776:	46bb      	mov	fp, r7
10002778:	46b2      	mov	sl, r6
1000277a:	46a9      	mov	r9, r5
1000277c:	46a0      	mov	r8, r4
1000277e:	bdf0      	pop	{r4, r5, r6, r7, pc}
10002780:	20001b6c 	.word	0x20001b6c

10002784 <set_tap_config>:
10002784:	b5f0      	push	{r4, r5, r6, r7, lr}
10002786:	46de      	mov	lr, fp
10002788:	464e      	mov	r6, r9
1000278a:	4645      	mov	r5, r8
1000278c:	4657      	mov	r7, sl
1000278e:	4681      	mov	r9, r0
10002790:	b5e0      	push	{r5, r6, r7, lr}
10002792:	b087      	sub	sp, #28
10002794:	ad02      	add	r5, sp, #8
10002796:	468b      	mov	fp, r1
10002798:	2210      	movs	r2, #16
1000279a:	2100      	movs	r1, #0
1000279c:	0028      	movs	r0, r5
1000279e:	f003 f841 	bl	10005824 <__wrap_memset>
100027a2:	2300      	movs	r3, #0
100027a4:	464a      	mov	r2, r9
100027a6:	ae01      	add	r6, sp, #4
100027a8:	8033      	strh	r3, [r6, #0]
100027aa:	70b3      	strb	r3, [r6, #2]
100027ac:	4b52      	ldr	r3, [pc, #328]	@ (100028f8 <set_tap_config+0x174>)
100027ae:	211e      	movs	r1, #30
100027b0:	601a      	str	r2, [r3, #0]
100027b2:	0030      	movs	r0, r6
100027b4:	465a      	mov	r2, fp
100027b6:	4698      	mov	r8, r3
100027b8:	f7ff ff5a 	bl	10002670 <bmi2_extract_input_feat_config>
100027bc:	2801      	cmp	r0, #1
100027be:	d000      	beq.n	100027c2 <set_tap_config+0x3e>
100027c0:	e08b      	b.n	100028da <set_tap_config+0x156>
100027c2:	465a      	mov	r2, fp
100027c4:	0029      	movs	r1, r5
100027c6:	7870      	ldrb	r0, [r6, #1]
100027c8:	f7ff face 	bl	10001d68 <bmi2_get_feat_config>
100027cc:	1e04      	subs	r4, r0, #0
100027ce:	d000      	beq.n	100027d2 <set_tap_config+0x4e>
100027d0:	e07b      	b.n	100028ca <set_tap_config+0x146>
100027d2:	3408      	adds	r4, #8
100027d4:	46a4      	mov	ip, r4
100027d6:	4642      	mov	r2, r8
100027d8:	4667      	mov	r7, ip
100027da:	6811      	ldr	r1, [r2, #0]
100027dc:	78b3      	ldrb	r3, [r6, #2]
100027de:	880a      	ldrh	r2, [r1, #0]
100027e0:	0858      	lsrs	r0, r3, #1
100027e2:	0040      	lsls	r0, r0, #1
100027e4:	00d2      	lsls	r2, r2, #3
100027e6:	4022      	ands	r2, r4
100027e8:	5a2c      	ldrh	r4, [r5, r0]
100027ea:	43bc      	bics	r4, r7
100027ec:	4322      	orrs	r2, r4
100027ee:	522a      	strh	r2, [r5, r0]
100027f0:	884a      	ldrh	r2, [r1, #2]
100027f2:	2010      	movs	r0, #16
100027f4:	80aa      	strh	r2, [r5, #4]
100027f6:	888a      	ldrh	r2, [r1, #4]
100027f8:	1ac0      	subs	r0, r0, r3
100027fa:	80ea      	strh	r2, [r5, #6]
100027fc:	88ca      	ldrh	r2, [r1, #6]
100027fe:	b2c0      	uxtb	r0, r0
10002800:	81ea      	strh	r2, [r5, #14]
10002802:	2209      	movs	r2, #9
10002804:	1ad2      	subs	r2, r2, r3
10002806:	b2d2      	uxtb	r2, r2
10002808:	2af7      	cmp	r2, #247	@ 0xf7
1000280a:	d869      	bhi.n	100028e0 <set_tap_config+0x15c>
1000280c:	2203      	movs	r2, #3
1000280e:	18ec      	adds	r4, r5, r3
10002810:	4694      	mov	ip, r2
10002812:	4222      	tst	r2, r4
10002814:	d164      	bne.n	100028e0 <set_tap_config+0x15c>
10002816:	2211      	movs	r2, #17
10002818:	1ad2      	subs	r2, r2, r3
1000281a:	b2d2      	uxtb	r2, r2
1000281c:	0011      	movs	r1, r2
1000281e:	4667      	mov	r7, ip
10002820:	43b9      	bics	r1, r7
10002822:	4217      	tst	r7, r2
10002824:	d01a      	beq.n	1000285c <set_tap_config+0xd8>
10002826:	3318      	adds	r3, #24
10002828:	446b      	add	r3, sp
1000282a:	185a      	adds	r2, r3, r1
1000282c:	3a10      	subs	r2, #16
1000282e:	7812      	ldrb	r2, [r2, #0]
10002830:	5462      	strb	r2, [r4, r1]
10002832:	1c4a      	adds	r2, r1, #1
10002834:	b2d2      	uxtb	r2, r2
10002836:	4290      	cmp	r0, r2
10002838:	d310      	bcc.n	1000285c <set_tap_config+0xd8>
1000283a:	189f      	adds	r7, r3, r2
1000283c:	46bc      	mov	ip, r7
1000283e:	2710      	movs	r7, #16
10002840:	427f      	negs	r7, r7
10002842:	46ba      	mov	sl, r7
10002844:	44d4      	add	ip, sl
10002846:	4667      	mov	r7, ip
10002848:	3102      	adds	r1, #2
1000284a:	783f      	ldrb	r7, [r7, #0]
1000284c:	b2c9      	uxtb	r1, r1
1000284e:	54a7      	strb	r7, [r4, r2]
10002850:	4288      	cmp	r0, r1
10002852:	d303      	bcc.n	1000285c <set_tap_config+0xd8>
10002854:	185b      	adds	r3, r3, r1
10002856:	4453      	add	r3, sl
10002858:	781b      	ldrb	r3, [r3, #0]
1000285a:	5463      	strb	r3, [r4, r1]
1000285c:	465b      	mov	r3, fp
1000285e:	2210      	movs	r2, #16
10002860:	0029      	movs	r1, r5
10002862:	2030      	movs	r0, #48	@ 0x30
10002864:	f7fe fdfe 	bl	10001464 <bmi2_set_regs>
10002868:	1e04      	subs	r4, r0, #0
1000286a:	d12e      	bne.n	100028ca <set_tap_config+0x146>
1000286c:	2210      	movs	r2, #16
1000286e:	2100      	movs	r1, #0
10002870:	0028      	movs	r0, r5
10002872:	f002 ffd7 	bl	10005824 <__wrap_memset>
10002876:	2300      	movs	r3, #0
10002878:	464a      	mov	r2, r9
1000287a:	70b3      	strb	r3, [r6, #2]
1000287c:	4643      	mov	r3, r8
1000287e:	211f      	movs	r1, #31
10002880:	601a      	str	r2, [r3, #0]
10002882:	0030      	movs	r0, r6
10002884:	465a      	mov	r2, fp
10002886:	8034      	strh	r4, [r6, #0]
10002888:	f7ff fef2 	bl	10002670 <bmi2_extract_input_feat_config>
1000288c:	2801      	cmp	r0, #1
1000288e:	d124      	bne.n	100028da <set_tap_config+0x156>
10002890:	465a      	mov	r2, fp
10002892:	0029      	movs	r1, r5
10002894:	7870      	ldrb	r0, [r6, #1]
10002896:	f7ff fa67 	bl	10001d68 <bmi2_get_feat_config>
1000289a:	1e04      	subs	r4, r0, #0
1000289c:	d115      	bne.n	100028ca <set_tap_config+0x146>
1000289e:	4642      	mov	r2, r8
100028a0:	78b3      	ldrb	r3, [r6, #2]
100028a2:	6811      	ldr	r1, [r2, #0]
100028a4:	085b      	lsrs	r3, r3, #1
100028a6:	890a      	ldrh	r2, [r1, #8]
100028a8:	005b      	lsls	r3, r3, #1
100028aa:	446b      	add	r3, sp
100028ac:	811a      	strh	r2, [r3, #8]
100028ae:	2203      	movs	r2, #3
100028b0:	8949      	ldrh	r1, [r1, #10]
100028b2:	88ab      	ldrh	r3, [r5, #4]
100028b4:	2030      	movs	r0, #48	@ 0x30
100028b6:	4393      	bics	r3, r2
100028b8:	400a      	ands	r2, r1
100028ba:	4313      	orrs	r3, r2
100028bc:	80ab      	strh	r3, [r5, #4]
100028be:	2210      	movs	r2, #16
100028c0:	465b      	mov	r3, fp
100028c2:	0029      	movs	r1, r5
100028c4:	f7fe fdce 	bl	10001464 <bmi2_set_regs>
100028c8:	0004      	movs	r4, r0
100028ca:	0020      	movs	r0, r4
100028cc:	b007      	add	sp, #28
100028ce:	bcf0      	pop	{r4, r5, r6, r7}
100028d0:	46bb      	mov	fp, r7
100028d2:	46b2      	mov	sl, r6
100028d4:	46a9      	mov	r9, r5
100028d6:	46a0      	mov	r8, r4
100028d8:	bdf0      	pop	{r4, r5, r6, r7, pc}
100028da:	2408      	movs	r4, #8
100028dc:	4264      	negs	r4, r4
100028de:	e7f4      	b.n	100028ca <set_tap_config+0x146>
100028e0:	2200      	movs	r2, #0
100028e2:	0011      	movs	r1, r2
100028e4:	4469      	add	r1, sp
100028e6:	18c9      	adds	r1, r1, r3
100028e8:	7a0c      	ldrb	r4, [r1, #8]
100028ea:	18a9      	adds	r1, r5, r2
100028ec:	3201      	adds	r2, #1
100028ee:	b2d2      	uxtb	r2, r2
100028f0:	54cc      	strb	r4, [r1, r3]
100028f2:	4282      	cmp	r2, r0
100028f4:	d9f5      	bls.n	100028e2 <set_tap_config+0x15e>
100028f6:	e7b1      	b.n	1000285c <set_tap_config+0xd8>
100028f8:	20001b6c 	.word	0x20001b6c

100028fc <bmi270_legacy_init>:
100028fc:	b570      	push	{r4, r5, r6, lr}
100028fe:	1e04      	subs	r4, r0, #0
10002900:	d037      	beq.n	10002972 <bmi270_legacy_init+0x76>
10002902:	6b83      	ldr	r3, [r0, #56]	@ 0x38
10002904:	2b00      	cmp	r3, #0
10002906:	d034      	beq.n	10002972 <bmi270_legacy_init+0x76>
10002908:	6bc3      	ldr	r3, [r0, #60]	@ 0x3c
1000290a:	2b00      	cmp	r3, #0
1000290c:	d031      	beq.n	10002972 <bmi270_legacy_init+0x76>
1000290e:	6c03      	ldr	r3, [r0, #64]	@ 0x40
10002910:	2b00      	cmp	r3, #0
10002912:	d02e      	beq.n	10002972 <bmi270_legacy_init+0x76>
10002914:	2324      	movs	r3, #36	@ 0x24
10002916:	7003      	strb	r3, [r0, #0]
10002918:	4b17      	ldr	r3, [pc, #92]	@ (10002978 <bmi270_legacy_init+0x7c>)
1000291a:	6483      	str	r3, [r0, #72]	@ 0x48
1000291c:	7a43      	ldrb	r3, [r0, #9]
1000291e:	425a      	negs	r2, r3
10002920:	4153      	adcs	r3, r2
10002922:	72c3      	strb	r3, [r0, #11]
10002924:	6943      	ldr	r3, [r0, #20]
10002926:	2b00      	cmp	r3, #0
10002928:	d020      	beq.n	1000296c <bmi270_legacy_init+0x70>
1000292a:	0020      	movs	r0, r4
1000292c:	f7fe fff8 	bl	10001920 <bmi2_sec_init>
10002930:	1e05      	subs	r5, r0, #0
10002932:	d005      	beq.n	10002940 <bmi270_legacy_init+0x44>
10002934:	0029      	movs	r1, r5
10002936:	4811      	ldr	r0, [pc, #68]	@ (1000297c <bmi270_legacy_init+0x80>)
10002938:	f004 fe10 	bl	1000755c <__wrap_printf>
1000293c:	0028      	movs	r0, r5
1000293e:	bd70      	pop	{r4, r5, r6, pc}
10002940:	4b0f      	ldr	r3, [pc, #60]	@ (10002980 <bmi270_legacy_init+0x84>)
10002942:	220e      	movs	r2, #14
10002944:	6223      	str	r3, [r4, #32]
10002946:	4b0f      	ldr	r3, [pc, #60]	@ (10002984 <bmi270_legacy_init+0x88>)
10002948:	0020      	movs	r0, r4
1000294a:	6263      	str	r3, [r4, #36]	@ 0x24
1000294c:	4b0e      	ldr	r3, [pc, #56]	@ (10002988 <bmi270_legacy_init+0x8c>)
1000294e:	8323      	strh	r3, [r4, #24]
10002950:	2308      	movs	r3, #8
10002952:	76a3      	strb	r3, [r4, #26]
10002954:	4b0d      	ldr	r3, [pc, #52]	@ (1000298c <bmi270_legacy_init+0x90>)
10002956:	6563      	str	r3, [r4, #84]	@ 0x54
10002958:	4b0d      	ldr	r3, [pc, #52]	@ (10002990 <bmi270_legacy_init+0x94>)
1000295a:	65a3      	str	r3, [r4, #88]	@ 0x58
1000295c:	4b0d      	ldr	r3, [pc, #52]	@ (10002994 <bmi270_legacy_init+0x98>)
1000295e:	65e3      	str	r3, [r4, #92]	@ 0x5c
10002960:	2360      	movs	r3, #96	@ 0x60
10002962:	54e2      	strb	r2, [r4, r3]
10002964:	f7ff fb82 	bl	1000206c <bmi2_get_gyro_cross_sense>
10002968:	0005      	movs	r5, r0
1000296a:	e7e7      	b.n	1000293c <bmi270_legacy_init+0x40>
1000296c:	4b0a      	ldr	r3, [pc, #40]	@ (10002998 <bmi270_legacy_init+0x9c>)
1000296e:	6143      	str	r3, [r0, #20]
10002970:	e7db      	b.n	1000292a <bmi270_legacy_init+0x2e>
10002972:	2501      	movs	r5, #1
10002974:	426d      	negs	r5, r5
10002976:	e7e1      	b.n	1000293c <bmi270_legacy_init+0x40>
10002978:	20000003 	.word	0x20000003
1000297c:	1000b108 	.word	0x1000b108
10002980:	1000b37c 	.word	0x1000b37c
10002984:	1000b364 	.word	0x1000b364
10002988:	00001708 	.word	0x00001708
1000298c:	100026a5 	.word	0x100026a5
10002990:	10002785 	.word	0x10002785
10002994:	20000f98 	.word	0x20000f98
10002998:	1000b3c4 	.word	0x1000b3c4

1000299c <i2c_read_blocking_internal.constprop.0>:
1000299c:	b5f0      	push	{r4, r5, r6, r7, lr}
1000299e:	46de      	mov	lr, fp
100029a0:	4657      	mov	r7, sl
100029a2:	464e      	mov	r6, r9
100029a4:	4645      	mov	r5, r8
100029a6:	b5e0      	push	{r5, r6, r7, lr}
100029a8:	0007      	movs	r7, r0
100029aa:	b083      	sub	sp, #12
100029ac:	a80c      	add	r0, sp, #48	@ 0x30
100029ae:	9201      	str	r2, [sp, #4]
100029b0:	7802      	ldrb	r2, [r0, #0]
100029b2:	2000      	movs	r0, #0
100029b4:	683c      	ldr	r4, [r7, #0]
100029b6:	469b      	mov	fp, r3
100029b8:	66e0      	str	r0, [r4, #108]	@ 0x6c
100029ba:	6061      	str	r1, [r4, #4]
100029bc:	2101      	movs	r1, #1
100029be:	4691      	mov	r9, r2
100029c0:	66e1      	str	r1, [r4, #108]	@ 0x6c
100029c2:	2b00      	cmp	r3, #0
100029c4:	dd34      	ble.n	10002a30 <i2c_read_blocking_internal.constprop.0+0x94>
100029c6:	1e5a      	subs	r2, r3, #1
100029c8:	4690      	mov	r8, r2
100029ca:	2280      	movs	r2, #128	@ 0x80
100029cc:	0052      	lsls	r2, r2, #1
100029ce:	4694      	mov	ip, r2
100029d0:	2680      	movs	r6, #128	@ 0x80
100029d2:	2540      	movs	r5, #64	@ 0x40
100029d4:	6f61      	ldr	r1, [r4, #116]	@ 0x74
100029d6:	2910      	cmp	r1, #16
100029d8:	d0fc      	beq.n	100029d4 <i2c_read_blocking_internal.constprop.0+0x38>
100029da:	2100      	movs	r1, #0
100029dc:	2800      	cmp	r0, #0
100029de:	d101      	bne.n	100029e4 <i2c_read_blocking_internal.constprop.0+0x48>
100029e0:	7939      	ldrb	r1, [r7, #4]
100029e2:	0289      	lsls	r1, r1, #10
100029e4:	4540      	cmp	r0, r8
100029e6:	d01d      	beq.n	10002a24 <i2c_read_blocking_internal.constprop.0+0x88>
100029e8:	4662      	mov	r2, ip
100029ea:	4311      	orrs	r1, r2
100029ec:	6121      	str	r1, [r4, #16]
100029ee:	59a1      	ldr	r1, [r4, r6]
100029f0:	6b61      	ldr	r1, [r4, #52]	@ 0x34
100029f2:	420d      	tst	r5, r1
100029f4:	d00b      	beq.n	10002a0e <i2c_read_blocking_internal.constprop.0+0x72>
100029f6:	2001      	movs	r0, #1
100029f8:	6d63      	ldr	r3, [r4, #84]	@ 0x54
100029fa:	4240      	negs	r0, r0
100029fc:	464b      	mov	r3, r9
100029fe:	713b      	strb	r3, [r7, #4]
10002a00:	b003      	add	sp, #12
10002a02:	bcf0      	pop	{r4, r5, r6, r7}
10002a04:	46bb      	mov	fp, r7
10002a06:	46b2      	mov	sl, r6
10002a08:	46a9      	mov	r9, r5
10002a0a:	46a0      	mov	r8, r4
10002a0c:	bdf0      	pop	{r4, r5, r6, r7, pc}
10002a0e:	6fa1      	ldr	r1, [r4, #120]	@ 0x78
10002a10:	2900      	cmp	r1, #0
10002a12:	d0ec      	beq.n	100029ee <i2c_read_blocking_internal.constprop.0+0x52>
10002a14:	6921      	ldr	r1, [r4, #16]
10002a16:	9b01      	ldr	r3, [sp, #4]
10002a18:	5419      	strb	r1, [r3, r0]
10002a1a:	3001      	adds	r0, #1
10002a1c:	4583      	cmp	fp, r0
10002a1e:	d0ed      	beq.n	100029fc <i2c_read_blocking_internal.constprop.0+0x60>
10002a20:	683c      	ldr	r4, [r7, #0]
10002a22:	e7d7      	b.n	100029d4 <i2c_read_blocking_internal.constprop.0+0x38>
10002a24:	464b      	mov	r3, r9
10002a26:	2201      	movs	r2, #1
10002a28:	405a      	eors	r2, r3
10002a2a:	0253      	lsls	r3, r2, #9
10002a2c:	4319      	orrs	r1, r3
10002a2e:	e7db      	b.n	100029e8 <i2c_read_blocking_internal.constprop.0+0x4c>
10002a30:	2000      	movs	r0, #0
10002a32:	e7e3      	b.n	100029fc <i2c_read_blocking_internal.constprop.0+0x60>

10002a34 <i2c_write_blocking_internal.constprop.0>:
10002a34:	b5f0      	push	{r4, r5, r6, r7, lr}
10002a36:	46de      	mov	lr, fp
10002a38:	4657      	mov	r7, sl
10002a3a:	464e      	mov	r6, r9
10002a3c:	4645      	mov	r5, r8
10002a3e:	4690      	mov	r8, r2
10002a40:	2200      	movs	r2, #0
10002a42:	b5e0      	push	{r5, r6, r7, lr}
10002a44:	b085      	sub	sp, #20
10002a46:	001e      	movs	r6, r3
10002a48:	ab0e      	add	r3, sp, #56	@ 0x38
10002a4a:	781b      	ldrb	r3, [r3, #0]
10002a4c:	0007      	movs	r7, r0
10002a4e:	469b      	mov	fp, r3
10002a50:	6803      	ldr	r3, [r0, #0]
10002a52:	66da      	str	r2, [r3, #108]	@ 0x6c
10002a54:	3201      	adds	r2, #1
10002a56:	6059      	str	r1, [r3, #4]
10002a58:	66da      	str	r2, [r3, #108]	@ 0x6c
10002a5a:	2e00      	cmp	r6, #0
10002a5c:	dd60      	ble.n	10002b20 <i2c_write_blocking_internal.constprop.0+0xec>
10002a5e:	7902      	ldrb	r2, [r0, #4]
10002a60:	4659      	mov	r1, fp
10002a62:	0292      	lsls	r2, r2, #10
10002a64:	4692      	mov	sl, r2
10002a66:	2201      	movs	r2, #1
10002a68:	404a      	eors	r2, r1
10002a6a:	0252      	lsls	r2, r2, #9
10002a6c:	4694      	mov	ip, r2
10002a6e:	2280      	movs	r2, #128	@ 0x80
10002a70:	4691      	mov	r9, r2
10002a72:	465a      	mov	r2, fp
10002a74:	2480      	movs	r4, #128	@ 0x80
10002a76:	9203      	str	r2, [sp, #12]
10002a78:	4662      	mov	r2, ip
10002a7a:	46bb      	mov	fp, r7
10002a7c:	2000      	movs	r0, #0
10002a7e:	2110      	movs	r1, #16
10002a80:	4647      	mov	r7, r8
10002a82:	46b4      	mov	ip, r6
10002a84:	1e75      	subs	r5, r6, #1
10002a86:	00a4      	lsls	r4, r4, #2
10002a88:	9201      	str	r2, [sp, #4]
10002a8a:	1b42      	subs	r2, r0, r5
10002a8c:	0016      	movs	r6, r2
10002a8e:	4272      	negs	r2, r6
10002a90:	4172      	adcs	r2, r6
10002a92:	9e01      	ldr	r6, [sp, #4]
10002a94:	4252      	negs	r2, r2
10002a96:	4016      	ands	r6, r2
10002a98:	9602      	str	r6, [sp, #8]
10002a9a:	5c3e      	ldrb	r6, [r7, r0]
10002a9c:	46b0      	mov	r8, r6
10002a9e:	4656      	mov	r6, sl
10002aa0:	4642      	mov	r2, r8
10002aa2:	4316      	orrs	r6, r2
10002aa4:	0032      	movs	r2, r6
10002aa6:	9e02      	ldr	r6, [sp, #8]
10002aa8:	4316      	orrs	r6, r2
10002aaa:	611e      	str	r6, [r3, #16]
10002aac:	9e01      	ldr	r6, [sp, #4]
10002aae:	6b5a      	ldr	r2, [r3, #52]	@ 0x34
10002ab0:	4211      	tst	r1, r2
10002ab2:	d0fc      	beq.n	10002aae <i2c_write_blocking_internal.constprop.0+0x7a>
10002ab4:	464a      	mov	r2, r9
10002ab6:	589a      	ldr	r2, [r3, r2]
10002ab8:	9601      	str	r6, [sp, #4]
10002aba:	4692      	mov	sl, r2
10002abc:	2a00      	cmp	r2, #0
10002abe:	d10a      	bne.n	10002ad6 <i2c_write_blocking_internal.constprop.0+0xa2>
10002ac0:	42a8      	cmp	r0, r5
10002ac2:	d028      	beq.n	10002b16 <i2c_write_blocking_internal.constprop.0+0xe2>
10002ac4:	2200      	movs	r2, #0
10002ac6:	3001      	adds	r0, #1
10002ac8:	4692      	mov	sl, r2
10002aca:	4584      	cmp	ip, r0
10002acc:	d1dd      	bne.n	10002a8a <i2c_write_blocking_internal.constprop.0+0x56>
10002ace:	9b03      	ldr	r3, [sp, #12]
10002ad0:	465f      	mov	r7, fp
10002ad2:	469b      	mov	fp, r3
10002ad4:	e016      	b.n	10002b04 <i2c_write_blocking_internal.constprop.0+0xd0>
10002ad6:	6d5a      	ldr	r2, [r3, #84]	@ 0x54
10002ad8:	2201      	movs	r2, #1
10002ada:	4690      	mov	r8, r2
10002adc:	6b5a      	ldr	r2, [r3, #52]	@ 0x34
10002ade:	4222      	tst	r2, r4
10002ae0:	d0fc      	beq.n	10002adc <i2c_write_blocking_internal.constprop.0+0xa8>
10002ae2:	6e1a      	ldr	r2, [r3, #96]	@ 0x60
10002ae4:	4642      	mov	r2, r8
10002ae6:	9601      	str	r6, [sp, #4]
10002ae8:	2a00      	cmp	r2, #0
10002aea:	d0eb      	beq.n	10002ac4 <i2c_write_blocking_internal.constprop.0+0x90>
10002aec:	9b03      	ldr	r3, [sp, #12]
10002aee:	465f      	mov	r7, fp
10002af0:	469b      	mov	fp, r3
10002af2:	4653      	mov	r3, sl
10002af4:	2b00      	cmp	r3, #0
10002af6:	d015      	beq.n	10002b24 <i2c_write_blocking_internal.constprop.0+0xf0>
10002af8:	4653      	mov	r3, sl
10002afa:	07db      	lsls	r3, r3, #31
10002afc:	d412      	bmi.n	10002b24 <i2c_write_blocking_internal.constprop.0+0xf0>
10002afe:	4653      	mov	r3, sl
10002b00:	071b      	lsls	r3, r3, #28
10002b02:	d50f      	bpl.n	10002b24 <i2c_write_blocking_internal.constprop.0+0xf0>
10002b04:	465b      	mov	r3, fp
10002b06:	713b      	strb	r3, [r7, #4]
10002b08:	b005      	add	sp, #20
10002b0a:	bcf0      	pop	{r4, r5, r6, r7}
10002b0c:	46bb      	mov	fp, r7
10002b0e:	46b2      	mov	sl, r6
10002b10:	46a9      	mov	r9, r5
10002b12:	46a0      	mov	r8, r4
10002b14:	bdf0      	pop	{r4, r5, r6, r7, pc}
10002b16:	9a03      	ldr	r2, [sp, #12]
10002b18:	2a00      	cmp	r2, #0
10002b1a:	d1d3      	bne.n	10002ac4 <i2c_write_blocking_internal.constprop.0+0x90>
10002b1c:	4690      	mov	r8, r2
10002b1e:	e7dd      	b.n	10002adc <i2c_write_blocking_internal.constprop.0+0xa8>
10002b20:	2000      	movs	r0, #0
10002b22:	e7ef      	b.n	10002b04 <i2c_write_blocking_internal.constprop.0+0xd0>
10002b24:	2001      	movs	r0, #1
10002b26:	4240      	negs	r0, r0
10002b28:	e7ec      	b.n	10002b04 <i2c_write_blocking_internal.constprop.0+0xd0>
10002b2a:	46c0      	nop			@ (mov r8, r8)

10002b2c <i2c_set_baudrate>:
10002b2c:	b5f8      	push	{r3, r4, r5, r6, r7, lr}
10002b2e:	46de      	mov	lr, fp
10002b30:	4657      	mov	r7, sl
10002b32:	464e      	mov	r6, r9
10002b34:	4645      	mov	r5, r8
10002b36:	4683      	mov	fp, r0
10002b38:	b5e0      	push	{r5, r6, r7, lr}
10002b3a:	2005      	movs	r0, #5
10002b3c:	000c      	movs	r4, r1
10002b3e:	f001 f90f 	bl	10003d60 <clock_get_hz>
10002b42:	0006      	movs	r6, r0
10002b44:	0860      	lsrs	r0, r4, #1
10002b46:	0021      	movs	r1, r4
10002b48:	1980      	adds	r0, r0, r6
10002b4a:	f001 fb45 	bl	100041d8 <__wrap___aeabi_uidiv>
10002b4e:	0043      	lsls	r3, r0, #1
10002b50:	4698      	mov	r8, r3
10002b52:	4480      	add	r8, r0
10002b54:	0007      	movs	r7, r0
10002b56:	2105      	movs	r1, #5
10002b58:	4640      	mov	r0, r8
10002b5a:	f001 fb3d 	bl	100041d8 <__wrap___aeabi_uidiv>
10002b5e:	1a3b      	subs	r3, r7, r0
10002b60:	469a      	mov	sl, r3
10002b62:	4b1e      	ldr	r3, [pc, #120]	@ (10002bdc <i2c_set_baudrate+0xb0>)
10002b64:	4681      	mov	r9, r0
10002b66:	0070      	lsls	r0, r6, #1
10002b68:	1980      	adds	r0, r0, r6
10002b6a:	429c      	cmp	r4, r3
10002b6c:	d831      	bhi.n	10002bd2 <i2c_set_baudrate+0xa6>
10002b6e:	491c      	ldr	r1, [pc, #112]	@ (10002be0 <i2c_set_baudrate+0xb4>)
10002b70:	f001 fb32 	bl	100041d8 <__wrap___aeabi_uidiv>
10002b74:	1c45      	adds	r5, r0, #1
10002b76:	465b      	mov	r3, fp
10002b78:	681c      	ldr	r4, [r3, #0]
10002b7a:	2300      	movs	r3, #0
10002b7c:	66e3      	str	r3, [r4, #108]	@ 0x6c
10002b7e:	6822      	ldr	r2, [r4, #0]
10002b80:	3304      	adds	r3, #4
10002b82:	405a      	eors	r2, r3
10002b84:	3302      	adds	r3, #2
10002b86:	4013      	ands	r3, r2
10002b88:	2280      	movs	r2, #128	@ 0x80
10002b8a:	0152      	lsls	r2, r2, #5
10002b8c:	18a2      	adds	r2, r4, r2
10002b8e:	6013      	str	r3, [r2, #0]
10002b90:	4653      	mov	r3, sl
10002b92:	61e3      	str	r3, [r4, #28]
10002b94:	464b      	mov	r3, r9
10002b96:	6223      	str	r3, [r4, #32]
10002b98:	4643      	mov	r3, r8
10002b9a:	2001      	movs	r0, #1
10002b9c:	2b4f      	cmp	r3, #79	@ 0x4f
10002b9e:	d903      	bls.n	10002ba8 <i2c_set_baudrate+0x7c>
10002ba0:	2150      	movs	r1, #80	@ 0x50
10002ba2:	4640      	mov	r0, r8
10002ba4:	f001 fb18 	bl	100041d8 <__wrap___aeabi_uidiv>
10002ba8:	23a0      	movs	r3, #160	@ 0xa0
10002baa:	50e0      	str	r0, [r4, r3]
10002bac:	6fe3      	ldr	r3, [r4, #124]	@ 0x7c
10002bae:	0039      	movs	r1, r7
10002bb0:	405d      	eors	r5, r3
10002bb2:	4b0c      	ldr	r3, [pc, #48]	@ (10002be4 <i2c_set_baudrate+0xb8>)
10002bb4:	042d      	lsls	r5, r5, #16
10002bb6:	0c2d      	lsrs	r5, r5, #16
10002bb8:	18e3      	adds	r3, r4, r3
10002bba:	601d      	str	r5, [r3, #0]
10002bbc:	2301      	movs	r3, #1
10002bbe:	0030      	movs	r0, r6
10002bc0:	66e3      	str	r3, [r4, #108]	@ 0x6c
10002bc2:	f001 fb09 	bl	100041d8 <__wrap___aeabi_uidiv>
10002bc6:	bcf0      	pop	{r4, r5, r6, r7}
10002bc8:	46bb      	mov	fp, r7
10002bca:	46b2      	mov	sl, r6
10002bcc:	46a9      	mov	r9, r5
10002bce:	46a0      	mov	r8, r4
10002bd0:	bdf8      	pop	{r3, r4, r5, r6, r7, pc}
10002bd2:	4905      	ldr	r1, [pc, #20]	@ (10002be8 <i2c_set_baudrate+0xbc>)
10002bd4:	f001 fb00 	bl	100041d8 <__wrap___aeabi_uidiv>
10002bd8:	1c45      	adds	r5, r0, #1
10002bda:	e7cc      	b.n	10002b76 <i2c_set_baudrate+0x4a>
10002bdc:	000f423f 	.word	0x000f423f
10002be0:	00989680 	.word	0x00989680
10002be4:	0000107c 	.word	0x0000107c
10002be8:	017d7840 	.word	0x017d7840

10002bec <i2c_init>:
10002bec:	4a0f      	ldr	r2, [pc, #60]	@ (10002c2c <i2c_init+0x40>)
10002bee:	b570      	push	{r4, r5, r6, lr}
10002bf0:	1a82      	subs	r2, r0, r2
10002bf2:	1e53      	subs	r3, r2, #1
10002bf4:	419a      	sbcs	r2, r3
10002bf6:	4b0e      	ldr	r3, [pc, #56]	@ (10002c30 <i2c_init+0x44>)
10002bf8:	00d2      	lsls	r2, r2, #3
10002bfa:	3208      	adds	r2, #8
10002bfc:	601a      	str	r2, [r3, #0]
10002bfe:	4b0d      	ldr	r3, [pc, #52]	@ (10002c34 <i2c_init+0x48>)
10002c00:	4c0d      	ldr	r4, [pc, #52]	@ (10002c38 <i2c_init+0x4c>)
10002c02:	601a      	str	r2, [r3, #0]
10002c04:	0015      	movs	r5, r2
10002c06:	6823      	ldr	r3, [r4, #0]
10002c08:	439d      	bics	r5, r3
10002c0a:	1e2b      	subs	r3, r5, #0
10002c0c:	d1fa      	bne.n	10002c04 <i2c_init+0x18>
10002c0e:	2466      	movs	r4, #102	@ 0x66
10002c10:	6802      	ldr	r2, [r0, #0]
10002c12:	34ff      	adds	r4, #255	@ 0xff
10002c14:	7105      	strb	r5, [r0, #4]
10002c16:	66d5      	str	r5, [r2, #108]	@ 0x6c
10002c18:	6014      	str	r4, [r2, #0]
10002c1a:	3c63      	subs	r4, #99	@ 0x63
10002c1c:	3388      	adds	r3, #136	@ 0x88
10002c1e:	3cff      	subs	r4, #255	@ 0xff
10002c20:	63d5      	str	r5, [r2, #60]	@ 0x3c
10002c22:	6395      	str	r5, [r2, #56]	@ 0x38
10002c24:	50d4      	str	r4, [r2, r3]
10002c26:	f7ff ff81 	bl	10002b2c <i2c_set_baudrate>
10002c2a:	bd70      	pop	{r4, r5, r6, pc}
10002c2c:	20000fbc 	.word	0x20000fbc
10002c30:	4000e000 	.word	0x4000e000
10002c34:	4000f000 	.word	0x4000f000
10002c38:	4000c008 	.word	0x4000c008

10002c3c <i2c_write_blocking>:
10002c3c:	b510      	push	{r4, lr}
10002c3e:	b082      	sub	sp, #8
10002c40:	466c      	mov	r4, sp
10002c42:	7c24      	ldrb	r4, [r4, #16]
10002c44:	9400      	str	r4, [sp, #0]
10002c46:	f7ff fef5 	bl	10002a34 <i2c_write_blocking_internal.constprop.0>
10002c4a:	b002      	add	sp, #8
10002c4c:	bd10      	pop	{r4, pc}
10002c4e:	46c0      	nop			@ (mov r8, r8)

10002c50 <i2c_read_blocking>:
10002c50:	b510      	push	{r4, lr}
10002c52:	b082      	sub	sp, #8
10002c54:	466c      	mov	r4, sp
10002c56:	7c24      	ldrb	r4, [r4, #16]
10002c58:	9400      	str	r4, [sp, #0]
10002c5a:	f7ff fe9f 	bl	1000299c <i2c_read_blocking_internal.constprop.0>
10002c5e:	b002      	add	sp, #8
10002c60:	bd10      	pop	{r4, pc}
10002c62:	46c0      	nop			@ (mov r8, r8)

10002c64 <rp2040_chip_version>:
10002c64:	2380      	movs	r3, #128	@ 0x80
10002c66:	05db      	lsls	r3, r3, #23
10002c68:	6818      	ldr	r0, [r3, #0]
10002c6a:	0f00      	lsrs	r0, r0, #28
10002c6c:	4770      	bx	lr
10002c6e:	46c0      	nop			@ (mov r8, r8)

10002c70 <panic>:
10002c70:	b40f      	push	{r0, r1, r2, r3}
10002c72:	b500      	push	{lr}
10002c74:	4808      	ldr	r0, [pc, #32]	@ (10002c98 <panic+0x28>)
10002c76:	b083      	sub	sp, #12
10002c78:	f004 fbec 	bl	10007454 <__wrap_puts>
10002c7c:	9b04      	ldr	r3, [sp, #16]
10002c7e:	2b00      	cmp	r3, #0
10002c80:	d007      	beq.n	10002c92 <panic+0x22>
10002c82:	a905      	add	r1, sp, #20
10002c84:	0018      	movs	r0, r3
10002c86:	9101      	str	r1, [sp, #4]
10002c88:	f004 fa3a 	bl	10007100 <weak_raw_vprintf>
10002c8c:	4803      	ldr	r0, [pc, #12]	@ (10002c9c <panic+0x2c>)
10002c8e:	f004 fbe1 	bl	10007454 <__wrap_puts>
10002c92:	2001      	movs	r0, #1
10002c94:	f004 fa4c 	bl	10007130 <_exit>
10002c98:	1000b158 	.word	0x1000b158
10002c9c:	1000b168 	.word	0x1000b168

10002ca0 <hw_claim_or_assert>:
10002ca0:	b570      	push	{r4, r5, r6, lr}
10002ca2:	f3ef 8c10 	mrs	ip, PRIMASK
10002ca6:	b672      	cpsid	i
10002ca8:	4d0d      	ldr	r5, [pc, #52]	@ (10002ce0 <hw_claim_or_assert+0x40>)
10002caa:	682b      	ldr	r3, [r5, #0]
10002cac:	2b00      	cmp	r3, #0
10002cae:	d0fc      	beq.n	10002caa <hw_claim_or_assert+0xa>
10002cb0:	f3bf 8f5f 	dmb	sy
10002cb4:	2407      	movs	r4, #7
10002cb6:	08cb      	lsrs	r3, r1, #3
10002cb8:	18c6      	adds	r6, r0, r3
10002cba:	5cc0      	ldrb	r0, [r0, r3]
10002cbc:	2301      	movs	r3, #1
10002cbe:	400c      	ands	r4, r1
10002cc0:	40a3      	lsls	r3, r4
10002cc2:	001c      	movs	r4, r3
10002cc4:	4004      	ands	r4, r0
10002cc6:	4203      	tst	r3, r0
10002cc8:	d107      	bne.n	10002cda <hw_claim_or_assert+0x3a>
10002cca:	4318      	orrs	r0, r3
10002ccc:	7030      	strb	r0, [r6, #0]
10002cce:	f3bf 8f5f 	dmb	sy
10002cd2:	602c      	str	r4, [r5, #0]
10002cd4:	f38c 8810 	msr	PRIMASK, ip
10002cd8:	bd70      	pop	{r4, r5, r6, pc}
10002cda:	0010      	movs	r0, r2
10002cdc:	f7ff ffc8 	bl	10002c70 <panic>
10002ce0:	d000012c 	.word	0xd000012c

10002ce4 <hw_claim_unused_from_range>:
10002ce4:	b5f8      	push	{r3, r4, r5, r6, r7, lr}
10002ce6:	4647      	mov	r7, r8
10002ce8:	46ce      	mov	lr, r9
10002cea:	4688      	mov	r8, r1
10002cec:	b580      	push	{r7, lr}
10002cee:	f3ef 8c10 	mrs	ip, PRIMASK
10002cf2:	b672      	cpsid	i
10002cf4:	4d1c      	ldr	r5, [pc, #112]	@ (10002d68 <hw_claim_unused_from_range+0x84>)
10002cf6:	682c      	ldr	r4, [r5, #0]
10002cf8:	2c00      	cmp	r4, #0
10002cfa:	d0fc      	beq.n	10002cf6 <hw_claim_unused_from_range+0x12>
10002cfc:	f3bf 8f5f 	dmb	sy
10002d00:	429a      	cmp	r2, r3
10002d02:	d822      	bhi.n	10002d4a <hw_claim_unused_from_range+0x66>
10002d04:	2107      	movs	r1, #7
10002d06:	2601      	movs	r6, #1
10002d08:	4689      	mov	r9, r1
10002d0a:	e002      	b.n	10002d12 <hw_claim_unused_from_range+0x2e>
10002d0c:	3201      	adds	r2, #1
10002d0e:	4293      	cmp	r3, r2
10002d10:	d318      	bcc.n	10002d44 <hw_claim_unused_from_range+0x60>
10002d12:	464d      	mov	r5, r9
10002d14:	0037      	movs	r7, r6
10002d16:	4015      	ands	r5, r2
10002d18:	40af      	lsls	r7, r5
10002d1a:	08d4      	lsrs	r4, r2, #3
10002d1c:	1901      	adds	r1, r0, r4
10002d1e:	5d04      	ldrb	r4, [r0, r4]
10002d20:	4227      	tst	r7, r4
10002d22:	d1f3      	bne.n	10002d0c <hw_claim_unused_from_range+0x28>
10002d24:	0010      	movs	r0, r2
10002d26:	433c      	orrs	r4, r7
10002d28:	700c      	strb	r4, [r1, #0]
10002d2a:	f3bf 8f5f 	dmb	sy
10002d2e:	2200      	movs	r2, #0
10002d30:	4b0d      	ldr	r3, [pc, #52]	@ (10002d68 <hw_claim_unused_from_range+0x84>)
10002d32:	601a      	str	r2, [r3, #0]
10002d34:	f38c 8810 	msr	PRIMASK, ip
10002d38:	2800      	cmp	r0, #0
10002d3a:	db0e      	blt.n	10002d5a <hw_claim_unused_from_range+0x76>
10002d3c:	bcc0      	pop	{r6, r7}
10002d3e:	46b9      	mov	r9, r7
10002d40:	46b0      	mov	r8, r6
10002d42:	bdf8      	pop	{r3, r4, r5, r6, r7, pc}
10002d44:	2001      	movs	r0, #1
10002d46:	4240      	negs	r0, r0
10002d48:	e7ef      	b.n	10002d2a <hw_claim_unused_from_range+0x46>
10002d4a:	f3bf 8f5f 	dmb	sy
10002d4e:	2300      	movs	r3, #0
10002d50:	602b      	str	r3, [r5, #0]
10002d52:	f38c 8810 	msr	PRIMASK, ip
10002d56:	2001      	movs	r0, #1
10002d58:	4240      	negs	r0, r0
10002d5a:	4643      	mov	r3, r8
10002d5c:	2b00      	cmp	r3, #0
10002d5e:	d0ed      	beq.n	10002d3c <hw_claim_unused_from_range+0x58>
10002d60:	9808      	ldr	r0, [sp, #32]
10002d62:	f7ff ff85 	bl	10002c70 <panic>
10002d66:	46c0      	nop			@ (mov r8, r8)
10002d68:	d000012c 	.word	0xd000012c

10002d6c <next_striped_spin_lock_num>:
10002d6c:	4a04      	ldr	r2, [pc, #16]	@ (10002d80 <next_striped_spin_lock_num+0x14>)
10002d6e:	7810      	ldrb	r0, [r2, #0]
10002d70:	1c43      	adds	r3, r0, #1
10002d72:	b2db      	uxtb	r3, r3
10002d74:	2b17      	cmp	r3, #23
10002d76:	d900      	bls.n	10002d7a <next_striped_spin_lock_num+0xe>
10002d78:	2310      	movs	r3, #16
10002d7a:	7013      	strb	r3, [r2, #0]
10002d7c:	4770      	bx	lr
10002d7e:	46c0      	nop			@ (mov r8, r8)
10002d80:	20000fc4 	.word	0x20000fc4

10002d84 <spin_lock_claim_unused>:
10002d84:	b510      	push	{r4, lr}
10002d86:	4b06      	ldr	r3, [pc, #24]	@ (10002da0 <spin_lock_claim_unused+0x1c>)
10002d88:	4c06      	ldr	r4, [pc, #24]	@ (10002da4 <spin_lock_claim_unused+0x20>)
10002d8a:	b082      	sub	sp, #8
10002d8c:	0001      	movs	r1, r0
10002d8e:	9300      	str	r3, [sp, #0]
10002d90:	2218      	movs	r2, #24
10002d92:	231f      	movs	r3, #31
10002d94:	0020      	movs	r0, r4
10002d96:	f7ff ffa5 	bl	10002ce4 <hw_claim_unused_from_range>
10002d9a:	b002      	add	sp, #8
10002d9c:	bd10      	pop	{r4, pc}
10002d9e:	46c0      	nop			@ (mov r8, r8)
10002da0:	1000b16c 	.word	0x1000b16c
10002da4:	20001c78 	.word	0x20001c78

10002da8 <spin_locks_reset>:
10002da8:	2100      	movs	r1, #0
10002daa:	4b04      	ldr	r3, [pc, #16]	@ (10002dbc <spin_locks_reset+0x14>)
10002dac:	4a04      	ldr	r2, [pc, #16]	@ (10002dc0 <spin_locks_reset+0x18>)
10002dae:	f3bf 8f5f 	dmb	sy
10002db2:	c302      	stmia	r3!, {r1}
10002db4:	4293      	cmp	r3, r2
10002db6:	d1fa      	bne.n	10002dae <spin_locks_reset+0x6>
10002db8:	4770      	bx	lr
10002dba:	46c0      	nop			@ (mov r8, r8)
10002dbc:	d0000100 	.word	0xd0000100
10002dc0:	d0000180 	.word	0xd0000180

10002dc4 <sleep_until_callback>:
10002dc4:	4b0a      	ldr	r3, [pc, #40]	@ (10002df0 <sleep_until_callback+0x2c>)
10002dc6:	6819      	ldr	r1, [r3, #0]
10002dc8:	f3ef 8010 	mrs	r0, PRIMASK
10002dcc:	b672      	cpsid	i
10002dce:	680a      	ldr	r2, [r1, #0]
10002dd0:	2a00      	cmp	r2, #0
10002dd2:	d0fc      	beq.n	10002dce <sleep_until_callback+0xa>
10002dd4:	f3bf 8f5f 	dmb	sy
10002dd8:	681b      	ldr	r3, [r3, #0]
10002dda:	f3bf 8f5f 	dmb	sy
10002dde:	2200      	movs	r2, #0
10002de0:	601a      	str	r2, [r3, #0]
10002de2:	f380 8810 	msr	PRIMASK, r0
10002de6:	bf40      	sev
10002de8:	2000      	movs	r0, #0
10002dea:	2100      	movs	r1, #0
10002dec:	4770      	bx	lr
10002dee:	46c0      	nop			@ (mov r8, r8)
10002df0:	20002124 	.word	0x20002124

10002df4 <alarm_pool_irq_handler>:
10002df4:	b5f0      	push	{r4, r5, r6, r7, lr}
10002df6:	46de      	mov	lr, fp
10002df8:	4657      	mov	r7, sl
10002dfa:	464e      	mov	r6, r9
10002dfc:	4645      	mov	r5, r8
10002dfe:	b5e0      	push	{r5, r6, r7, lr}
10002e00:	b087      	sub	sp, #28
10002e02:	f3ef 8305 	mrs	r3, IPSR
10002e06:	2203      	movs	r2, #3
10002e08:	2501      	movs	r5, #1
10002e0a:	401a      	ands	r2, r3
10002e0c:	4095      	lsls	r5, r2
10002e0e:	0091      	lsls	r1, r2, #2
10002e10:	4688      	mov	r8, r1
10002e12:	46a9      	mov	r9, r5
10002e14:	4bb3      	ldr	r3, [pc, #716]	@ (100030e4 <alarm_pool_irq_handler+0x2f0>)
10002e16:	9203      	str	r2, [sp, #12]
10002e18:	585c      	ldr	r4, [r3, r1]
10002e1a:	4bb3      	ldr	r3, [pc, #716]	@ (100030e8 <alarm_pool_irq_handler+0x2f4>)
10002e1c:	601d      	str	r5, [r3, #0]
10002e1e:	4bb3      	ldr	r3, [pc, #716]	@ (100030ec <alarm_pool_irq_handler+0x2f8>)
10002e20:	9304      	str	r3, [sp, #16]
10002e22:	464b      	mov	r3, r9
10002e24:	48b2      	ldr	r0, [pc, #712]	@ (100030f0 <alarm_pool_irq_handler+0x2fc>)
10002e26:	6343      	str	r3, [r0, #52]	@ 0x34
10002e28:	2308      	movs	r3, #8
10002e2a:	5ee5      	ldrsh	r5, [r4, r3]
10002e2c:	2d00      	cmp	r5, #0
10002e2e:	da37      	bge.n	10002ea0 <alarm_pool_irq_handler+0xac>
10002e30:	88a3      	ldrh	r3, [r4, #4]
10002e32:	b21b      	sxth	r3, r3
10002e34:	2b00      	cmp	r3, #0
10002e36:	db00      	blt.n	10002e3a <alarm_pool_irq_handler+0x46>
10002e38:	e0ad      	b.n	10002f96 <alarm_pool_irq_handler+0x1a2>
10002e3a:	79a3      	ldrb	r3, [r4, #6]
10002e3c:	2b00      	cmp	r3, #0
10002e3e:	d000      	beq.n	10002e42 <alarm_pool_irq_handler+0x4e>
10002e40:	e0ee      	b.n	10003020 <alarm_pool_irq_handler+0x22c>
10002e42:	2308      	movs	r3, #8
10002e44:	5ee0      	ldrsh	r0, [r4, r3]
10002e46:	2800      	cmp	r0, #0
10002e48:	db20      	blt.n	10002e8c <alarm_pool_irq_handler+0x98>
10002e4a:	0043      	lsls	r3, r0, #1
10002e4c:	6962      	ldr	r2, [r4, #20]
10002e4e:	181b      	adds	r3, r3, r0
10002e50:	00db      	lsls	r3, r3, #3
10002e52:	18d3      	adds	r3, r2, r3
10002e54:	689e      	ldr	r6, [r3, #8]
10002e56:	68dd      	ldr	r5, [r3, #12]
10002e58:	1c73      	adds	r3, r6, #1
10002e5a:	d100      	bne.n	10002e5e <alarm_pool_irq_handler+0x6a>
10002e5c:	e111      	b.n	10003082 <alarm_pool_irq_handler+0x28e>
10002e5e:	48a4      	ldr	r0, [pc, #656]	@ (100030f0 <alarm_pool_irq_handler+0x2fc>)
10002e60:	0001      	movs	r1, r0
10002e62:	4441      	add	r1, r8
10002e64:	6a82      	ldr	r2, [r0, #40]	@ 0x28
10002e66:	690b      	ldr	r3, [r1, #16]
10002e68:	1ab7      	subs	r7, r6, r2
10002e6a:	1a9b      	subs	r3, r3, r2
10002e6c:	429f      	cmp	r7, r3
10002e6e:	d315      	bcc.n	10002e9c <alarm_pool_irq_handler+0xa8>
10002e70:	2301      	movs	r3, #1
10002e72:	6a02      	ldr	r2, [r0, #32]
10002e74:	9803      	ldr	r0, [sp, #12]
10002e76:	4083      	lsls	r3, r0
10002e78:	421a      	tst	r2, r3
10002e7a:	d00f      	beq.n	10002e9c <alarm_pool_irq_handler+0xa8>
10002e7c:	489c      	ldr	r0, [pc, #624]	@ (100030f0 <alarm_pool_irq_handler+0x2fc>)
10002e7e:	f000 fc2b 	bl	100036d8 <timer_time_us_64>
10002e82:	428d      	cmp	r5, r1
10002e84:	dc02      	bgt.n	10002e8c <alarm_pool_irq_handler+0x98>
10002e86:	d1cc      	bne.n	10002e22 <alarm_pool_irq_handler+0x2e>
10002e88:	4286      	cmp	r6, r0
10002e8a:	d9ca      	bls.n	10002e22 <alarm_pool_irq_handler+0x2e>
10002e8c:	bf40      	sev
10002e8e:	b007      	add	sp, #28
10002e90:	bcf0      	pop	{r4, r5, r6, r7}
10002e92:	46bb      	mov	fp, r7
10002e94:	46b2      	mov	sl, r6
10002e96:	46a9      	mov	r9, r5
10002e98:	46a0      	mov	r8, r4
10002e9a:	bdf0      	pop	{r4, r5, r6, r7, pc}
10002e9c:	610e      	str	r6, [r1, #16]
10002e9e:	e7ed      	b.n	10002e7c <alarm_pool_irq_handler+0x88>
10002ea0:	6962      	ldr	r2, [r4, #20]
10002ea2:	006b      	lsls	r3, r5, #1
10002ea4:	4692      	mov	sl, r2
10002ea6:	195b      	adds	r3, r3, r5
10002ea8:	00db      	lsls	r3, r3, #3
10002eaa:	449a      	add	sl, r3
10002eac:	4653      	mov	r3, sl
10002eae:	689e      	ldr	r6, [r3, #8]
10002eb0:	68df      	ldr	r7, [r3, #12]
10002eb2:	f000 fc11 	bl	100036d8 <timer_time_us_64>
10002eb6:	428f      	cmp	r7, r1
10002eb8:	dcba      	bgt.n	10002e30 <alarm_pool_irq_handler+0x3c>
10002eba:	d100      	bne.n	10002ebe <alarm_pool_irq_handler+0xca>
10002ebc:	e103      	b.n	100030c6 <alarm_pool_irq_handler+0x2d2>
10002ebe:	2f00      	cmp	r7, #0
10002ec0:	da00      	bge.n	10002ec4 <alarm_pool_irq_handler+0xd0>
10002ec2:	e0e8      	b.n	10003096 <alarm_pool_irq_handler+0x2a2>
10002ec4:	4652      	mov	r2, sl
10002ec6:	4653      	mov	r3, sl
10002ec8:	6952      	ldr	r2, [r2, #20]
10002eca:	691b      	ldr	r3, [r3, #16]
10002ecc:	4693      	mov	fp, r2
10002ece:	9a04      	ldr	r2, [sp, #16]
10002ed0:	4293      	cmp	r3, r2
10002ed2:	d100      	bne.n	10002ed6 <alarm_pool_irq_handler+0xe2>
10002ed4:	e0d9      	b.n	1000308a <alarm_pool_irq_handler+0x296>
10002ed6:	4652      	mov	r2, sl
10002ed8:	2108      	movs	r1, #8
10002eda:	5e60      	ldrsh	r0, [r4, r1]
10002edc:	8852      	ldrh	r2, [r2, #2]
10002ede:	0400      	lsls	r0, r0, #16
10002ee0:	4659      	mov	r1, fp
10002ee2:	4310      	orrs	r0, r2
10002ee4:	4798      	blx	r3
10002ee6:	9000      	str	r0, [sp, #0]
10002ee8:	9101      	str	r1, [sp, #4]
10002eea:	9900      	ldr	r1, [sp, #0]
10002eec:	9a01      	ldr	r2, [sp, #4]
10002eee:	000b      	movs	r3, r1
10002ef0:	0010      	movs	r0, r2
10002ef2:	4313      	orrs	r3, r2
10002ef4:	d100      	bne.n	10002ef8 <alarm_pool_irq_handler+0x104>
10002ef6:	e0ce      	b.n	10003096 <alarm_pool_irq_handler+0x2a2>
10002ef8:	0013      	movs	r3, r2
10002efa:	000a      	movs	r2, r1
10002efc:	1ab6      	subs	r6, r6, r2
10002efe:	419f      	sbcs	r7, r3
10002f00:	2800      	cmp	r0, #0
10002f02:	db06      	blt.n	10002f12 <alarm_pool_irq_handler+0x11e>
10002f04:	487a      	ldr	r0, [pc, #488]	@ (100030f0 <alarm_pool_irq_handler+0x2fc>)
10002f06:	f000 fbe7 	bl	100036d8 <timer_time_us_64>
10002f0a:	9e00      	ldr	r6, [sp, #0]
10002f0c:	9f01      	ldr	r7, [sp, #4]
10002f0e:	1836      	adds	r6, r6, r0
10002f10:	414f      	adcs	r7, r1
10002f12:	4653      	mov	r3, sl
10002f14:	609e      	str	r6, [r3, #8]
10002f16:	60df      	str	r7, [r3, #12]
10002f18:	2200      	movs	r2, #0
10002f1a:	5e9a      	ldrsh	r2, [r3, r2]
10002f1c:	2a00      	cmp	r2, #0
10002f1e:	da00      	bge.n	10002f22 <alarm_pool_irq_handler+0x12e>
10002f20:	e786      	b.n	10002e30 <alarm_pool_irq_handler+0x3c>
10002f22:	0053      	lsls	r3, r2, #1
10002f24:	1899      	adds	r1, r3, r2
10002f26:	6960      	ldr	r0, [r4, #20]
10002f28:	00c9      	lsls	r1, r1, #3
10002f2a:	1841      	adds	r1, r0, r1
10002f2c:	9302      	str	r3, [sp, #8]
10002f2e:	688b      	ldr	r3, [r1, #8]
10002f30:	68c9      	ldr	r1, [r1, #12]
10002f32:	469b      	mov	fp, r3
10002f34:	42b9      	cmp	r1, r7
10002f36:	dd00      	ble.n	10002f3a <alarm_pool_irq_handler+0x146>
10002f38:	e77a      	b.n	10002e30 <alarm_pool_irq_handler+0x3c>
10002f3a:	d102      	bne.n	10002f42 <alarm_pool_irq_handler+0x14e>
10002f3c:	42b3      	cmp	r3, r6
10002f3e:	d900      	bls.n	10002f42 <alarm_pool_irq_handler+0x14e>
10002f40:	e776      	b.n	10002e30 <alarm_pool_irq_handler+0x3c>
10002f42:	2308      	movs	r3, #8
10002f44:	469c      	mov	ip, r3
10002f46:	44a4      	add	ip, r4
10002f48:	9505      	str	r5, [sp, #20]
10002f4a:	4665      	mov	r5, ip
10002f4c:	8122      	strh	r2, [r4, #8]
10002f4e:	46a4      	mov	ip, r4
10002f50:	9b02      	ldr	r3, [sp, #8]
10002f52:	002c      	movs	r4, r5
10002f54:	e006      	b.n	10002f64 <alarm_pool_irq_handler+0x170>
10002f56:	0053      	lsls	r3, r2, #1
10002f58:	1899      	adds	r1, r3, r2
10002f5a:	00c9      	lsls	r1, r1, #3
10002f5c:	1841      	adds	r1, r0, r1
10002f5e:	688d      	ldr	r5, [r1, #8]
10002f60:	68c9      	ldr	r1, [r1, #12]
10002f62:	46ab      	mov	fp, r5
10002f64:	189b      	adds	r3, r3, r2
10002f66:	00db      	lsls	r3, r3, #3
10002f68:	18c3      	adds	r3, r0, r3
10002f6a:	42b9      	cmp	r1, r7
10002f6c:	dc06      	bgt.n	10002f7c <alarm_pool_irq_handler+0x188>
10002f6e:	d100      	bne.n	10002f72 <alarm_pool_irq_handler+0x17e>
10002f70:	e0b3      	b.n	100030da <alarm_pool_irq_handler+0x2e6>
10002f72:	001c      	movs	r4, r3
10002f74:	2300      	movs	r3, #0
10002f76:	5ee2      	ldrsh	r2, [r4, r3]
10002f78:	2a00      	cmp	r2, #0
10002f7a:	daec      	bge.n	10002f56 <alarm_pool_irq_handler+0x162>
10002f7c:	0023      	movs	r3, r4
10002f7e:	4664      	mov	r4, ip
10002f80:	469c      	mov	ip, r3
10002f82:	4653      	mov	r3, sl
10002f84:	801a      	strh	r2, [r3, #0]
10002f86:	4663      	mov	r3, ip
10002f88:	9d05      	ldr	r5, [sp, #20]
10002f8a:	801d      	strh	r5, [r3, #0]
10002f8c:	88a3      	ldrh	r3, [r4, #4]
10002f8e:	b21b      	sxth	r3, r3
10002f90:	2b00      	cmp	r3, #0
10002f92:	da00      	bge.n	10002f96 <alarm_pool_irq_handler+0x1a2>
10002f94:	e751      	b.n	10002e3a <alarm_pool_irq_handler+0x46>
10002f96:	6922      	ldr	r2, [r4, #16]
10002f98:	f3ef 8110 	mrs	r1, PRIMASK
10002f9c:	b672      	cpsid	i
10002f9e:	6813      	ldr	r3, [r2, #0]
10002fa0:	2b00      	cmp	r3, #0
10002fa2:	d0fc      	beq.n	10002f9e <alarm_pool_irq_handler+0x1aa>
10002fa4:	f3bf 8f5f 	dmb	sy
10002fa8:	2301      	movs	r3, #1
10002faa:	88a7      	ldrh	r7, [r4, #4]
10002fac:	425b      	negs	r3, r3
10002fae:	80a3      	strh	r3, [r4, #4]
10002fb0:	b23f      	sxth	r7, r7
10002fb2:	6923      	ldr	r3, [r4, #16]
10002fb4:	f3bf 8f5f 	dmb	sy
10002fb8:	2200      	movs	r2, #0
10002fba:	601a      	str	r2, [r3, #0]
10002fbc:	f381 8810 	msr	PRIMASK, r1
10002fc0:	2f00      	cmp	r7, #0
10002fc2:	da00      	bge.n	10002fc6 <alarm_pool_irq_handler+0x1d2>
10002fc4:	e739      	b.n	10002e3a <alarm_pool_irq_handler+0x46>
10002fc6:	0023      	movs	r3, r4
10002fc8:	3308      	adds	r3, #8
10002fca:	0022      	movs	r2, r4
10002fcc:	469a      	mov	sl, r3
10002fce:	6966      	ldr	r6, [r4, #20]
10002fd0:	007b      	lsls	r3, r7, #1
10002fd2:	19db      	adds	r3, r3, r7
10002fd4:	00db      	lsls	r3, r3, #3
10002fd6:	18f3      	adds	r3, r6, r3
10002fd8:	6899      	ldr	r1, [r3, #8]
10002fda:	4650      	mov	r0, sl
10002fdc:	468c      	mov	ip, r1
10002fde:	2408      	movs	r4, #8
10002fe0:	5f11      	ldrsh	r1, [r2, r4]
10002fe2:	68dd      	ldr	r5, [r3, #12]
10002fe4:	2900      	cmp	r1, #0
10002fe6:	db10      	blt.n	1000300a <alarm_pool_irq_handler+0x216>
10002fe8:	9302      	str	r3, [sp, #8]
10002fea:	e006      	b.n	10002ffa <alarm_pool_irq_handler+0x206>
10002fec:	42ab      	cmp	r3, r5
10002fee:	d044      	beq.n	1000307a <alarm_pool_irq_handler+0x286>
10002ff0:	2300      	movs	r3, #0
10002ff2:	5ee1      	ldrsh	r1, [r4, r3]
10002ff4:	0020      	movs	r0, r4
10002ff6:	2900      	cmp	r1, #0
10002ff8:	db06      	blt.n	10003008 <alarm_pool_irq_handler+0x214>
10002ffa:	004c      	lsls	r4, r1, #1
10002ffc:	1864      	adds	r4, r4, r1
10002ffe:	00e4      	lsls	r4, r4, #3
10003000:	1934      	adds	r4, r6, r4
10003002:	68e3      	ldr	r3, [r4, #12]
10003004:	42ab      	cmp	r3, r5
10003006:	ddf1      	ble.n	10002fec <alarm_pool_irq_handler+0x1f8>
10003008:	9b02      	ldr	r3, [sp, #8]
1000300a:	8007      	strh	r7, [r0, #0]
1000300c:	2000      	movs	r0, #0
1000300e:	5e1f      	ldrsh	r7, [r3, r0]
10003010:	8019      	strh	r1, [r3, #0]
10003012:	2f00      	cmp	r7, #0
10003014:	dadc      	bge.n	10002fd0 <alarm_pool_irq_handler+0x1dc>
10003016:	0014      	movs	r4, r2
10003018:	79a3      	ldrb	r3, [r4, #6]
1000301a:	2b00      	cmp	r3, #0
1000301c:	d100      	bne.n	10003020 <alarm_pool_irq_handler+0x22c>
1000301e:	e710      	b.n	10002e42 <alarm_pool_irq_handler+0x4e>
10003020:	2300      	movs	r3, #0
10003022:	71a3      	strb	r3, [r4, #6]
10003024:	0026      	movs	r6, r4
10003026:	2308      	movs	r3, #8
10003028:	5ee1      	ldrsh	r1, [r4, r3]
1000302a:	3608      	adds	r6, #8
1000302c:	1c4b      	adds	r3, r1, #1
1000302e:	d100      	bne.n	10003032 <alarm_pool_irq_handler+0x23e>
10003030:	e72c      	b.n	10002e8c <alarm_pool_irq_handler+0x98>
10003032:	0008      	movs	r0, r1
10003034:	46a2      	mov	sl, r4
10003036:	6965      	ldr	r5, [r4, #20]
10003038:	e002      	b.n	10003040 <alarm_pool_irq_handler+0x24c>
1000303a:	003e      	movs	r6, r7
1000303c:	1c4b      	adds	r3, r1, #1
1000303e:	d01a      	beq.n	10003076 <alarm_pool_irq_handler+0x282>
10003040:	004b      	lsls	r3, r1, #1
10003042:	185b      	adds	r3, r3, r1
10003044:	00db      	lsls	r3, r3, #3
10003046:	18ef      	adds	r7, r5, r3
10003048:	000a      	movs	r2, r1
1000304a:	468c      	mov	ip, r1
1000304c:	5ee9      	ldrsh	r1, [r5, r3]
1000304e:	887b      	ldrh	r3, [r7, #2]
10003050:	b21b      	sxth	r3, r3
10003052:	2b00      	cmp	r3, #0
10003054:	daf1      	bge.n	1000303a <alarm_pool_irq_handler+0x246>
10003056:	2301      	movs	r3, #1
10003058:	425b      	negs	r3, r3
1000305a:	17dc      	asrs	r4, r3, #31
1000305c:	60bb      	str	r3, [r7, #8]
1000305e:	60fc      	str	r4, [r7, #12]
10003060:	4282      	cmp	r2, r0
10003062:	d005      	beq.n	10003070 <alarm_pool_irq_handler+0x27c>
10003064:	4653      	mov	r3, sl
10003066:	8031      	strh	r1, [r6, #0]
10003068:	891b      	ldrh	r3, [r3, #8]
1000306a:	803b      	strh	r3, [r7, #0]
1000306c:	4653      	mov	r3, sl
1000306e:	811a      	strh	r2, [r3, #8]
10003070:	4660      	mov	r0, ip
10003072:	1c4b      	adds	r3, r1, #1
10003074:	d1e4      	bne.n	10003040 <alarm_pool_irq_handler+0x24c>
10003076:	4654      	mov	r4, sl
10003078:	e6e5      	b.n	10002e46 <alarm_pool_irq_handler+0x52>
1000307a:	68a3      	ldr	r3, [r4, #8]
1000307c:	4563      	cmp	r3, ip
1000307e:	d9b7      	bls.n	10002ff0 <alarm_pool_irq_handler+0x1fc>
10003080:	e7c2      	b.n	10003008 <alarm_pool_irq_handler+0x214>
10003082:	1c6b      	adds	r3, r5, #1
10003084:	d000      	beq.n	10003088 <alarm_pool_irq_handler+0x294>
10003086:	e6ea      	b.n	10002e5e <alarm_pool_irq_handler+0x6a>
10003088:	e6f8      	b.n	10002e7c <alarm_pool_irq_handler+0x88>
1000308a:	465b      	mov	r3, fp
1000308c:	4658      	mov	r0, fp
1000308e:	691b      	ldr	r3, [r3, #16]
10003090:	4798      	blx	r3
10003092:	2800      	cmp	r0, #0
10003094:	d11b      	bne.n	100030ce <alarm_pool_irq_handler+0x2da>
10003096:	4653      	mov	r3, sl
10003098:	881b      	ldrh	r3, [r3, #0]
1000309a:	6922      	ldr	r2, [r4, #16]
1000309c:	8123      	strh	r3, [r4, #8]
1000309e:	f3ef 8310 	mrs	r3, PRIMASK
100030a2:	b672      	cpsid	i
100030a4:	6811      	ldr	r1, [r2, #0]
100030a6:	2900      	cmp	r1, #0
100030a8:	d0fc      	beq.n	100030a4 <alarm_pool_irq_handler+0x2b0>
100030aa:	f3bf 8f5f 	dmb	sy
100030ae:	4651      	mov	r1, sl
100030b0:	8862      	ldrh	r2, [r4, #2]
100030b2:	800a      	strh	r2, [r1, #0]
100030b4:	6922      	ldr	r2, [r4, #16]
100030b6:	8065      	strh	r5, [r4, #2]
100030b8:	f3bf 8f5f 	dmb	sy
100030bc:	2100      	movs	r1, #0
100030be:	6011      	str	r1, [r2, #0]
100030c0:	f383 8810 	msr	PRIMASK, r3
100030c4:	e6b4      	b.n	10002e30 <alarm_pool_irq_handler+0x3c>
100030c6:	4286      	cmp	r6, r0
100030c8:	d800      	bhi.n	100030cc <alarm_pool_irq_handler+0x2d8>
100030ca:	e6f8      	b.n	10002ebe <alarm_pool_irq_handler+0xca>
100030cc:	e6b0      	b.n	10002e30 <alarm_pool_irq_handler+0x3c>
100030ce:	465b      	mov	r3, fp
100030d0:	681a      	ldr	r2, [r3, #0]
100030d2:	685b      	ldr	r3, [r3, #4]
100030d4:	9200      	str	r2, [sp, #0]
100030d6:	9301      	str	r3, [sp, #4]
100030d8:	e707      	b.n	10002eea <alarm_pool_irq_handler+0xf6>
100030da:	45b3      	cmp	fp, r6
100030dc:	d800      	bhi.n	100030e0 <alarm_pool_irq_handler+0x2ec>
100030de:	e748      	b.n	10002f72 <alarm_pool_irq_handler+0x17e>
100030e0:	e74c      	b.n	10002f7c <alarm_pool_irq_handler+0x188>
100030e2:	46c0      	nop			@ (mov r8, r8)
100030e4:	20002108 	.word	0x20002108
100030e8:	4005703c 	.word	0x4005703c
100030ec:	10002df5 	.word	0x10002df5
100030f0:	40054000 	.word	0x40054000

100030f4 <runtime_init_default_alarm_pool>:
100030f4:	b570      	push	{r4, r5, r6, lr}
100030f6:	4c2e      	ldr	r4, [pc, #184]	@ (100031b0 <runtime_init_default_alarm_pool+0xbc>)
100030f8:	6925      	ldr	r5, [r4, #16]
100030fa:	2d00      	cmp	r5, #0
100030fc:	d004      	beq.n	10003108 <runtime_init_default_alarm_pool+0x14>
100030fe:	210a      	movs	r1, #10
10003100:	482c      	ldr	r0, [pc, #176]	@ (100031b4 <runtime_init_default_alarm_pool+0xc0>)
10003102:	f000 fce9 	bl	10003ad8 <lock_init>
10003106:	bd70      	pop	{r4, r5, r6, pc}
10003108:	4e2b      	ldr	r6, [pc, #172]	@ (100031b8 <runtime_init_default_alarm_pool+0xc4>)
1000310a:	2103      	movs	r1, #3
1000310c:	0030      	movs	r0, r6
1000310e:	f000 fad9 	bl	100036c4 <timer_hardware_alarm_claim>
10003112:	60e6      	str	r6, [r4, #12]
10003114:	f7ff fe2a 	bl	10002d6c <next_striped_spin_lock_num>
10003118:	4b28      	ldr	r3, [pc, #160]	@ (100031bc <runtime_init_default_alarm_pool+0xc8>)
1000311a:	2203      	movs	r2, #3
1000311c:	469c      	mov	ip, r3
1000311e:	23d0      	movs	r3, #208	@ 0xd0
10003120:	7022      	strb	r2, [r4, #0]
10003122:	061b      	lsls	r3, r3, #24
10003124:	681b      	ldr	r3, [r3, #0]
10003126:	2101      	movs	r1, #1
10003128:	7063      	strb	r3, [r4, #1]
1000312a:	4b25      	ldr	r3, [pc, #148]	@ (100031c0 <runtime_init_default_alarm_pool+0xcc>)
1000312c:	4460      	add	r0, ip
1000312e:	60a3      	str	r3, [r4, #8]
10003130:	230f      	movs	r3, #15
10003132:	0080      	lsls	r0, r0, #2
10003134:	6120      	str	r0, [r4, #16]
10003136:	2002      	movs	r0, #2
10003138:	8063      	strh	r3, [r4, #2]
1000313a:	6963      	ldr	r3, [r4, #20]
1000313c:	4249      	negs	r1, r1
1000313e:	80a1      	strh	r1, [r4, #4]
10003140:	8019      	strh	r1, [r3, #0]
10003142:	3102      	adds	r1, #2
10003144:	8619      	strh	r1, [r3, #48]	@ 0x30
10003146:	3147      	adds	r1, #71	@ 0x47
10003148:	831d      	strh	r5, [r3, #24]
1000314a:	5258      	strh	r0, [r3, r1]
1000314c:	3118      	adds	r1, #24
1000314e:	525a      	strh	r2, [r3, r1]
10003150:	3275      	adds	r2, #117	@ 0x75
10003152:	395c      	subs	r1, #92	@ 0x5c
10003154:	5299      	strh	r1, [r3, r2]
10003156:	3218      	adds	r2, #24
10003158:	3101      	adds	r1, #1
1000315a:	5299      	strh	r1, [r3, r2]
1000315c:	3218      	adds	r2, #24
1000315e:	3101      	adds	r1, #1
10003160:	5299      	strh	r1, [r3, r2]
10003162:	3218      	adds	r2, #24
10003164:	3101      	adds	r1, #1
10003166:	5299      	strh	r1, [r3, r2]
10003168:	3508      	adds	r5, #8
1000316a:	3218      	adds	r2, #24
1000316c:	529d      	strh	r5, [r3, r2]
1000316e:	3102      	adds	r1, #2
10003170:	3218      	adds	r2, #24
10003172:	5299      	strh	r1, [r3, r2]
10003174:	3218      	adds	r2, #24
10003176:	3101      	adds	r1, #1
10003178:	5299      	strh	r1, [r3, r2]
1000317a:	3218      	adds	r2, #24
1000317c:	3101      	adds	r1, #1
1000317e:	5299      	strh	r1, [r3, r2]
10003180:	3218      	adds	r2, #24
10003182:	3101      	adds	r1, #1
10003184:	5299      	strh	r1, [r3, r2]
10003186:	3218      	adds	r2, #24
10003188:	3101      	adds	r1, #1
1000318a:	5299      	strh	r1, [r3, r2]
1000318c:	3218      	adds	r2, #24
1000318e:	3101      	adds	r1, #1
10003190:	5299      	strh	r1, [r3, r2]
10003192:	4b0c      	ldr	r3, [pc, #48]	@ (100031c4 <runtime_init_default_alarm_pool+0xd0>)
10003194:	490c      	ldr	r1, [pc, #48]	@ (100031c8 <runtime_init_default_alarm_pool+0xd4>)
10003196:	60dc      	str	r4, [r3, #12]
10003198:	3001      	adds	r0, #1
1000319a:	6235      	str	r5, [r6, #32]
1000319c:	f000 fb08 	bl	100037b0 <irq_set_exclusive_handler>
100031a0:	2101      	movs	r1, #1
100031a2:	2003      	movs	r0, #3
100031a4:	f000 facc 	bl	10003740 <irq_set_enabled>
100031a8:	4b08      	ldr	r3, [pc, #32]	@ (100031cc <runtime_init_default_alarm_pool+0xd8>)
100031aa:	601d      	str	r5, [r3, #0]
100031ac:	e7a7      	b.n	100030fe <runtime_init_default_alarm_pool+0xa>
100031ae:	46c0      	nop			@ (mov r8, r8)
100031b0:	20000fc8 	.word	0x20000fc8
100031b4:	20002124 	.word	0x20002124
100031b8:	40054000 	.word	0x40054000
100031bc:	34000040 	.word	0x34000040
100031c0:	0010ffff 	.word	0x0010ffff
100031c4:	20002108 	.word	0x20002108
100031c8:	10002df5 	.word	0x10002df5
100031cc:	40056038 	.word	0x40056038

100031d0 <alarm_pool_get_default>:
100031d0:	4800      	ldr	r0, [pc, #0]	@ (100031d4 <alarm_pool_get_default+0x4>)
100031d2:	4770      	bx	lr
100031d4:	20000fc8 	.word	0x20000fc8

100031d8 <alarm_pool_add_alarm_at>:
100031d8:	b5f8      	push	{r3, r4, r5, r6, r7, lr}
100031da:	001f      	movs	r7, r3
100031dc:	ab08      	add	r3, sp, #32
100031de:	781b      	ldrb	r3, [r3, #0]
100031e0:	0004      	movs	r4, r0
100031e2:	0016      	movs	r6, r2
100031e4:	2b00      	cmp	r3, #0
100031e6:	d108      	bne.n	100031fa <alarm_pool_add_alarm_at+0x22>
100031e8:	f000 fa7e 	bl	100036e8 <time_us_64>
100031ec:	0032      	movs	r2, r6
100031ee:	003b      	movs	r3, r7
100031f0:	1a12      	subs	r2, r2, r0
100031f2:	418b      	sbcs	r3, r1
100031f4:	2b00      	cmp	r3, #0
100031f6:	da00      	bge.n	100031fa <alarm_pool_add_alarm_at+0x22>
100031f8:	e052      	b.n	100032a0 <alarm_pool_add_alarm_at+0xc8>
100031fa:	6922      	ldr	r2, [r4, #16]
100031fc:	f3ef 8010 	mrs	r0, PRIMASK
10003200:	b672      	cpsid	i
10003202:	6813      	ldr	r3, [r2, #0]
10003204:	2b00      	cmp	r3, #0
10003206:	d0fc      	beq.n	10003202 <alarm_pool_add_alarm_at+0x2a>
10003208:	f3bf 8f5f 	dmb	sy
1000320c:	2302      	movs	r3, #2
1000320e:	5ee1      	ldrsh	r1, [r4, r3]
10003210:	6963      	ldr	r3, [r4, #20]
10003212:	004a      	lsls	r2, r1, #1
10003214:	1852      	adds	r2, r2, r1
10003216:	00d2      	lsls	r2, r2, #3
10003218:	189b      	adds	r3, r3, r2
1000321a:	6922      	ldr	r2, [r4, #16]
1000321c:	2900      	cmp	r1, #0
1000321e:	db36      	blt.n	1000328e <alarm_pool_add_alarm_at+0xb6>
10003220:	881d      	ldrh	r5, [r3, #0]
10003222:	8065      	strh	r5, [r4, #2]
10003224:	f3bf 8f5f 	dmb	sy
10003228:	2500      	movs	r5, #0
1000322a:	6015      	str	r5, [r2, #0]
1000322c:	f380 8810 	msr	PRIMASK, r0
10003230:	9a06      	ldr	r2, [sp, #24]
10003232:	609e      	str	r6, [r3, #8]
10003234:	60df      	str	r7, [r3, #12]
10003236:	611a      	str	r2, [r3, #16]
10003238:	9a07      	ldr	r2, [sp, #28]
1000323a:	615a      	str	r2, [r3, #20]
1000323c:	885a      	ldrh	r2, [r3, #2]
1000323e:	3201      	adds	r2, #1
10003240:	0452      	lsls	r2, r2, #17
10003242:	0c52      	lsrs	r2, r2, #17
10003244:	1c10      	adds	r0, r2, #0
10003246:	2a00      	cmp	r2, #0
10003248:	d01f      	beq.n	1000328a <alarm_pool_add_alarm_at+0xb2>
1000324a:	b282      	uxth	r2, r0
1000324c:	8058      	strh	r0, [r3, #2]
1000324e:	0408      	lsls	r0, r1, #16
10003250:	4310      	orrs	r0, r2
10003252:	6926      	ldr	r6, [r4, #16]
10003254:	f3ef 8710 	mrs	r7, PRIMASK
10003258:	b672      	cpsid	i
1000325a:	6832      	ldr	r2, [r6, #0]
1000325c:	2a00      	cmp	r2, #0
1000325e:	d0fc      	beq.n	1000325a <alarm_pool_add_alarm_at+0x82>
10003260:	f3bf 8f5f 	dmb	sy
10003264:	88a2      	ldrh	r2, [r4, #4]
10003266:	801a      	strh	r2, [r3, #0]
10003268:	80a1      	strh	r1, [r4, #4]
1000326a:	6923      	ldr	r3, [r4, #16]
1000326c:	f3bf 8f5f 	dmb	sy
10003270:	2200      	movs	r2, #0
10003272:	601a      	str	r2, [r3, #0]
10003274:	f387 8810 	msr	PRIMASK, r7
10003278:	490a      	ldr	r1, [pc, #40]	@ (100032a4 <alarm_pool_add_alarm_at+0xcc>)
1000327a:	7823      	ldrb	r3, [r4, #0]
1000327c:	468c      	mov	ip, r1
1000327e:	3201      	adds	r2, #1
10003280:	409a      	lsls	r2, r3
10003282:	68e3      	ldr	r3, [r4, #12]
10003284:	4463      	add	r3, ip
10003286:	601a      	str	r2, [r3, #0]
10003288:	bdf8      	pop	{r3, r4, r5, r6, r7, pc}
1000328a:	2001      	movs	r0, #1
1000328c:	e7dd      	b.n	1000324a <alarm_pool_add_alarm_at+0x72>
1000328e:	f3bf 8f5f 	dmb	sy
10003292:	2300      	movs	r3, #0
10003294:	6013      	str	r3, [r2, #0]
10003296:	f380 8810 	msr	PRIMASK, r0
1000329a:	2001      	movs	r0, #1
1000329c:	4240      	negs	r0, r0
1000329e:	e7f3      	b.n	10003288 <alarm_pool_add_alarm_at+0xb0>
100032a0:	2000      	movs	r0, #0
100032a2:	e7f1      	b.n	10003288 <alarm_pool_add_alarm_at+0xb0>
100032a4:	0000203c 	.word	0x0000203c

100032a8 <alarm_pool_add_alarm_at_force_in_context>:
100032a8:	b570      	push	{r4, r5, r6, lr}
100032aa:	0001      	movs	r1, r0
100032ac:	6904      	ldr	r4, [r0, #16]
100032ae:	f3ef 8c10 	mrs	ip, PRIMASK
100032b2:	b672      	cpsid	i
100032b4:	6820      	ldr	r0, [r4, #0]
100032b6:	2800      	cmp	r0, #0
100032b8:	d0fc      	beq.n	100032b4 <alarm_pool_add_alarm_at_force_in_context+0xc>
100032ba:	f3bf 8f5f 	dmb	sy
100032be:	2002      	movs	r0, #2
100032c0:	5e0d      	ldrsh	r5, [r1, r0]
100032c2:	694c      	ldr	r4, [r1, #20]
100032c4:	0068      	lsls	r0, r5, #1
100032c6:	1940      	adds	r0, r0, r5
100032c8:	00c0      	lsls	r0, r0, #3
100032ca:	1824      	adds	r4, r4, r0
100032cc:	6908      	ldr	r0, [r1, #16]
100032ce:	2d00      	cmp	r5, #0
100032d0:	db36      	blt.n	10003340 <alarm_pool_add_alarm_at_force_in_context+0x98>
100032d2:	8826      	ldrh	r6, [r4, #0]
100032d4:	804e      	strh	r6, [r1, #2]
100032d6:	f3bf 8f5f 	dmb	sy
100032da:	2600      	movs	r6, #0
100032dc:	6006      	str	r6, [r0, #0]
100032de:	f38c 8810 	msr	PRIMASK, ip
100032e2:	60e3      	str	r3, [r4, #12]
100032e4:	8863      	ldrh	r3, [r4, #2]
100032e6:	9804      	ldr	r0, [sp, #16]
100032e8:	3301      	adds	r3, #1
100032ea:	6120      	str	r0, [r4, #16]
100032ec:	045b      	lsls	r3, r3, #17
100032ee:	9805      	ldr	r0, [sp, #20]
100032f0:	0c5b      	lsrs	r3, r3, #17
100032f2:	60a2      	str	r2, [r4, #8]
100032f4:	6160      	str	r0, [r4, #20]
100032f6:	1c1a      	adds	r2, r3, #0
100032f8:	2b00      	cmp	r3, #0
100032fa:	d01f      	beq.n	1000333c <alarm_pool_add_alarm_at_force_in_context+0x94>
100032fc:	b293      	uxth	r3, r2
100032fe:	0428      	lsls	r0, r5, #16
10003300:	8062      	strh	r2, [r4, #2]
10003302:	4318      	orrs	r0, r3
10003304:	690a      	ldr	r2, [r1, #16]
10003306:	f3ef 8c10 	mrs	ip, PRIMASK
1000330a:	b672      	cpsid	i
1000330c:	6813      	ldr	r3, [r2, #0]
1000330e:	2b00      	cmp	r3, #0
10003310:	d0fc      	beq.n	1000330c <alarm_pool_add_alarm_at_force_in_context+0x64>
10003312:	f3bf 8f5f 	dmb	sy
10003316:	888b      	ldrh	r3, [r1, #4]
10003318:	8023      	strh	r3, [r4, #0]
1000331a:	808d      	strh	r5, [r1, #4]
1000331c:	690b      	ldr	r3, [r1, #16]
1000331e:	f3bf 8f5f 	dmb	sy
10003322:	2200      	movs	r2, #0
10003324:	601a      	str	r2, [r3, #0]
10003326:	f38c 8810 	msr	PRIMASK, ip
1000332a:	780b      	ldrb	r3, [r1, #0]
1000332c:	3201      	adds	r2, #1
1000332e:	409a      	lsls	r2, r3
10003330:	68cb      	ldr	r3, [r1, #12]
10003332:	4908      	ldr	r1, [pc, #32]	@ (10003354 <alarm_pool_add_alarm_at_force_in_context+0xac>)
10003334:	468c      	mov	ip, r1
10003336:	4463      	add	r3, ip
10003338:	601a      	str	r2, [r3, #0]
1000333a:	bd70      	pop	{r4, r5, r6, pc}
1000333c:	2201      	movs	r2, #1
1000333e:	e7dd      	b.n	100032fc <alarm_pool_add_alarm_at_force_in_context+0x54>
10003340:	f3bf 8f5f 	dmb	sy
10003344:	2300      	movs	r3, #0
10003346:	6003      	str	r3, [r0, #0]
10003348:	f38c 8810 	msr	PRIMASK, ip
1000334c:	2001      	movs	r0, #1
1000334e:	4240      	negs	r0, r0
10003350:	e7f3      	b.n	1000333a <alarm_pool_add_alarm_at_force_in_context+0x92>
10003352:	46c0      	nop			@ (mov r8, r8)
10003354:	0000203c 	.word	0x0000203c

10003358 <alarm_pool_cancel_alarm>:
10003358:	b510      	push	{r4, lr}
1000335a:	8943      	ldrh	r3, [r0, #10]
1000335c:	140a      	asrs	r2, r1, #16
1000335e:	4293      	cmp	r3, r2
10003360:	dd1a      	ble.n	10003398 <alarm_pool_cancel_alarm+0x40>
10003362:	0053      	lsls	r3, r2, #1
10003364:	189b      	adds	r3, r3, r2
10003366:	6942      	ldr	r2, [r0, #20]
10003368:	00db      	lsls	r3, r3, #3
1000336a:	18d3      	adds	r3, r2, r3
1000336c:	6904      	ldr	r4, [r0, #16]
1000336e:	f3ef 8c10 	mrs	ip, PRIMASK
10003372:	b672      	cpsid	i
10003374:	6822      	ldr	r2, [r4, #0]
10003376:	2a00      	cmp	r2, #0
10003378:	d0fc      	beq.n	10003374 <alarm_pool_cancel_alarm+0x1c>
1000337a:	f3bf 8f5f 	dmb	sy
1000337e:	885a      	ldrh	r2, [r3, #2]
10003380:	0409      	lsls	r1, r1, #16
10003382:	b294      	uxth	r4, r2
10003384:	0c09      	lsrs	r1, r1, #16
10003386:	428a      	cmp	r2, r1
10003388:	d008      	beq.n	1000339c <alarm_pool_cancel_alarm+0x44>
1000338a:	6903      	ldr	r3, [r0, #16]
1000338c:	f3bf 8f5f 	dmb	sy
10003390:	2200      	movs	r2, #0
10003392:	601a      	str	r2, [r3, #0]
10003394:	f38c 8810 	msr	PRIMASK, ip
10003398:	2000      	movs	r0, #0
1000339a:	bd10      	pop	{r4, pc}
1000339c:	2280      	movs	r2, #128	@ 0x80
1000339e:	0212      	lsls	r2, r2, #8
100033a0:	4314      	orrs	r4, r2
100033a2:	805c      	strh	r4, [r3, #2]
100033a4:	2301      	movs	r3, #1
100033a6:	6902      	ldr	r2, [r0, #16]
100033a8:	7183      	strb	r3, [r0, #6]
100033aa:	f3bf 8f5f 	dmb	sy
100033ae:	2100      	movs	r1, #0
100033b0:	6011      	str	r1, [r2, #0]
100033b2:	f38c 8810 	msr	PRIMASK, ip
100033b6:	4904      	ldr	r1, [pc, #16]	@ (100033c8 <alarm_pool_cancel_alarm+0x70>)
100033b8:	7802      	ldrb	r2, [r0, #0]
100033ba:	468c      	mov	ip, r1
100033bc:	4093      	lsls	r3, r2
100033be:	68c2      	ldr	r2, [r0, #12]
100033c0:	2001      	movs	r0, #1
100033c2:	4462      	add	r2, ip
100033c4:	6013      	str	r3, [r2, #0]
100033c6:	e7e8      	b.n	1000339a <alarm_pool_cancel_alarm+0x42>
100033c8:	0000203c 	.word	0x0000203c

100033cc <alarm_pool_core_num>:
100033cc:	7840      	ldrb	r0, [r0, #1]
100033ce:	4770      	bx	lr

100033d0 <sleep_us>:
100033d0:	b5f0      	push	{r4, r5, r6, r7, lr}
100033d2:	46c6      	mov	lr, r8
100033d4:	b500      	push	{lr}
100033d6:	b082      	sub	sp, #8
100033d8:	0004      	movs	r4, r0
100033da:	000d      	movs	r5, r1
100033dc:	f000 f984 	bl	100036e8 <time_us_64>
100033e0:	1824      	adds	r4, r4, r0
100033e2:	414d      	adcs	r5, r1
100033e4:	2d00      	cmp	r5, #0
100033e6:	da02      	bge.n	100033ee <sleep_us+0x1e>
100033e8:	2401      	movs	r4, #1
100033ea:	4d2f      	ldr	r5, [pc, #188]	@ (100034a8 <sleep_us+0xd8>)
100033ec:	4264      	negs	r4, r4
100033ee:	2606      	movs	r6, #6
100033f0:	4276      	negs	r6, r6
100033f2:	17f7      	asrs	r7, r6, #31
100033f4:	1936      	adds	r6, r6, r4
100033f6:	416f      	adcs	r7, r5
100033f8:	42af      	cmp	r7, r5
100033fa:	d814      	bhi.n	10003426 <sleep_us+0x56>
100033fc:	d011      	beq.n	10003422 <sleep_us+0x52>
100033fe:	f000 f973 	bl	100036e8 <time_us_64>
10003402:	0032      	movs	r2, r6
10003404:	003b      	movs	r3, r7
10003406:	1a12      	subs	r2, r2, r0
10003408:	418b      	sbcs	r3, r1
1000340a:	2b00      	cmp	r3, #0
1000340c:	dc15      	bgt.n	1000343a <sleep_us+0x6a>
1000340e:	2b00      	cmp	r3, #0
10003410:	d046      	beq.n	100034a0 <sleep_us+0xd0>
10003412:	0020      	movs	r0, r4
10003414:	0029      	movs	r1, r5
10003416:	f000 f971 	bl	100036fc <busy_wait_until>
1000341a:	b002      	add	sp, #8
1000341c:	bc80      	pop	{r7}
1000341e:	46b8      	mov	r8, r7
10003420:	bdf0      	pop	{r4, r5, r6, r7, pc}
10003422:	42a6      	cmp	r6, r4
10003424:	d9eb      	bls.n	100033fe <sleep_us+0x2e>
10003426:	2600      	movs	r6, #0
10003428:	2700      	movs	r7, #0
1000342a:	f000 f95d 	bl	100036e8 <time_us_64>
1000342e:	0032      	movs	r2, r6
10003430:	003b      	movs	r3, r7
10003432:	1a12      	subs	r2, r2, r0
10003434:	418b      	sbcs	r3, r1
10003436:	2b00      	cmp	r3, #0
10003438:	dde9      	ble.n	1000340e <sleep_us+0x3e>
1000343a:	f000 f955 	bl	100036e8 <time_us_64>
1000343e:	0032      	movs	r2, r6
10003440:	003b      	movs	r3, r7
10003442:	1a12      	subs	r2, r2, r0
10003444:	418b      	sbcs	r3, r1
10003446:	2b00      	cmp	r3, #0
10003448:	db0a      	blt.n	10003460 <sleep_us+0x90>
1000344a:	2300      	movs	r3, #0
1000344c:	9301      	str	r3, [sp, #4]
1000344e:	4b17      	ldr	r3, [pc, #92]	@ (100034ac <sleep_us+0xdc>)
10003450:	0032      	movs	r2, r6
10003452:	9300      	str	r3, [sp, #0]
10003454:	4816      	ldr	r0, [pc, #88]	@ (100034b0 <sleep_us+0xe0>)
10003456:	003b      	movs	r3, r7
10003458:	f7ff ff26 	bl	100032a8 <alarm_pool_add_alarm_at_force_in_context>
1000345c:	3001      	adds	r0, #1
1000345e:	d0d8      	beq.n	10003412 <sleep_us+0x42>
10003460:	2300      	movs	r3, #0
10003462:	0039      	movs	r1, r7
10003464:	46b0      	mov	r8, r6
10003466:	469c      	mov	ip, r3
10003468:	4a12      	ldr	r2, [pc, #72]	@ (100034b4 <sleep_us+0xe4>)
1000346a:	4813      	ldr	r0, [pc, #76]	@ (100034b8 <sleep_us+0xe8>)
1000346c:	6a53      	ldr	r3, [r2, #36]	@ 0x24
1000346e:	4299      	cmp	r1, r3
10003470:	d804      	bhi.n	1000347c <sleep_us+0xac>
10003472:	6a96      	ldr	r6, [r2, #40]	@ 0x28
10003474:	4546      	cmp	r6, r8
10003476:	d2cc      	bcs.n	10003412 <sleep_us+0x42>
10003478:	4299      	cmp	r1, r3
1000347a:	d1ca      	bne.n	10003412 <sleep_us+0x42>
1000347c:	6806      	ldr	r6, [r0, #0]
1000347e:	f3ef 8710 	mrs	r7, PRIMASK
10003482:	b672      	cpsid	i
10003484:	6833      	ldr	r3, [r6, #0]
10003486:	2b00      	cmp	r3, #0
10003488:	d0fc      	beq.n	10003484 <sleep_us+0xb4>
1000348a:	f3bf 8f5f 	dmb	sy
1000348e:	6803      	ldr	r3, [r0, #0]
10003490:	f3bf 8f5f 	dmb	sy
10003494:	4666      	mov	r6, ip
10003496:	601e      	str	r6, [r3, #0]
10003498:	f387 8810 	msr	PRIMASK, r7
1000349c:	bf20      	wfe
1000349e:	e7e5      	b.n	1000346c <sleep_us+0x9c>
100034a0:	2a00      	cmp	r2, #0
100034a2:	d0b6      	beq.n	10003412 <sleep_us+0x42>
100034a4:	e7c9      	b.n	1000343a <sleep_us+0x6a>
100034a6:	46c0      	nop			@ (mov r8, r8)
100034a8:	7fffffff 	.word	0x7fffffff
100034ac:	10002dc5 	.word	0x10002dc5
100034b0:	20000fc8 	.word	0x20000fc8
100034b4:	40054000 	.word	0x40054000
100034b8:	20002124 	.word	0x20002124

100034bc <sleep_ms>:
100034bc:	b5f0      	push	{r4, r5, r6, r7, lr}
100034be:	46c6      	mov	lr, r8
100034c0:	b500      	push	{lr}
100034c2:	b082      	sub	sp, #8
100034c4:	0004      	movs	r4, r0
100034c6:	f000 f90f 	bl	100036e8 <time_us_64>
100034ca:	22fa      	movs	r2, #250	@ 0xfa
100034cc:	0006      	movs	r6, r0
100034ce:	000f      	movs	r7, r1
100034d0:	0020      	movs	r0, r4
100034d2:	2300      	movs	r3, #0
100034d4:	2100      	movs	r1, #0
100034d6:	0092      	lsls	r2, r2, #2
100034d8:	f001 feb2 	bl	10005240 <__wrap___aeabi_lmul>
100034dc:	1980      	adds	r0, r0, r6
100034de:	4179      	adcs	r1, r7
100034e0:	0004      	movs	r4, r0
100034e2:	1e0d      	subs	r5, r1, #0
100034e4:	da02      	bge.n	100034ec <sleep_ms+0x30>
100034e6:	2401      	movs	r4, #1
100034e8:	4d2e      	ldr	r5, [pc, #184]	@ (100035a4 <sleep_ms+0xe8>)
100034ea:	4264      	negs	r4, r4
100034ec:	2606      	movs	r6, #6
100034ee:	4276      	negs	r6, r6
100034f0:	17f7      	asrs	r7, r6, #31
100034f2:	1936      	adds	r6, r6, r4
100034f4:	416f      	adcs	r7, r5
100034f6:	42af      	cmp	r7, r5
100034f8:	d814      	bhi.n	10003524 <sleep_ms+0x68>
100034fa:	d011      	beq.n	10003520 <sleep_ms+0x64>
100034fc:	f000 f8f4 	bl	100036e8 <time_us_64>
10003500:	0032      	movs	r2, r6
10003502:	003b      	movs	r3, r7
10003504:	1a12      	subs	r2, r2, r0
10003506:	418b      	sbcs	r3, r1
10003508:	2b00      	cmp	r3, #0
1000350a:	dc15      	bgt.n	10003538 <sleep_ms+0x7c>
1000350c:	2b00      	cmp	r3, #0
1000350e:	d046      	beq.n	1000359e <sleep_ms+0xe2>
10003510:	0020      	movs	r0, r4
10003512:	0029      	movs	r1, r5
10003514:	f000 f8f2 	bl	100036fc <busy_wait_until>
10003518:	b002      	add	sp, #8
1000351a:	bc80      	pop	{r7}
1000351c:	46b8      	mov	r8, r7
1000351e:	bdf0      	pop	{r4, r5, r6, r7, pc}
10003520:	42a6      	cmp	r6, r4
10003522:	d9eb      	bls.n	100034fc <sleep_ms+0x40>
10003524:	2600      	movs	r6, #0
10003526:	2700      	movs	r7, #0
10003528:	f000 f8de 	bl	100036e8 <time_us_64>
1000352c:	0032      	movs	r2, r6
1000352e:	003b      	movs	r3, r7
10003530:	1a12      	subs	r2, r2, r0
10003532:	418b      	sbcs	r3, r1
10003534:	2b00      	cmp	r3, #0
10003536:	dde9      	ble.n	1000350c <sleep_ms+0x50>
10003538:	f000 f8d6 	bl	100036e8 <time_us_64>
1000353c:	0032      	movs	r2, r6
1000353e:	003b      	movs	r3, r7
10003540:	1a12      	subs	r2, r2, r0
10003542:	418b      	sbcs	r3, r1
10003544:	2b00      	cmp	r3, #0
10003546:	db0a      	blt.n	1000355e <sleep_ms+0xa2>
10003548:	2300      	movs	r3, #0
1000354a:	9301      	str	r3, [sp, #4]
1000354c:	4b16      	ldr	r3, [pc, #88]	@ (100035a8 <sleep_ms+0xec>)
1000354e:	0032      	movs	r2, r6
10003550:	9300      	str	r3, [sp, #0]
10003552:	4816      	ldr	r0, [pc, #88]	@ (100035ac <sleep_ms+0xf0>)
10003554:	003b      	movs	r3, r7
10003556:	f7ff fea7 	bl	100032a8 <alarm_pool_add_alarm_at_force_in_context>
1000355a:	3001      	adds	r0, #1
1000355c:	d0d8      	beq.n	10003510 <sleep_ms+0x54>
1000355e:	2300      	movs	r3, #0
10003560:	0039      	movs	r1, r7
10003562:	46b0      	mov	r8, r6
10003564:	469c      	mov	ip, r3
10003566:	4a12      	ldr	r2, [pc, #72]	@ (100035b0 <sleep_ms+0xf4>)
10003568:	4812      	ldr	r0, [pc, #72]	@ (100035b4 <sleep_ms+0xf8>)
1000356a:	6a53      	ldr	r3, [r2, #36]	@ 0x24
1000356c:	4299      	cmp	r1, r3
1000356e:	d804      	bhi.n	1000357a <sleep_ms+0xbe>
10003570:	6a96      	ldr	r6, [r2, #40]	@ 0x28
10003572:	4546      	cmp	r6, r8
10003574:	d2cc      	bcs.n	10003510 <sleep_ms+0x54>
10003576:	4299      	cmp	r1, r3
10003578:	d1ca      	bne.n	10003510 <sleep_ms+0x54>
1000357a:	6806      	ldr	r6, [r0, #0]
1000357c:	f3ef 8710 	mrs	r7, PRIMASK
10003580:	b672      	cpsid	i
10003582:	6833      	ldr	r3, [r6, #0]
10003584:	2b00      	cmp	r3, #0
10003586:	d0fc      	beq.n	10003582 <sleep_ms+0xc6>
10003588:	f3bf 8f5f 	dmb	sy
1000358c:	6803      	ldr	r3, [r0, #0]
1000358e:	f3bf 8f5f 	dmb	sy
10003592:	4666      	mov	r6, ip
10003594:	601e      	str	r6, [r3, #0]
10003596:	f387 8810 	msr	PRIMASK, r7
1000359a:	bf20      	wfe
1000359c:	e7e5      	b.n	1000356a <sleep_ms+0xae>
1000359e:	2a00      	cmp	r2, #0
100035a0:	d0b6      	beq.n	10003510 <sleep_ms+0x54>
100035a2:	e7c9      	b.n	10003538 <sleep_ms+0x7c>
100035a4:	7fffffff 	.word	0x7fffffff
100035a8:	10002dc5 	.word	0x10002dc5
100035ac:	20000fc8 	.word	0x20000fc8
100035b0:	40054000 	.word	0x40054000
100035b4:	20002124 	.word	0x20002124

100035b8 <best_effort_wfe_or_timeout>:
100035b8:	b5f0      	push	{r4, r5, r6, r7, lr}
100035ba:	4657      	mov	r7, sl
100035bc:	464e      	mov	r6, r9
100035be:	46de      	mov	lr, fp
100035c0:	4645      	mov	r5, r8
100035c2:	b5e0      	push	{r5, r6, r7, lr}
100035c4:	0006      	movs	r6, r0
100035c6:	000f      	movs	r7, r1
100035c8:	b085      	sub	sp, #20
100035ca:	f3ef 8305 	mrs	r3, IPSR
100035ce:	4699      	mov	r9, r3
100035d0:	468b      	mov	fp, r1
100035d2:	2b00      	cmp	r3, #0
100035d4:	d012      	beq.n	100035fc <best_effort_wfe_or_timeout+0x44>
100035d6:	4938      	ldr	r1, [pc, #224]	@ (100036b8 <best_effort_wfe_or_timeout+0x100>)
100035d8:	2000      	movs	r0, #0
100035da:	6a4b      	ldr	r3, [r1, #36]	@ 0x24
100035dc:	42bb      	cmp	r3, r7
100035de:	d306      	bcc.n	100035ee <best_effort_wfe_or_timeout+0x36>
100035e0:	6a8a      	ldr	r2, [r1, #40]	@ 0x28
100035e2:	1bdb      	subs	r3, r3, r7
100035e4:	1e59      	subs	r1, r3, #1
100035e6:	418b      	sbcs	r3, r1
100035e8:	42b2      	cmp	r2, r6
100035ea:	4140      	adcs	r0, r0
100035ec:	4318      	orrs	r0, r3
100035ee:	b005      	add	sp, #20
100035f0:	bcf0      	pop	{r4, r5, r6, r7}
100035f2:	46bb      	mov	fp, r7
100035f4:	46b2      	mov	sl, r6
100035f6:	46a9      	mov	r9, r5
100035f8:	46a0      	mov	r8, r4
100035fa:	bdf0      	pop	{r4, r5, r6, r7, pc}
100035fc:	4b2f      	ldr	r3, [pc, #188]	@ (100036bc <best_effort_wfe_or_timeout+0x104>)
100035fe:	469a      	mov	sl, r3
10003600:	68db      	ldr	r3, [r3, #12]
10003602:	4698      	mov	r8, r3
10003604:	4653      	mov	r3, sl
10003606:	781b      	ldrb	r3, [r3, #0]
10003608:	4640      	mov	r0, r8
1000360a:	9303      	str	r3, [sp, #12]
1000360c:	f000 f864 	bl	100036d8 <timer_time_us_64>
10003610:	4642      	mov	r2, r8
10003612:	9b03      	ldr	r3, [sp, #12]
10003614:	0004      	movs	r4, r0
10003616:	3304      	adds	r3, #4
10003618:	009b      	lsls	r3, r3, #2
1000361a:	589b      	ldr	r3, [r3, r2]
1000361c:	000d      	movs	r5, r1
1000361e:	1a1b      	subs	r3, r3, r0
10003620:	0039      	movs	r1, r7
10003622:	0030      	movs	r0, r6
10003624:	1b00      	subs	r0, r0, r4
10003626:	41a9      	sbcs	r1, r5
10003628:	4589      	cmp	r9, r1
1000362a:	dc10      	bgt.n	1000364e <best_effort_wfe_or_timeout+0x96>
1000362c:	d00d      	beq.n	1000364a <best_effort_wfe_or_timeout+0x92>
1000362e:	bf20      	wfe
10003630:	4a21      	ldr	r2, [pc, #132]	@ (100036b8 <best_effort_wfe_or_timeout+0x100>)
10003632:	2000      	movs	r0, #0
10003634:	6a53      	ldr	r3, [r2, #36]	@ 0x24
10003636:	455b      	cmp	r3, fp
10003638:	d3d9      	bcc.n	100035ee <best_effort_wfe_or_timeout+0x36>
1000363a:	6a92      	ldr	r2, [r2, #40]	@ 0x28
1000363c:	1bdb      	subs	r3, r3, r7
1000363e:	1e59      	subs	r1, r3, #1
10003640:	418b      	sbcs	r3, r1
10003642:	42b2      	cmp	r2, r6
10003644:	4140      	adcs	r0, r0
10003646:	4318      	orrs	r0, r3
10003648:	e7d1      	b.n	100035ee <best_effort_wfe_or_timeout+0x36>
1000364a:	4283      	cmp	r3, r0
1000364c:	d9ef      	bls.n	1000362e <best_effort_wfe_or_timeout+0x76>
1000364e:	f000 f84b 	bl	100036e8 <time_us_64>
10003652:	0032      	movs	r2, r6
10003654:	003b      	movs	r3, r7
10003656:	1a12      	subs	r2, r2, r0
10003658:	418b      	sbcs	r3, r1
1000365a:	2b00      	cmp	r3, #0
1000365c:	db1a      	blt.n	10003694 <best_effort_wfe_or_timeout+0xdc>
1000365e:	2300      	movs	r3, #0
10003660:	9301      	str	r3, [sp, #4]
10003662:	4b17      	ldr	r3, [pc, #92]	@ (100036c0 <best_effort_wfe_or_timeout+0x108>)
10003664:	0032      	movs	r2, r6
10003666:	9300      	str	r3, [sp, #0]
10003668:	4650      	mov	r0, sl
1000366a:	003b      	movs	r3, r7
1000366c:	f7ff fe1c 	bl	100032a8 <alarm_pool_add_alarm_at_force_in_context>
10003670:	1e01      	subs	r1, r0, #0
10003672:	dd0f      	ble.n	10003694 <best_effort_wfe_or_timeout+0xdc>
10003674:	4b10      	ldr	r3, [pc, #64]	@ (100036b8 <best_effort_wfe_or_timeout+0x100>)
10003676:	6a5a      	ldr	r2, [r3, #36]	@ 0x24
10003678:	455a      	cmp	r2, fp
1000367a:	d31b      	bcc.n	100036b4 <best_effort_wfe_or_timeout+0xfc>
1000367c:	6a9b      	ldr	r3, [r3, #40]	@ 0x28
1000367e:	42b3      	cmp	r3, r6
10003680:	d316      	bcc.n	100036b0 <best_effort_wfe_or_timeout+0xf8>
10003682:	4650      	mov	r0, sl
10003684:	f7ff fe68 	bl	10003358 <alarm_pool_cancel_alarm>
10003688:	4a0b      	ldr	r2, [pc, #44]	@ (100036b8 <best_effort_wfe_or_timeout+0x100>)
1000368a:	2000      	movs	r0, #0
1000368c:	6a53      	ldr	r3, [r2, #36]	@ 0x24
1000368e:	455b      	cmp	r3, fp
10003690:	d3ad      	bcc.n	100035ee <best_effort_wfe_or_timeout+0x36>
10003692:	e7d2      	b.n	1000363a <best_effort_wfe_or_timeout+0x82>
10003694:	4a08      	ldr	r2, [pc, #32]	@ (100036b8 <best_effort_wfe_or_timeout+0x100>)
10003696:	2000      	movs	r0, #0
10003698:	6a53      	ldr	r3, [r2, #36]	@ 0x24
1000369a:	455b      	cmp	r3, fp
1000369c:	d3a7      	bcc.n	100035ee <best_effort_wfe_or_timeout+0x36>
1000369e:	2000      	movs	r0, #0
100036a0:	6a92      	ldr	r2, [r2, #40]	@ 0x28
100036a2:	1bdb      	subs	r3, r3, r7
100036a4:	42b2      	cmp	r2, r6
100036a6:	4140      	adcs	r0, r0
100036a8:	1e5a      	subs	r2, r3, #1
100036aa:	4193      	sbcs	r3, r2
100036ac:	4318      	orrs	r0, r3
100036ae:	e79e      	b.n	100035ee <best_effort_wfe_or_timeout+0x36>
100036b0:	455a      	cmp	r2, fp
100036b2:	d1e6      	bne.n	10003682 <best_effort_wfe_or_timeout+0xca>
100036b4:	bf20      	wfe
100036b6:	e7e4      	b.n	10003682 <best_effort_wfe_or_timeout+0xca>
100036b8:	40054000 	.word	0x40054000
100036bc:	20000fc8 	.word	0x20000fc8
100036c0:	10002dc5 	.word	0x10002dc5

100036c4 <timer_hardware_alarm_claim>:
100036c4:	b510      	push	{r4, lr}
100036c6:	4a02      	ldr	r2, [pc, #8]	@ (100036d0 <timer_hardware_alarm_claim+0xc>)
100036c8:	4802      	ldr	r0, [pc, #8]	@ (100036d4 <timer_hardware_alarm_claim+0x10>)
100036ca:	f7ff fae9 	bl	10002ca0 <hw_claim_or_assert>
100036ce:	bd10      	pop	{r4, pc}
100036d0:	1000b188 	.word	0x1000b188
100036d4:	20001c7c 	.word	0x20001c7c

100036d8 <timer_time_us_64>:
100036d8:	0003      	movs	r3, r0
100036da:	6a41      	ldr	r1, [r0, #36]	@ 0x24
100036dc:	000a      	movs	r2, r1
100036de:	6a98      	ldr	r0, [r3, #40]	@ 0x28
100036e0:	6a59      	ldr	r1, [r3, #36]	@ 0x24
100036e2:	428a      	cmp	r2, r1
100036e4:	d1fa      	bne.n	100036dc <timer_time_us_64+0x4>
100036e6:	4770      	bx	lr

100036e8 <time_us_64>:
100036e8:	4b03      	ldr	r3, [pc, #12]	@ (100036f8 <time_us_64+0x10>)
100036ea:	6a59      	ldr	r1, [r3, #36]	@ 0x24
100036ec:	000a      	movs	r2, r1
100036ee:	6a98      	ldr	r0, [r3, #40]	@ 0x28
100036f0:	6a59      	ldr	r1, [r3, #36]	@ 0x24
100036f2:	4291      	cmp	r1, r2
100036f4:	d1fa      	bne.n	100036ec <time_us_64+0x4>
100036f6:	4770      	bx	lr
100036f8:	40054000 	.word	0x40054000

100036fc <busy_wait_until>:
100036fc:	4a06      	ldr	r2, [pc, #24]	@ (10003718 <busy_wait_until+0x1c>)
100036fe:	6a53      	ldr	r3, [r2, #36]	@ 0x24
10003700:	4299      	cmp	r1, r3
10003702:	d8fc      	bhi.n	100036fe <busy_wait_until+0x2>
10003704:	d107      	bne.n	10003716 <busy_wait_until+0x1a>
10003706:	4b04      	ldr	r3, [pc, #16]	@ (10003718 <busy_wait_until+0x1c>)
10003708:	e002      	b.n	10003710 <busy_wait_until+0x14>
1000370a:	6a5a      	ldr	r2, [r3, #36]	@ 0x24
1000370c:	4291      	cmp	r1, r2
1000370e:	d102      	bne.n	10003716 <busy_wait_until+0x1a>
10003710:	6a9a      	ldr	r2, [r3, #40]	@ 0x28
10003712:	4290      	cmp	r0, r2
10003714:	d8f9      	bhi.n	1000370a <busy_wait_until+0xe>
10003716:	4770      	bx	lr
10003718:	40054000 	.word	0x40054000

1000371c <runtime_init_per_core_irq_priorities>:
1000371c:	4b05      	ldr	r3, [pc, #20]	@ (10003734 <runtime_init_per_core_irq_priorities+0x18>)
1000371e:	4a06      	ldr	r2, [pc, #24]	@ (10003738 <runtime_init_per_core_irq_priorities+0x1c>)
10003720:	6013      	str	r3, [r2, #0]
10003722:	4a06      	ldr	r2, [pc, #24]	@ (1000373c <runtime_init_per_core_irq_priorities+0x20>)
10003724:	6013      	str	r3, [r2, #0]
10003726:	6053      	str	r3, [r2, #4]
10003728:	6093      	str	r3, [r2, #8]
1000372a:	60d3      	str	r3, [r2, #12]
1000372c:	6113      	str	r3, [r2, #16]
1000372e:	6153      	str	r3, [r2, #20]
10003730:	6193      	str	r3, [r2, #24]
10003732:	4770      	bx	lr
10003734:	80808080 	.word	0x80808080
10003738:	e000e400 	.word	0xe000e400
1000373c:	e000e404 	.word	0xe000e404

10003740 <irq_set_enabled>:
10003740:	231f      	movs	r3, #31
10003742:	4018      	ands	r0, r3
10003744:	3b1e      	subs	r3, #30
10003746:	4083      	lsls	r3, r0
10003748:	2900      	cmp	r1, #0
1000374a:	d005      	beq.n	10003758 <irq_set_enabled+0x18>
1000374c:	21c0      	movs	r1, #192	@ 0xc0
1000374e:	4a04      	ldr	r2, [pc, #16]	@ (10003760 <irq_set_enabled+0x20>)
10003750:	0049      	lsls	r1, r1, #1
10003752:	5053      	str	r3, [r2, r1]
10003754:	6013      	str	r3, [r2, #0]
10003756:	4770      	bx	lr
10003758:	2280      	movs	r2, #128	@ 0x80
1000375a:	4901      	ldr	r1, [pc, #4]	@ (10003760 <irq_set_enabled+0x20>)
1000375c:	508b      	str	r3, [r1, r2]
1000375e:	e7fa      	b.n	10003756 <irq_set_enabled+0x16>
10003760:	e000e100 	.word	0xe000e100

10003764 <irq_is_enabled>:
10003764:	2201      	movs	r2, #1
10003766:	4082      	lsls	r2, r0
10003768:	4b03      	ldr	r3, [pc, #12]	@ (10003778 <irq_is_enabled+0x14>)
1000376a:	681b      	ldr	r3, [r3, #0]
1000376c:	4013      	ands	r3, r2
1000376e:	1e5a      	subs	r2, r3, #1
10003770:	4193      	sbcs	r3, r2
10003772:	b2d8      	uxtb	r0, r3
10003774:	4770      	bx	lr
10003776:	46c0      	nop			@ (mov r8, r8)
10003778:	e000e100 	.word	0xe000e100

1000377c <irq_set_pending>:
1000377c:	2301      	movs	r3, #1
1000377e:	4083      	lsls	r3, r0
10003780:	4a01      	ldr	r2, [pc, #4]	@ (10003788 <irq_set_pending+0xc>)
10003782:	6013      	str	r3, [r2, #0]
10003784:	4770      	bx	lr
10003786:	46c0      	nop			@ (mov r8, r8)
10003788:	e000e200 	.word	0xe000e200

1000378c <irq_has_shared_handler>:
1000378c:	4b06      	ldr	r3, [pc, #24]	@ (100037a8 <irq_has_shared_handler+0x1c>)
1000378e:	3010      	adds	r0, #16
10003790:	689b      	ldr	r3, [r3, #8]
10003792:	0080      	lsls	r0, r0, #2
10003794:	58c3      	ldr	r3, [r0, r3]
10003796:	4a05      	ldr	r2, [pc, #20]	@ (100037ac <irq_has_shared_handler+0x20>)
10003798:	2000      	movs	r0, #0
1000379a:	1a9b      	subs	r3, r3, r2
1000379c:	222f      	movs	r2, #47	@ 0x2f
1000379e:	429a      	cmp	r2, r3
100037a0:	4140      	adcs	r0, r0
100037a2:	b2c0      	uxtb	r0, r0
100037a4:	4770      	bx	lr
100037a6:	46c0      	nop			@ (mov r8, r8)
100037a8:	e000ed00 	.word	0xe000ed00
100037ac:	20000fe0 	.word	0x20000fe0

100037b0 <irq_set_exclusive_handler>:
100037b0:	b570      	push	{r4, r5, r6, lr}
100037b2:	000d      	movs	r5, r1
100037b4:	f3ef 8610 	mrs	r6, PRIMASK
100037b8:	b672      	cpsid	i
100037ba:	4a0f      	ldr	r2, [pc, #60]	@ (100037f8 <irq_set_exclusive_handler+0x48>)
100037bc:	6813      	ldr	r3, [r2, #0]
100037be:	2b00      	cmp	r3, #0
100037c0:	d0fc      	beq.n	100037bc <irq_set_exclusive_handler+0xc>
100037c2:	f3bf 8f5f 	dmb	sy
100037c6:	4b0d      	ldr	r3, [pc, #52]	@ (100037fc <irq_set_exclusive_handler+0x4c>)
100037c8:	3010      	adds	r0, #16
100037ca:	689b      	ldr	r3, [r3, #8]
100037cc:	0084      	lsls	r4, r0, #2
100037ce:	591b      	ldr	r3, [r3, r4]
100037d0:	4a0b      	ldr	r2, [pc, #44]	@ (10003800 <irq_set_exclusive_handler+0x50>)
100037d2:	4293      	cmp	r3, r2
100037d4:	d003      	beq.n	100037de <irq_set_exclusive_handler+0x2e>
100037d6:	429d      	cmp	r5, r3
100037d8:	d001      	beq.n	100037de <irq_set_exclusive_handler+0x2e>
100037da:	f000 fbf7 	bl	10003fcc <hard_assertion_failure>
100037de:	4b07      	ldr	r3, [pc, #28]	@ (100037fc <irq_set_exclusive_handler+0x4c>)
100037e0:	689b      	ldr	r3, [r3, #8]
100037e2:	511d      	str	r5, [r3, r4]
100037e4:	f3bf 8f5f 	dmb	sy
100037e8:	f3bf 8f5f 	dmb	sy
100037ec:	2200      	movs	r2, #0
100037ee:	4b02      	ldr	r3, [pc, #8]	@ (100037f8 <irq_set_exclusive_handler+0x48>)
100037f0:	601a      	str	r2, [r3, #0]
100037f2:	f386 8810 	msr	PRIMASK, r6
100037f6:	bd70      	pop	{r4, r5, r6, pc}
100037f8:	d0000124 	.word	0xd0000124
100037fc:	e000ed00 	.word	0xe000ed00
10003800:	100001cd 	.word	0x100001cd

10003804 <irq_add_shared_handler>:
10003804:	b5f0      	push	{r4, r5, r6, r7, lr}
10003806:	4657      	mov	r7, sl
10003808:	464e      	mov	r6, r9
1000380a:	46de      	mov	lr, fp
1000380c:	4645      	mov	r5, r8
1000380e:	b5e0      	push	{r5, r6, r7, lr}
10003810:	b085      	sub	sp, #20
10003812:	0006      	movs	r6, r0
10003814:	9100      	str	r1, [sp, #0]
10003816:	0017      	movs	r7, r2
10003818:	f3ef 8b10 	mrs	fp, PRIMASK
1000381c:	b672      	cpsid	i
1000381e:	4a6a      	ldr	r2, [pc, #424]	@ (100039c8 <irq_add_shared_handler+0x1c4>)
10003820:	6813      	ldr	r3, [r2, #0]
10003822:	2b00      	cmp	r3, #0
10003824:	d0fc      	beq.n	10003820 <irq_add_shared_handler+0x1c>
10003826:	f3bf 8f5f 	dmb	sy
1000382a:	2500      	movs	r5, #0
1000382c:	4b67      	ldr	r3, [pc, #412]	@ (100039cc <irq_add_shared_handler+0x1c8>)
1000382e:	575d      	ldrsb	r5, [r3, r5]
10003830:	469a      	mov	sl, r3
10003832:	2d00      	cmp	r5, #0
10003834:	da00      	bge.n	10003838 <irq_add_shared_handler+0x34>
10003836:	e0a9      	b.n	1000398c <irq_add_shared_handler+0x188>
10003838:	006b      	lsls	r3, r5, #1
1000383a:	4c65      	ldr	r4, [pc, #404]	@ (100039d0 <irq_add_shared_handler+0x1cc>)
1000383c:	9301      	str	r3, [sp, #4]
1000383e:	195b      	adds	r3, r3, r5
10003840:	009b      	lsls	r3, r3, #2
10003842:	4698      	mov	r8, r3
10003844:	46a1      	mov	r9, r4
10003846:	44c1      	add	r9, r8
10003848:	464b      	mov	r3, r9
1000384a:	4652      	mov	r2, sl
1000384c:	799b      	ldrb	r3, [r3, #6]
1000384e:	3610      	adds	r6, #16
10003850:	7013      	strb	r3, [r2, #0]
10003852:	4b60      	ldr	r3, [pc, #384]	@ (100039d4 <irq_add_shared_handler+0x1d0>)
10003854:	00b6      	lsls	r6, r6, #2
10003856:	689b      	ldr	r3, [r3, #8]
10003858:	5999      	ldr	r1, [r3, r6]
1000385a:	1b0b      	subs	r3, r1, r4
1000385c:	2b2f      	cmp	r3, #47	@ 0x2f
1000385e:	d933      	bls.n	100038c8 <irq_add_shared_handler+0xc4>
10003860:	4b5d      	ldr	r3, [pc, #372]	@ (100039d8 <irq_add_shared_handler+0x1d4>)
10003862:	4299      	cmp	r1, r3
10003864:	d000      	beq.n	10003868 <irq_add_shared_handler+0x64>
10003866:	e0ac      	b.n	100039c2 <irq_add_shared_handler+0x1be>
10003868:	9b01      	ldr	r3, [sp, #4]
1000386a:	4642      	mov	r2, r8
1000386c:	469c      	mov	ip, r3
1000386e:	4b5b      	ldr	r3, [pc, #364]	@ (100039dc <irq_add_shared_handler+0x1d8>)
10003870:	4465      	add	r5, ip
10003872:	00ad      	lsls	r5, r5, #2
10003874:	5363      	strh	r3, [r4, r5]
10003876:	4b5a      	ldr	r3, [pc, #360]	@ (100039e0 <irq_add_shared_handler+0x1dc>)
10003878:	3202      	adds	r2, #2
1000387a:	18a2      	adds	r2, r4, r2
1000387c:	3b04      	subs	r3, #4
1000387e:	1a9b      	subs	r3, r3, r2
10003880:	051b      	lsls	r3, r3, #20
10003882:	4a58      	ldr	r2, [pc, #352]	@ (100039e4 <irq_add_shared_handler+0x1e0>)
10003884:	0d5b      	lsrs	r3, r3, #21
10003886:	1965      	adds	r5, r4, r5
10003888:	4313      	orrs	r3, r2
1000388a:	806b      	strh	r3, [r5, #2]
1000388c:	4b56      	ldr	r3, [pc, #344]	@ (100039e8 <irq_add_shared_handler+0x1e4>)
1000388e:	2101      	movs	r1, #1
10003890:	80ab      	strh	r3, [r5, #4]
10003892:	23ff      	movs	r3, #255	@ 0xff
10003894:	71ab      	strb	r3, [r5, #6]
10003896:	9b00      	ldr	r3, [sp, #0]
10003898:	71ef      	strb	r7, [r5, #7]
1000389a:	60ab      	str	r3, [r5, #8]
1000389c:	464b      	mov	r3, r9
1000389e:	430b      	orrs	r3, r1
100038a0:	0019      	movs	r1, r3
100038a2:	4b4c      	ldr	r3, [pc, #304]	@ (100039d4 <irq_add_shared_handler+0x1d0>)
100038a4:	689b      	ldr	r3, [r3, #8]
100038a6:	5199      	str	r1, [r3, r6]
100038a8:	f3bf 8f5f 	dmb	sy
100038ac:	f3bf 8f5f 	dmb	sy
100038b0:	2200      	movs	r2, #0
100038b2:	4b45      	ldr	r3, [pc, #276]	@ (100039c8 <irq_add_shared_handler+0x1c4>)
100038b4:	601a      	str	r2, [r3, #0]
100038b6:	f38b 8810 	msr	PRIMASK, fp
100038ba:	b005      	add	sp, #20
100038bc:	bcf0      	pop	{r4, r5, r6, r7}
100038be:	46bb      	mov	fp, r7
100038c0:	46b2      	mov	sl, r6
100038c2:	46a9      	mov	r9, r5
100038c4:	46a0      	mov	r8, r4
100038c6:	bdf0      	pop	{r4, r5, r6, r7, pc}
100038c8:	2001      	movs	r0, #1
100038ca:	000a      	movs	r2, r1
100038cc:	4382      	bics	r2, r0
100038ce:	79d3      	ldrb	r3, [r2, #7]
100038d0:	468c      	mov	ip, r1
100038d2:	42bb      	cmp	r3, r7
100038d4:	d831      	bhi.n	1000393a <irq_add_shared_handler+0x136>
100038d6:	4645      	mov	r5, r8
100038d8:	0013      	movs	r3, r2
100038da:	4944      	ldr	r1, [pc, #272]	@ (100039ec <irq_add_shared_handler+0x1e8>)
100038dc:	1b1b      	subs	r3, r3, r4
100038de:	415b      	adcs	r3, r3
100038e0:	4359      	muls	r1, r3
100038e2:	0d09      	lsrs	r1, r1, #20
100038e4:	4b3d      	ldr	r3, [pc, #244]	@ (100039dc <irq_add_shared_handler+0x1d8>)
100038e6:	5363      	strh	r3, [r4, r5]
100038e8:	4b3d      	ldr	r3, [pc, #244]	@ (100039e0 <irq_add_shared_handler+0x1dc>)
100038ea:	3502      	adds	r5, #2
100038ec:	1965      	adds	r5, r4, r5
100038ee:	3b04      	subs	r3, #4
100038f0:	1b5b      	subs	r3, r3, r5
100038f2:	051b      	lsls	r3, r3, #20
100038f4:	4d3b      	ldr	r5, [pc, #236]	@ (100039e4 <irq_add_shared_handler+0x1e0>)
100038f6:	0d5b      	lsrs	r3, r3, #21
100038f8:	432b      	orrs	r3, r5
100038fa:	46aa      	mov	sl, r5
100038fc:	464d      	mov	r5, r9
100038fe:	806b      	strh	r3, [r5, #2]
10003900:	2504      	movs	r5, #4
10003902:	46ac      	mov	ip, r5
10003904:	4655      	mov	r5, sl
10003906:	44e0      	add	r8, ip
10003908:	1f13      	subs	r3, r2, #4
1000390a:	4444      	add	r4, r8
1000390c:	1b1b      	subs	r3, r3, r4
1000390e:	051b      	lsls	r3, r3, #20
10003910:	0d5b      	lsrs	r3, r3, #21
10003912:	431d      	orrs	r5, r3
10003914:	464b      	mov	r3, r9
10003916:	7199      	strb	r1, [r3, #6]
10003918:	9900      	ldr	r1, [sp, #0]
1000391a:	809d      	strh	r5, [r3, #4]
1000391c:	6099      	str	r1, [r3, #8]
1000391e:	4649      	mov	r1, r9
10003920:	71df      	strb	r7, [r3, #7]
10003922:	4b33      	ldr	r3, [pc, #204]	@ (100039f0 <irq_add_shared_handler+0x1ec>)
10003924:	4301      	orrs	r1, r0
10003926:	6013      	str	r3, [r2, #0]
10003928:	e7bb      	b.n	100038a2 <irq_add_shared_handler+0x9e>
1000392a:	0058      	lsls	r0, r3, #1
1000392c:	18c0      	adds	r0, r0, r3
1000392e:	0080      	lsls	r0, r0, #2
10003930:	1820      	adds	r0, r4, r0
10003932:	79c1      	ldrb	r1, [r0, #7]
10003934:	42b9      	cmp	r1, r7
10003936:	d92f      	bls.n	10003998 <irq_add_shared_handler+0x194>
10003938:	0002      	movs	r2, r0
1000393a:	2306      	movs	r3, #6
1000393c:	56d3      	ldrsb	r3, [r2, r3]
1000393e:	2b00      	cmp	r3, #0
10003940:	daf3      	bge.n	1000392a <irq_add_shared_handler+0x126>
10003942:	9302      	str	r3, [sp, #8]
10003944:	4b2b      	ldr	r3, [pc, #172]	@ (100039f4 <irq_add_shared_handler+0x1f0>)
10003946:	4661      	mov	r1, ip
10003948:	9303      	str	r3, [sp, #12]
1000394a:	1d13      	adds	r3, r2, #4
1000394c:	469a      	mov	sl, r3
1000394e:	2304      	movs	r3, #4
10003950:	425b      	negs	r3, r3
10003952:	469c      	mov	ip, r3
10003954:	44e1      	add	r9, ip
10003956:	4650      	mov	r0, sl
10003958:	464b      	mov	r3, r9
1000395a:	1a1b      	subs	r3, r3, r0
1000395c:	051b      	lsls	r3, r3, #20
1000395e:	0d5b      	lsrs	r3, r3, #21
10003960:	469c      	mov	ip, r3
10003962:	4b20      	ldr	r3, [pc, #128]	@ (100039e4 <irq_add_shared_handler+0x1e0>)
10003964:	7195      	strb	r5, [r2, #6]
10003966:	4698      	mov	r8, r3
10003968:	4663      	mov	r3, ip
1000396a:	4640      	mov	r0, r8
1000396c:	4303      	orrs	r3, r0
1000396e:	8093      	strh	r3, [r2, #4]
10003970:	9b01      	ldr	r3, [sp, #4]
10003972:	195a      	adds	r2, r3, r5
10003974:	0092      	lsls	r2, r2, #2
10003976:	9b03      	ldr	r3, [sp, #12]
10003978:	18a4      	adds	r4, r4, r2
1000397a:	80a3      	strh	r3, [r4, #4]
1000397c:	9b02      	ldr	r3, [sp, #8]
1000397e:	4a1c      	ldr	r2, [pc, #112]	@ (100039f0 <irq_add_shared_handler+0x1ec>)
10003980:	71a3      	strb	r3, [r4, #6]
10003982:	9b00      	ldr	r3, [sp, #0]
10003984:	6022      	str	r2, [r4, #0]
10003986:	71e7      	strb	r7, [r4, #7]
10003988:	60a3      	str	r3, [r4, #8]
1000398a:	e78a      	b.n	100038a2 <irq_add_shared_handler+0x9e>
1000398c:	f000 fb1e 	bl	10003fcc <hard_assertion_failure>
10003990:	2500      	movs	r5, #0
10003992:	4653      	mov	r3, sl
10003994:	575d      	ldrsb	r5, [r3, r5]
10003996:	e74f      	b.n	10003838 <irq_add_shared_handler+0x34>
10003998:	8890      	ldrh	r0, [r2, #4]
1000399a:	9302      	str	r3, [sp, #8]
1000399c:	0540      	lsls	r0, r0, #21
1000399e:	1d13      	adds	r3, r2, #4
100039a0:	469a      	mov	sl, r3
100039a2:	1503      	asrs	r3, r0, #20
100039a4:	4661      	mov	r1, ip
100039a6:	469c      	mov	ip, r3
100039a8:	4640      	mov	r0, r8
100039aa:	44d4      	add	ip, sl
100039ac:	4663      	mov	r3, ip
100039ae:	3004      	adds	r0, #4
100039b0:	1820      	adds	r0, r4, r0
100039b2:	1a18      	subs	r0, r3, r0
100039b4:	23e0      	movs	r3, #224	@ 0xe0
100039b6:	0500      	lsls	r0, r0, #20
100039b8:	0d40      	lsrs	r0, r0, #21
100039ba:	021b      	lsls	r3, r3, #8
100039bc:	4318      	orrs	r0, r3
100039be:	9003      	str	r0, [sp, #12]
100039c0:	e7c5      	b.n	1000394e <irq_add_shared_handler+0x14a>
100039c2:	f000 fb03 	bl	10003fcc <hard_assertion_failure>
100039c6:	e74f      	b.n	10003868 <irq_add_shared_handler+0x64>
100039c8:	d0000124 	.word	0xd0000124
100039cc:	20002145 	.word	0x20002145
100039d0:	20000fe0 	.word	0x20000fe0
100039d4:	e000ed00 	.word	0xe000ed00
100039d8:	100001cd 	.word	0x100001cd
100039dc:	ffffa100 	.word	0xffffa100
100039e0:	20001010 	.word	0x20001010
100039e4:	ffffe000 	.word	0xffffe000
100039e8:	ffffbd01 	.word	0xffffbd01
100039ec:	0000aaaa 	.word	0x0000aaaa
100039f0:	47804801 	.word	0x47804801
100039f4:	0000bd01 	.word	0x0000bd01

100039f8 <irq_add_tail_to_free_list>:
100039f8:	b570      	push	{r4, r5, r6, lr}
100039fa:	2401      	movs	r4, #1
100039fc:	4304      	orrs	r4, r0
100039fe:	f3ef 8105 	mrs	r1, IPSR
10003a02:	f3ef 8c10 	mrs	ip, PRIMASK
10003a06:	b672      	cpsid	i
10003a08:	4a21      	ldr	r2, [pc, #132]	@ (10003a90 <irq_add_tail_to_free_list+0x98>)
10003a0a:	6813      	ldr	r3, [r2, #0]
10003a0c:	2b00      	cmp	r3, #0
10003a0e:	d0fc      	beq.n	10003a0a <irq_add_tail_to_free_list+0x12>
10003a10:	f3bf 8f5f 	dmb	sy
10003a14:	4b1f      	ldr	r3, [pc, #124]	@ (10003a94 <irq_add_tail_to_free_list+0x9c>)
10003a16:	0005      	movs	r5, r0
10003a18:	4a1f      	ldr	r2, [pc, #124]	@ (10003a98 <irq_add_tail_to_free_list+0xa0>)
10003a1a:	1aed      	subs	r5, r5, r3
10003a1c:	416d      	adcs	r5, r5
10003a1e:	436a      	muls	r2, r5
10003a20:	0d12      	lsrs	r2, r2, #20
10003a22:	4d1e      	ldr	r5, [pc, #120]	@ (10003a9c <irq_add_tail_to_free_list+0xa4>)
10003a24:	0089      	lsls	r1, r1, #2
10003a26:	68ae      	ldr	r6, [r5, #8]
10003a28:	b252      	sxtb	r2, r2
10003a2a:	5876      	ldr	r6, [r6, r1]
10003a2c:	42a6      	cmp	r6, r4
10003a2e:	d01c      	beq.n	10003a6a <irq_add_tail_to_free_list+0x72>
10003a30:	2106      	movs	r1, #6
10003a32:	5659      	ldrsb	r1, [r3, r1]
10003a34:	4291      	cmp	r1, r2
10003a36:	d01c      	beq.n	10003a72 <irq_add_tail_to_free_list+0x7a>
10003a38:	2112      	movs	r1, #18
10003a3a:	5659      	ldrsb	r1, [r3, r1]
10003a3c:	4291      	cmp	r1, r2
10003a3e:	d022      	beq.n	10003a86 <irq_add_tail_to_free_list+0x8e>
10003a40:	211e      	movs	r1, #30
10003a42:	5659      	ldrsb	r1, [r3, r1]
10003a44:	4291      	cmp	r1, r2
10003a46:	d020      	beq.n	10003a8a <irq_add_tail_to_free_list+0x92>
10003a48:	212a      	movs	r1, #42	@ 0x2a
10003a4a:	5659      	ldrsb	r1, [r3, r1]
10003a4c:	2403      	movs	r4, #3
10003a4e:	4291      	cmp	r1, r2
10003a50:	d010      	beq.n	10003a74 <irq_add_tail_to_free_list+0x7c>
10003a52:	4b13      	ldr	r3, [pc, #76]	@ (10003aa0 <irq_add_tail_to_free_list+0xa8>)
10003a54:	7819      	ldrb	r1, [r3, #0]
10003a56:	701a      	strb	r2, [r3, #0]
10003a58:	7181      	strb	r1, [r0, #6]
10003a5a:	f3bf 8f5f 	dmb	sy
10003a5e:	2200      	movs	r2, #0
10003a60:	4b0b      	ldr	r3, [pc, #44]	@ (10003a90 <irq_add_tail_to_free_list+0x98>)
10003a62:	601a      	str	r2, [r3, #0]
10003a64:	f38c 8810 	msr	PRIMASK, ip
10003a68:	bd70      	pop	{r4, r5, r6, pc}
10003a6a:	68ab      	ldr	r3, [r5, #8]
10003a6c:	4c0d      	ldr	r4, [pc, #52]	@ (10003aa4 <irq_add_tail_to_free_list+0xac>)
10003a6e:	505c      	str	r4, [r3, r1]
10003a70:	e7ef      	b.n	10003a52 <irq_add_tail_to_free_list+0x5a>
10003a72:	2400      	movs	r4, #0
10003a74:	0061      	lsls	r1, r4, #1
10003a76:	1909      	adds	r1, r1, r4
10003a78:	0089      	lsls	r1, r1, #2
10003a7a:	185b      	adds	r3, r3, r1
10003a7c:	21ff      	movs	r1, #255	@ 0xff
10003a7e:	7199      	strb	r1, [r3, #6]
10003a80:	4909      	ldr	r1, [pc, #36]	@ (10003aa8 <irq_add_tail_to_free_list+0xb0>)
10003a82:	8099      	strh	r1, [r3, #4]
10003a84:	e7e5      	b.n	10003a52 <irq_add_tail_to_free_list+0x5a>
10003a86:	2401      	movs	r4, #1
10003a88:	e7f4      	b.n	10003a74 <irq_add_tail_to_free_list+0x7c>
10003a8a:	2402      	movs	r4, #2
10003a8c:	e7f2      	b.n	10003a74 <irq_add_tail_to_free_list+0x7c>
10003a8e:	46c0      	nop			@ (mov r8, r8)
10003a90:	d0000124 	.word	0xd0000124
10003a94:	20000fe0 	.word	0x20000fe0
10003a98:	0000aaaa 	.word	0x0000aaaa
10003a9c:	e000ed00 	.word	0xe000ed00
10003aa0:	20002145 	.word	0x20002145
10003aa4:	100001cd 	.word	0x100001cd
10003aa8:	ffffbd01 	.word	0xffffbd01

10003aac <user_irq_claim_unused>:
10003aac:	b510      	push	{r4, lr}
10003aae:	4b08      	ldr	r3, [pc, #32]	@ (10003ad0 <user_irq_claim_unused+0x24>)
10003ab0:	4c08      	ldr	r4, [pc, #32]	@ (10003ad4 <user_irq_claim_unused+0x28>)
10003ab2:	b082      	sub	sp, #8
10003ab4:	0001      	movs	r1, r0
10003ab6:	9300      	str	r3, [sp, #0]
10003ab8:	2200      	movs	r2, #0
10003aba:	2305      	movs	r3, #5
10003abc:	0020      	movs	r0, r4
10003abe:	f7ff f911 	bl	10002ce4 <hw_claim_unused_from_range>
10003ac2:	2800      	cmp	r0, #0
10003ac4:	db01      	blt.n	10003aca <user_irq_claim_unused+0x1e>
10003ac6:	231f      	movs	r3, #31
10003ac8:	1a18      	subs	r0, r3, r0
10003aca:	b002      	add	sp, #8
10003acc:	bd10      	pop	{r4, pc}
10003ace:	46c0      	nop			@ (mov r8, r8)
10003ad0:	1000b1ac 	.word	0x1000b1ac
10003ad4:	20002149 	.word	0x20002149

10003ad8 <lock_init>:
10003ad8:	4b02      	ldr	r3, [pc, #8]	@ (10003ae4 <lock_init+0xc>)
10003ada:	469c      	mov	ip, r3
10003adc:	4461      	add	r1, ip
10003ade:	0089      	lsls	r1, r1, #2
10003ae0:	6001      	str	r1, [r0, #0]
10003ae2:	4770      	bx	lr
10003ae4:	34000040 	.word	0x34000040

10003ae8 <runtime_init_mutex>:
10003ae8:	b570      	push	{r4, r5, r6, lr}
10003aea:	4c11      	ldr	r4, [pc, #68]	@ (10003b30 <runtime_init_mutex+0x48>)
10003aec:	4d11      	ldr	r5, [pc, #68]	@ (10003b34 <runtime_init_mutex+0x4c>)
10003aee:	42ac      	cmp	r4, r5
10003af0:	d20f      	bcs.n	10003b12 <runtime_init_mutex+0x2a>
10003af2:	26ff      	movs	r6, #255	@ 0xff
10003af4:	6823      	ldr	r3, [r4, #0]
10003af6:	2b00      	cmp	r3, #0
10003af8:	d00c      	beq.n	10003b14 <runtime_init_mutex+0x2c>
10003afa:	f7ff f937 	bl	10002d6c <next_striped_spin_lock_num>
10003afe:	0001      	movs	r1, r0
10003b00:	0020      	movs	r0, r4
10003b02:	f7ff ffe9 	bl	10003ad8 <lock_init>
10003b06:	80a6      	strh	r6, [r4, #4]
10003b08:	f3bf 8f5f 	dmb	sy
10003b0c:	3408      	adds	r4, #8
10003b0e:	42ac      	cmp	r4, r5
10003b10:	d3f0      	bcc.n	10003af4 <runtime_init_mutex+0xc>
10003b12:	bd70      	pop	{r4, r5, r6, pc}
10003b14:	f7ff f92a 	bl	10002d6c <next_striped_spin_lock_num>
10003b18:	0001      	movs	r1, r0
10003b1a:	0020      	movs	r0, r4
10003b1c:	f7ff ffdc 	bl	10003ad8 <lock_init>
10003b20:	7126      	strb	r6, [r4, #4]
10003b22:	f3bf 8f5f 	dmb	sy
10003b26:	3408      	adds	r4, #8
10003b28:	42ac      	cmp	r4, r5
10003b2a:	d3e3      	bcc.n	10003af4 <runtime_init_mutex+0xc>
10003b2c:	e7f1      	b.n	10003b12 <runtime_init_mutex+0x2a>
10003b2e:	46c0      	nop			@ (mov r8, r8)
10003b30:	20001088 	.word	0x20001088
10003b34:	20001090 	.word	0x20001090

10003b38 <mutex_init>:
10003b38:	b510      	push	{r4, lr}
10003b3a:	0004      	movs	r4, r0
10003b3c:	f7ff f916 	bl	10002d6c <next_striped_spin_lock_num>
10003b40:	0001      	movs	r1, r0
10003b42:	0020      	movs	r0, r4
10003b44:	f7ff ffc8 	bl	10003ad8 <lock_init>
10003b48:	23ff      	movs	r3, #255	@ 0xff
10003b4a:	7123      	strb	r3, [r4, #4]
10003b4c:	f3bf 8f5f 	dmb	sy
10003b50:	bd10      	pop	{r4, pc}
10003b52:	46c0      	nop			@ (mov r8, r8)

10003b54 <critical_section_init>:
10003b54:	b510      	push	{r4, lr}
10003b56:	0004      	movs	r4, r0
10003b58:	2001      	movs	r0, #1
10003b5a:	f7ff f913 	bl	10002d84 <spin_lock_claim_unused>
10003b5e:	4b03      	ldr	r3, [pc, #12]	@ (10003b6c <critical_section_init+0x18>)
10003b60:	18c3      	adds	r3, r0, r3
10003b62:	009b      	lsls	r3, r3, #2
10003b64:	6023      	str	r3, [r4, #0]
10003b66:	f3bf 8f5f 	dmb	sy
10003b6a:	bd10      	pop	{r4, pc}
10003b6c:	34000040 	.word	0x34000040

10003b70 <critical_section_init_with_lock_num>:
10003b70:	4b03      	ldr	r3, [pc, #12]	@ (10003b80 <critical_section_init_with_lock_num+0x10>)
10003b72:	469c      	mov	ip, r3
10003b74:	4461      	add	r1, ip
10003b76:	0089      	lsls	r1, r1, #2
10003b78:	6001      	str	r1, [r0, #0]
10003b7a:	f3bf 8f5f 	dmb	sy
10003b7e:	4770      	bx	lr
10003b80:	34000040 	.word	0x34000040

10003b84 <clock_configure_int_divider>:
10003b84:	b5f8      	push	{r3, r4, r5, r6, r7, lr}
10003b86:	46de      	mov	lr, fp
10003b88:	464e      	mov	r6, r9
10003b8a:	4657      	mov	r7, sl
10003b8c:	4645      	mov	r5, r8
10003b8e:	b5e0      	push	{r5, r6, r7, lr}
10003b90:	468b      	mov	fp, r1
10003b92:	0005      	movs	r5, r0
10003b94:	990a      	ldr	r1, [sp, #40]	@ 0x28
10003b96:	0018      	movs	r0, r3
10003b98:	0016      	movs	r6, r2
10003b9a:	f000 fb1d 	bl	100041d8 <__wrap___aeabi_uidiv>
10003b9e:	9b0a      	ldr	r3, [sp, #40]	@ 0x28
10003ba0:	006c      	lsls	r4, r5, #1
10003ba2:	021f      	lsls	r7, r3, #8
10003ba4:	4b32      	ldr	r3, [pc, #200]	@ (10003c70 <clock_configure_int_divider+0xec>)
10003ba6:	1964      	adds	r4, r4, r5
10003ba8:	469c      	mov	ip, r3
10003baa:	00a4      	lsls	r4, r4, #2
10003bac:	4464      	add	r4, ip
10003bae:	6863      	ldr	r3, [r4, #4]
10003bb0:	4681      	mov	r9, r0
10003bb2:	429f      	cmp	r7, r3
10003bb4:	d900      	bls.n	10003bb8 <clock_configure_int_divider+0x34>
10003bb6:	6067      	str	r7, [r4, #4]
10003bb8:	1f2b      	subs	r3, r5, #4
10003bba:	b2db      	uxtb	r3, r3
10003bbc:	4698      	mov	r8, r3
10003bbe:	2b01      	cmp	r3, #1
10003bc0:	d930      	bls.n	10003c24 <clock_configure_int_divider+0xa0>
10003bc2:	23c0      	movs	r3, #192	@ 0xc0
10003bc4:	2280      	movs	r2, #128	@ 0x80
10003bc6:	019b      	lsls	r3, r3, #6
10003bc8:	18e3      	adds	r3, r4, r3
10003bca:	0112      	lsls	r2, r2, #4
10003bcc:	601a      	str	r2, [r3, #0]
10003bce:	4b29      	ldr	r3, [pc, #164]	@ (10003c74 <clock_configure_int_divider+0xf0>)
10003bd0:	00ad      	lsls	r5, r5, #2
10003bd2:	5959      	ldr	r1, [r3, r5]
10003bd4:	469a      	mov	sl, r3
10003bd6:	2900      	cmp	r1, #0
10003bd8:	d11b      	bne.n	10003c12 <clock_configure_int_divider+0x8e>
10003bda:	0173      	lsls	r3, r6, #5
10003bdc:	26e0      	movs	r6, #224	@ 0xe0
10003bde:	6822      	ldr	r2, [r4, #0]
10003be0:	4053      	eors	r3, r2
10003be2:	401e      	ands	r6, r3
10003be4:	2380      	movs	r3, #128	@ 0x80
10003be6:	4642      	mov	r2, r8
10003be8:	015b      	lsls	r3, r3, #5
10003bea:	18e3      	adds	r3, r4, r3
10003bec:	601e      	str	r6, [r3, #0]
10003bee:	2a01      	cmp	r2, #1
10003bf0:	d930      	bls.n	10003c54 <clock_configure_int_divider+0xd0>
10003bf2:	2380      	movs	r3, #128	@ 0x80
10003bf4:	2280      	movs	r2, #128	@ 0x80
10003bf6:	019b      	lsls	r3, r3, #6
10003bf8:	18e3      	adds	r3, r4, r3
10003bfa:	0112      	lsls	r2, r2, #4
10003bfc:	601a      	str	r2, [r3, #0]
10003bfe:	4653      	mov	r3, sl
10003c00:	464a      	mov	r2, r9
10003c02:	6067      	str	r7, [r4, #4]
10003c04:	515a      	str	r2, [r3, r5]
10003c06:	bcf0      	pop	{r4, r5, r6, r7}
10003c08:	46bb      	mov	fp, r7
10003c0a:	46b2      	mov	sl, r6
10003c0c:	46a9      	mov	r9, r5
10003c0e:	46a0      	mov	r8, r4
10003c10:	bdf8      	pop	{r3, r4, r5, r6, r7, pc}
10003c12:	6958      	ldr	r0, [r3, #20]
10003c14:	f000 fae0 	bl	100041d8 <__wrap___aeabi_uidiv>
10003c18:	3001      	adds	r0, #1
10003c1a:	0043      	lsls	r3, r0, #1
10003c1c:	181b      	adds	r3, r3, r0
10003c1e:	3b03      	subs	r3, #3
10003c20:	d2fd      	bcs.n	10003c1e <clock_configure_int_divider+0x9a>
10003c22:	e7da      	b.n	10003bda <clock_configure_int_divider+0x56>
10003c24:	465b      	mov	r3, fp
10003c26:	2b01      	cmp	r3, #1
10003c28:	d1cb      	bne.n	10003bc2 <clock_configure_int_divider+0x3e>
10003c2a:	23c0      	movs	r3, #192	@ 0xc0
10003c2c:	2203      	movs	r2, #3
10003c2e:	019b      	lsls	r3, r3, #6
10003c30:	18e3      	adds	r3, r4, r3
10003c32:	601a      	str	r2, [r3, #0]
10003c34:	3a02      	subs	r2, #2
10003c36:	68a3      	ldr	r3, [r4, #8]
10003c38:	421a      	tst	r2, r3
10003c3a:	d0fc      	beq.n	10003c36 <clock_configure_int_divider+0xb2>
10003c3c:	0173      	lsls	r3, r6, #5
10003c3e:	26e0      	movs	r6, #224	@ 0xe0
10003c40:	6822      	ldr	r2, [r4, #0]
10003c42:	00ad      	lsls	r5, r5, #2
10003c44:	4053      	eors	r3, r2
10003c46:	401e      	ands	r6, r3
10003c48:	2380      	movs	r3, #128	@ 0x80
10003c4a:	4a0a      	ldr	r2, [pc, #40]	@ (10003c74 <clock_configure_int_divider+0xf0>)
10003c4c:	015b      	lsls	r3, r3, #5
10003c4e:	4692      	mov	sl, r2
10003c50:	18e3      	adds	r3, r4, r3
10003c52:	601e      	str	r6, [r3, #0]
10003c54:	465a      	mov	r2, fp
10003c56:	6821      	ldr	r1, [r4, #0]
10003c58:	4051      	eors	r1, r2
10003c5a:	2203      	movs	r2, #3
10003c5c:	400a      	ands	r2, r1
10003c5e:	601a      	str	r2, [r3, #0]
10003c60:	2201      	movs	r2, #1
10003c62:	465b      	mov	r3, fp
10003c64:	409a      	lsls	r2, r3
10003c66:	68a3      	ldr	r3, [r4, #8]
10003c68:	421a      	tst	r2, r3
10003c6a:	d0fc      	beq.n	10003c66 <clock_configure_int_divider+0xe2>
10003c6c:	e7c1      	b.n	10003bf2 <clock_configure_int_divider+0x6e>
10003c6e:	46c0      	nop			@ (mov r8, r8)
10003c70:	40008000 	.word	0x40008000
10003c74:	20001c80 	.word	0x20001c80

10003c78 <clock_configure_undivided>:
10003c78:	b5f0      	push	{r4, r5, r6, r7, lr}
10003c7a:	4646      	mov	r6, r8
10003c7c:	464f      	mov	r7, r9
10003c7e:	46d6      	mov	lr, sl
10003c80:	b5c0      	push	{r6, r7, lr}
10003c82:	001f      	movs	r7, r3
10003c84:	4b34      	ldr	r3, [pc, #208]	@ (10003d58 <clock_configure_undivided+0xe0>)
10003c86:	0044      	lsls	r4, r0, #1
10003c88:	469c      	mov	ip, r3
10003c8a:	1824      	adds	r4, r4, r0
10003c8c:	00a4      	lsls	r4, r4, #2
10003c8e:	4464      	add	r4, ip
10003c90:	6863      	ldr	r3, [r4, #4]
10003c92:	4688      	mov	r8, r1
10003c94:	0016      	movs	r6, r2
10003c96:	2bff      	cmp	r3, #255	@ 0xff
10003c98:	d802      	bhi.n	10003ca0 <clock_configure_undivided+0x28>
10003c9a:	2380      	movs	r3, #128	@ 0x80
10003c9c:	005b      	lsls	r3, r3, #1
10003c9e:	6063      	str	r3, [r4, #4]
10003ca0:	1f03      	subs	r3, r0, #4
10003ca2:	b2db      	uxtb	r3, r3
10003ca4:	469a      	mov	sl, r3
10003ca6:	2b01      	cmp	r3, #1
10003ca8:	d930      	bls.n	10003d0c <clock_configure_undivided+0x94>
10003caa:	23c0      	movs	r3, #192	@ 0xc0
10003cac:	2280      	movs	r2, #128	@ 0x80
10003cae:	019b      	lsls	r3, r3, #6
10003cb0:	18e3      	adds	r3, r4, r3
10003cb2:	0112      	lsls	r2, r2, #4
10003cb4:	601a      	str	r2, [r3, #0]
10003cb6:	4b29      	ldr	r3, [pc, #164]	@ (10003d5c <clock_configure_undivided+0xe4>)
10003cb8:	0085      	lsls	r5, r0, #2
10003cba:	5959      	ldr	r1, [r3, r5]
10003cbc:	4699      	mov	r9, r3
10003cbe:	2900      	cmp	r1, #0
10003cc0:	d11b      	bne.n	10003cfa <clock_configure_undivided+0x82>
10003cc2:	0173      	lsls	r3, r6, #5
10003cc4:	26e0      	movs	r6, #224	@ 0xe0
10003cc6:	6822      	ldr	r2, [r4, #0]
10003cc8:	4053      	eors	r3, r2
10003cca:	401e      	ands	r6, r3
10003ccc:	2380      	movs	r3, #128	@ 0x80
10003cce:	4652      	mov	r2, sl
10003cd0:	015b      	lsls	r3, r3, #5
10003cd2:	18e3      	adds	r3, r4, r3
10003cd4:	601e      	str	r6, [r3, #0]
10003cd6:	2a01      	cmp	r2, #1
10003cd8:	d930      	bls.n	10003d3c <clock_configure_undivided+0xc4>
10003cda:	2380      	movs	r3, #128	@ 0x80
10003cdc:	2280      	movs	r2, #128	@ 0x80
10003cde:	019b      	lsls	r3, r3, #6
10003ce0:	18e3      	adds	r3, r4, r3
10003ce2:	0112      	lsls	r2, r2, #4
10003ce4:	601a      	str	r2, [r3, #0]
10003ce6:	2380      	movs	r3, #128	@ 0x80
10003ce8:	005b      	lsls	r3, r3, #1
10003cea:	6063      	str	r3, [r4, #4]
10003cec:	464b      	mov	r3, r9
10003cee:	515f      	str	r7, [r3, r5]
10003cf0:	bce0      	pop	{r5, r6, r7}
10003cf2:	46ba      	mov	sl, r7
10003cf4:	46b1      	mov	r9, r6
10003cf6:	46a8      	mov	r8, r5
10003cf8:	bdf0      	pop	{r4, r5, r6, r7, pc}
10003cfa:	6958      	ldr	r0, [r3, #20]
10003cfc:	f000 fa6c 	bl	100041d8 <__wrap___aeabi_uidiv>
10003d00:	3001      	adds	r0, #1
10003d02:	0043      	lsls	r3, r0, #1
10003d04:	181b      	adds	r3, r3, r0
10003d06:	3b03      	subs	r3, #3
10003d08:	d2fd      	bcs.n	10003d06 <clock_configure_undivided+0x8e>
10003d0a:	e7da      	b.n	10003cc2 <clock_configure_undivided+0x4a>
10003d0c:	4643      	mov	r3, r8
10003d0e:	2b01      	cmp	r3, #1
10003d10:	d1cb      	bne.n	10003caa <clock_configure_undivided+0x32>
10003d12:	23c0      	movs	r3, #192	@ 0xc0
10003d14:	2203      	movs	r2, #3
10003d16:	019b      	lsls	r3, r3, #6
10003d18:	18e3      	adds	r3, r4, r3
10003d1a:	601a      	str	r2, [r3, #0]
10003d1c:	3a02      	subs	r2, #2
10003d1e:	68a3      	ldr	r3, [r4, #8]
10003d20:	421a      	tst	r2, r3
10003d22:	d0fc      	beq.n	10003d1e <clock_configure_undivided+0xa6>
10003d24:	0173      	lsls	r3, r6, #5
10003d26:	26e0      	movs	r6, #224	@ 0xe0
10003d28:	6822      	ldr	r2, [r4, #0]
10003d2a:	0085      	lsls	r5, r0, #2
10003d2c:	4053      	eors	r3, r2
10003d2e:	401e      	ands	r6, r3
10003d30:	2380      	movs	r3, #128	@ 0x80
10003d32:	4a0a      	ldr	r2, [pc, #40]	@ (10003d5c <clock_configure_undivided+0xe4>)
10003d34:	015b      	lsls	r3, r3, #5
10003d36:	4691      	mov	r9, r2
10003d38:	18e3      	adds	r3, r4, r3
10003d3a:	601e      	str	r6, [r3, #0]
10003d3c:	4642      	mov	r2, r8
10003d3e:	6821      	ldr	r1, [r4, #0]
10003d40:	4051      	eors	r1, r2
10003d42:	2203      	movs	r2, #3
10003d44:	400a      	ands	r2, r1
10003d46:	601a      	str	r2, [r3, #0]
10003d48:	2301      	movs	r3, #1
10003d4a:	4642      	mov	r2, r8
10003d4c:	4093      	lsls	r3, r2
10003d4e:	68a2      	ldr	r2, [r4, #8]
10003d50:	4213      	tst	r3, r2
10003d52:	d0fc      	beq.n	10003d4e <clock_configure_undivided+0xd6>
10003d54:	e7c1      	b.n	10003cda <clock_configure_undivided+0x62>
10003d56:	46c0      	nop			@ (mov r8, r8)
10003d58:	40008000 	.word	0x40008000
10003d5c:	20001c80 	.word	0x20001c80

10003d60 <clock_get_hz>:
10003d60:	4b01      	ldr	r3, [pc, #4]	@ (10003d68 <clock_get_hz+0x8>)
10003d62:	0080      	lsls	r0, r0, #2
10003d64:	58c0      	ldr	r0, [r0, r3]
10003d66:	4770      	bx	lr
10003d68:	20001c80 	.word	0x20001c80

10003d6c <gpio_set_function>:
10003d6c:	4a09      	ldr	r2, [pc, #36]	@ (10003d94 <gpio_set_function+0x28>)
10003d6e:	0083      	lsls	r3, r0, #2
10003d70:	189a      	adds	r2, r3, r2
10003d72:	b510      	push	{r4, lr}
10003d74:	6814      	ldr	r4, [r2, #0]
10003d76:	2240      	movs	r2, #64	@ 0x40
10003d78:	4054      	eors	r4, r2
10003d7a:	3280      	adds	r2, #128	@ 0x80
10003d7c:	4022      	ands	r2, r4
10003d7e:	4c06      	ldr	r4, [pc, #24]	@ (10003d98 <gpio_set_function+0x2c>)
10003d80:	00c0      	lsls	r0, r0, #3
10003d82:	46a4      	mov	ip, r4
10003d84:	4463      	add	r3, ip
10003d86:	601a      	str	r2, [r3, #0]
10003d88:	4b04      	ldr	r3, [pc, #16]	@ (10003d9c <gpio_set_function+0x30>)
10003d8a:	469c      	mov	ip, r3
10003d8c:	4460      	add	r0, ip
10003d8e:	6041      	str	r1, [r0, #4]
10003d90:	bd10      	pop	{r4, pc}
10003d92:	46c0      	nop			@ (mov r8, r8)
10003d94:	4001c004 	.word	0x4001c004
10003d98:	4001d004 	.word	0x4001d004
10003d9c:	40014000 	.word	0x40014000

10003da0 <gpio_set_pulls>:
10003da0:	4b07      	ldr	r3, [pc, #28]	@ (10003dc0 <gpio_set_pulls+0x20>)
10003da2:	0080      	lsls	r0, r0, #2
10003da4:	18c3      	adds	r3, r0, r3
10003da6:	681b      	ldr	r3, [r3, #0]
10003da8:	00c9      	lsls	r1, r1, #3
10003daa:	0092      	lsls	r2, r2, #2
10003dac:	430a      	orrs	r2, r1
10003dae:	405a      	eors	r2, r3
10003db0:	230c      	movs	r3, #12
10003db2:	4013      	ands	r3, r2
10003db4:	4a03      	ldr	r2, [pc, #12]	@ (10003dc4 <gpio_set_pulls+0x24>)
10003db6:	4694      	mov	ip, r2
10003db8:	4460      	add	r0, ip
10003dba:	6003      	str	r3, [r0, #0]
10003dbc:	4770      	bx	lr
10003dbe:	46c0      	nop			@ (mov r8, r8)
10003dc0:	4001c004 	.word	0x4001c004
10003dc4:	4001d004 	.word	0x4001d004

10003dc8 <pll_init>:
10003dc8:	b5f8      	push	{r3, r4, r5, r6, r7, lr}
10003dca:	0004      	movs	r4, r0
10003dcc:	4821      	ldr	r0, [pc, #132]	@ (10003e54 <pll_init+0x8c>)
10003dce:	001e      	movs	r6, r3
10003dd0:	0017      	movs	r7, r2
10003dd2:	000d      	movs	r5, r1
10003dd4:	f000 fa00 	bl	100041d8 <__wrap___aeabi_uidiv>
10003dd8:	0001      	movs	r1, r0
10003dda:	0038      	movs	r0, r7
10003ddc:	f000 f9fc 	bl	100041d8 <__wrap___aeabi_uidiv>
10003de0:	9b06      	ldr	r3, [sp, #24]
10003de2:	0436      	lsls	r6, r6, #16
10003de4:	031b      	lsls	r3, r3, #12
10003de6:	431e      	orrs	r6, r3
10003de8:	6823      	ldr	r3, [r4, #0]
10003dea:	2b00      	cmp	r3, #0
10003dec:	db20      	blt.n	10003e30 <pll_init+0x68>
10003dee:	4b1a      	ldr	r3, [pc, #104]	@ (10003e58 <pll_init+0x90>)
10003df0:	491a      	ldr	r1, [pc, #104]	@ (10003e5c <pll_init+0x94>)
10003df2:	18e3      	adds	r3, r4, r3
10003df4:	1e5a      	subs	r2, r3, #1
10003df6:	4193      	sbcs	r3, r2
10003df8:	2280      	movs	r2, #128	@ 0x80
10003dfa:	0192      	lsls	r2, r2, #6
10003dfc:	4694      	mov	ip, r2
10003dfe:	425b      	negs	r3, r3
10003e00:	0b1b      	lsrs	r3, r3, #12
10003e02:	4a17      	ldr	r2, [pc, #92]	@ (10003e60 <pll_init+0x98>)
10003e04:	031b      	lsls	r3, r3, #12
10003e06:	4463      	add	r3, ip
10003e08:	6013      	str	r3, [r2, #0]
10003e0a:	4a16      	ldr	r2, [pc, #88]	@ (10003e64 <pll_init+0x9c>)
10003e0c:	6013      	str	r3, [r2, #0]
10003e0e:	001f      	movs	r7, r3
10003e10:	680a      	ldr	r2, [r1, #0]
10003e12:	4397      	bics	r7, r2
10003e14:	d1fb      	bne.n	10003e0e <pll_init+0x46>
10003e16:	4b14      	ldr	r3, [pc, #80]	@ (10003e68 <pll_init+0xa0>)
10003e18:	6025      	str	r5, [r4, #0]
10003e1a:	18e2      	adds	r2, r4, r3
10003e1c:	2321      	movs	r3, #33	@ 0x21
10003e1e:	60a0      	str	r0, [r4, #8]
10003e20:	6013      	str	r3, [r2, #0]
10003e22:	6823      	ldr	r3, [r4, #0]
10003e24:	2b00      	cmp	r3, #0
10003e26:	dafc      	bge.n	10003e22 <pll_init+0x5a>
10003e28:	2308      	movs	r3, #8
10003e2a:	60e6      	str	r6, [r4, #12]
10003e2c:	6013      	str	r3, [r2, #0]
10003e2e:	bdf8      	pop	{r3, r4, r5, r6, r7, pc}
10003e30:	233f      	movs	r3, #63	@ 0x3f
10003e32:	6822      	ldr	r2, [r4, #0]
10003e34:	4013      	ands	r3, r2
10003e36:	42ab      	cmp	r3, r5
10003e38:	d1d9      	bne.n	10003dee <pll_init+0x26>
10003e3a:	68a3      	ldr	r3, [r4, #8]
10003e3c:	051b      	lsls	r3, r3, #20
10003e3e:	0d1b      	lsrs	r3, r3, #20
10003e40:	4283      	cmp	r3, r0
10003e42:	d1d4      	bne.n	10003dee <pll_init+0x26>
10003e44:	22ee      	movs	r2, #238	@ 0xee
10003e46:	68e3      	ldr	r3, [r4, #12]
10003e48:	02d2      	lsls	r2, r2, #11
10003e4a:	4013      	ands	r3, r2
10003e4c:	42b3      	cmp	r3, r6
10003e4e:	d1ce      	bne.n	10003dee <pll_init+0x26>
10003e50:	e7ed      	b.n	10003e2e <pll_init+0x66>
10003e52:	46c0      	nop			@ (mov r8, r8)
10003e54:	00b71b00 	.word	0x00b71b00
10003e58:	bffd4000 	.word	0xbffd4000
10003e5c:	4000c008 	.word	0x4000c008
10003e60:	4000e000 	.word	0x4000e000
10003e64:	4000f000 	.word	0x4000f000
10003e68:	00003004 	.word	0x00003004

10003e6c <watchdog_reboot>:
10003e6c:	b510      	push	{r4, lr}
10003e6e:	2480      	movs	r4, #128	@ 0x80
10003e70:	4b1c      	ldr	r3, [pc, #112]	@ (10003ee4 <watchdog_reboot+0x78>)
10003e72:	05e4      	lsls	r4, r4, #23
10003e74:	601c      	str	r4, [r3, #0]
10003e76:	2800      	cmp	r0, #0
10003e78:	d01a      	beq.n	10003eb0 <watchdog_reboot+0x44>
10003e7a:	2301      	movs	r3, #1
10003e7c:	4c1a      	ldr	r4, [pc, #104]	@ (10003ee8 <watchdog_reboot+0x7c>)
10003e7e:	4318      	orrs	r0, r3
10003e80:	4b1a      	ldr	r3, [pc, #104]	@ (10003eec <watchdog_reboot+0x80>)
10003e82:	61dc      	str	r4, [r3, #28]
10003e84:	4c1a      	ldr	r4, [pc, #104]	@ (10003ef0 <watchdog_reboot+0x84>)
10003e86:	4044      	eors	r4, r0
10003e88:	621c      	str	r4, [r3, #32]
10003e8a:	6259      	str	r1, [r3, #36]	@ 0x24
10003e8c:	6298      	str	r0, [r3, #40]	@ 0x28
10003e8e:	2180      	movs	r1, #128	@ 0x80
10003e90:	4b14      	ldr	r3, [pc, #80]	@ (10003ee4 <watchdog_reboot+0x78>)
10003e92:	05c9      	lsls	r1, r1, #23
10003e94:	6019      	str	r1, [r3, #0]
10003e96:	4817      	ldr	r0, [pc, #92]	@ (10003ef4 <watchdog_reboot+0x88>)
10003e98:	4917      	ldr	r1, [pc, #92]	@ (10003ef8 <watchdog_reboot+0x8c>)
10003e9a:	6008      	str	r0, [r1, #0]
10003e9c:	21e0      	movs	r1, #224	@ 0xe0
10003e9e:	04c9      	lsls	r1, r1, #19
10003ea0:	6019      	str	r1, [r3, #0]
10003ea2:	2a00      	cmp	r2, #0
10003ea4:	d107      	bne.n	10003eb6 <watchdog_reboot+0x4a>
10003ea6:	2280      	movs	r2, #128	@ 0x80
10003ea8:	4b14      	ldr	r3, [pc, #80]	@ (10003efc <watchdog_reboot+0x90>)
10003eaa:	0612      	lsls	r2, r2, #24
10003eac:	601a      	str	r2, [r3, #0]
10003eae:	bd10      	pop	{r4, pc}
10003eb0:	4b0e      	ldr	r3, [pc, #56]	@ (10003eec <watchdog_reboot+0x80>)
10003eb2:	61d8      	str	r0, [r3, #28]
10003eb4:	e7eb      	b.n	10003e8e <watchdog_reboot+0x22>
10003eb6:	0153      	lsls	r3, r2, #5
10003eb8:	1a9b      	subs	r3, r3, r2
10003eba:	009b      	lsls	r3, r3, #2
10003ebc:	189a      	adds	r2, r3, r2
10003ebe:	2380      	movs	r3, #128	@ 0x80
10003ec0:	0112      	lsls	r2, r2, #4
10003ec2:	045b      	lsls	r3, r3, #17
10003ec4:	429a      	cmp	r2, r3
10003ec6:	d209      	bcs.n	10003edc <watchdog_reboot+0x70>
10003ec8:	0013      	movs	r3, r2
10003eca:	490d      	ldr	r1, [pc, #52]	@ (10003f00 <watchdog_reboot+0x94>)
10003ecc:	600b      	str	r3, [r1, #0]
10003ece:	4b07      	ldr	r3, [pc, #28]	@ (10003eec <watchdog_reboot+0x80>)
10003ed0:	605a      	str	r2, [r3, #4]
10003ed2:	2280      	movs	r2, #128	@ 0x80
10003ed4:	4b09      	ldr	r3, [pc, #36]	@ (10003efc <watchdog_reboot+0x90>)
10003ed6:	05d2      	lsls	r2, r2, #23
10003ed8:	601a      	str	r2, [r3, #0]
10003eda:	e7e8      	b.n	10003eae <watchdog_reboot+0x42>
10003edc:	4b09      	ldr	r3, [pc, #36]	@ (10003f04 <watchdog_reboot+0x98>)
10003ede:	001a      	movs	r2, r3
10003ee0:	e7f3      	b.n	10003eca <watchdog_reboot+0x5e>
10003ee2:	46c0      	nop			@ (mov r8, r8)
10003ee4:	4005b000 	.word	0x4005b000
10003ee8:	b007c0d3 	.word	0xb007c0d3
10003eec:	40058000 	.word	0x40058000
10003ef0:	4ff83f2d 	.word	0x4ff83f2d
10003ef4:	0001fffc 	.word	0x0001fffc
10003ef8:	40012008 	.word	0x40012008
10003efc:	4005a000 	.word	0x4005a000
10003f00:	200020e0 	.word	0x200020e0
10003f04:	00ffffff 	.word	0x00ffffff

10003f08 <tick_start>:
10003f08:	2380      	movs	r3, #128	@ 0x80
10003f0a:	4a02      	ldr	r2, [pc, #8]	@ (10003f14 <tick_start+0xc>)
10003f0c:	009b      	lsls	r3, r3, #2
10003f0e:	430b      	orrs	r3, r1
10003f10:	62d3      	str	r3, [r2, #44]	@ 0x2c
10003f12:	4770      	bx	lr
10003f14:	40058000 	.word	0x40058000

10003f18 <rom_func_lookup>:
10003f18:	2300      	movs	r3, #0
10003f1a:	b510      	push	{r4, lr}
10003f1c:	0001      	movs	r1, r0
10003f1e:	8a98      	ldrh	r0, [r3, #20]
10003f20:	8b1b      	ldrh	r3, [r3, #24]
10003f22:	4798      	blx	r3
10003f24:	bd10      	pop	{r4, pc}
10003f26:	46c0      	nop			@ (mov r8, r8)

10003f28 <rom_data_lookup>:
10003f28:	2316      	movs	r3, #22
10003f2a:	b510      	push	{r4, lr}
10003f2c:	0001      	movs	r1, r0
10003f2e:	8818      	ldrh	r0, [r3, #0]
10003f30:	3302      	adds	r3, #2
10003f32:	881b      	ldrh	r3, [r3, #0]
10003f34:	4798      	blx	r3
10003f36:	bd10      	pop	{r4, pc}

10003f38 <rom_funcs_lookup>:
10003f38:	b5f8      	push	{r3, r4, r5, r6, r7, lr}
10003f3a:	4647      	mov	r7, r8
10003f3c:	46ce      	mov	lr, r9
10003f3e:	b580      	push	{r7, lr}
10003f40:	1e0f      	subs	r7, r1, #0
10003f42:	d018      	beq.n	10003f76 <rom_funcs_lookup+0x3e>
10003f44:	2314      	movs	r3, #20
10003f46:	4699      	mov	r9, r3
10003f48:	3304      	adds	r3, #4
10003f4a:	0004      	movs	r4, r0
10003f4c:	2500      	movs	r5, #0
10003f4e:	2601      	movs	r6, #1
10003f50:	4698      	mov	r8, r3
10003f52:	464b      	mov	r3, r9
10003f54:	8818      	ldrh	r0, [r3, #0]
10003f56:	4643      	mov	r3, r8
10003f58:	6821      	ldr	r1, [r4, #0]
10003f5a:	881b      	ldrh	r3, [r3, #0]
10003f5c:	4798      	blx	r3
10003f5e:	c401      	stmia	r4!, {r0}
10003f60:	1e43      	subs	r3, r0, #1
10003f62:	4198      	sbcs	r0, r3
10003f64:	3501      	adds	r5, #1
10003f66:	4006      	ands	r6, r0
10003f68:	42af      	cmp	r7, r5
10003f6a:	d1f2      	bne.n	10003f52 <rom_funcs_lookup+0x1a>
10003f6c:	0030      	movs	r0, r6
10003f6e:	bcc0      	pop	{r6, r7}
10003f70:	46b9      	mov	r9, r7
10003f72:	46b0      	mov	r8, r6
10003f74:	bdf8      	pop	{r3, r4, r5, r6, r7, pc}
10003f76:	2601      	movs	r6, #1
10003f78:	e7f8      	b.n	10003f6c <rom_funcs_lookup+0x34>
10003f7a:	46c0      	nop			@ (mov r8, r8)

10003f7c <rom_reset_usb_boot_extra>:
10003f7c:	2300      	movs	r3, #0
10003f7e:	b570      	push	{r4, r5, r6, lr}
10003f80:	0004      	movs	r4, r0
10003f82:	000d      	movs	r5, r1
10003f84:	8a98      	ldrh	r0, [r3, #20]
10003f86:	4905      	ldr	r1, [pc, #20]	@ (10003f9c <rom_reset_usb_boot_extra+0x20>)
10003f88:	8b1b      	ldrh	r3, [r3, #24]
10003f8a:	4798      	blx	r3
10003f8c:	0003      	movs	r3, r0
10003f8e:	2000      	movs	r0, #0
10003f90:	2c00      	cmp	r4, #0
10003f92:	db01      	blt.n	10003f98 <rom_reset_usb_boot_extra+0x1c>
10003f94:	3001      	adds	r0, #1
10003f96:	40a0      	lsls	r0, r4
10003f98:	0029      	movs	r1, r5
10003f9a:	4798      	blx	r3
10003f9c:	00004255 	.word	0x00004255

10003fa0 <xosc_init>:
10003fa0:	23aa      	movs	r3, #170	@ 0xaa
10003fa2:	4a06      	ldr	r2, [pc, #24]	@ (10003fbc <xosc_init+0x1c>)
10003fa4:	011b      	lsls	r3, r3, #4
10003fa6:	6013      	str	r3, [r2, #0]
10003fa8:	238d      	movs	r3, #141	@ 0x8d
10003faa:	005b      	lsls	r3, r3, #1
10003fac:	60d3      	str	r3, [r2, #12]
10003fae:	4904      	ldr	r1, [pc, #16]	@ (10003fc0 <xosc_init+0x20>)
10003fb0:	4b04      	ldr	r3, [pc, #16]	@ (10003fc4 <xosc_init+0x24>)
10003fb2:	6019      	str	r1, [r3, #0]
10003fb4:	6853      	ldr	r3, [r2, #4]
10003fb6:	2b00      	cmp	r3, #0
10003fb8:	dafc      	bge.n	10003fb4 <xosc_init+0x14>
10003fba:	4770      	bx	lr
10003fbc:	40024000 	.word	0x40024000
10003fc0:	00fab000 	.word	0x00fab000
10003fc4:	40026000 	.word	0x40026000

10003fc8 <first_per_core_initializer>:
10003fc8:	4770      	bx	lr
10003fca:	46c0      	nop			@ (mov r8, r8)

10003fcc <hard_assertion_failure>:
10003fcc:	b510      	push	{r4, lr}
10003fce:	4801      	ldr	r0, [pc, #4]	@ (10003fd4 <hard_assertion_failure+0x8>)
10003fd0:	f7fe fe4e 	bl	10002c70 <panic>
10003fd4:	1000b1c8 	.word	0x1000b1c8

10003fd8 <runtime_run_initializers>:
10003fd8:	b570      	push	{r4, r5, r6, lr}
10003fda:	4d07      	ldr	r5, [pc, #28]	@ (10003ff8 <runtime_run_initializers+0x20>)
10003fdc:	4e07      	ldr	r6, [pc, #28]	@ (10003ffc <runtime_run_initializers+0x24>)
10003fde:	42b5      	cmp	r5, r6
10003fe0:	d209      	bcs.n	10003ff6 <runtime_run_initializers+0x1e>
10003fe2:	2400      	movs	r4, #0
10003fe4:	3e01      	subs	r6, #1
10003fe6:	1b76      	subs	r6, r6, r5
10003fe8:	08b6      	lsrs	r6, r6, #2
10003fea:	cd08      	ldmia	r5!, {r3}
10003fec:	4798      	blx	r3
10003fee:	0023      	movs	r3, r4
10003ff0:	3401      	adds	r4, #1
10003ff2:	42b3      	cmp	r3, r6
10003ff4:	d1f9      	bne.n	10003fea <runtime_run_initializers+0x12>
10003ff6:	bd70      	pop	{r4, r5, r6, pc}
10003ff8:	10009e40 	.word	0x10009e40
10003ffc:	10009e7c 	.word	0x10009e7c

10004000 <runtime_init_early_resets>:
10004000:	4b05      	ldr	r3, [pc, #20]	@ (10004018 <runtime_init_early_resets+0x18>)
10004002:	4a06      	ldr	r2, [pc, #24]	@ (1000401c <runtime_init_early_resets+0x1c>)
10004004:	4906      	ldr	r1, [pc, #24]	@ (10004020 <runtime_init_early_resets+0x20>)
10004006:	601a      	str	r2, [r3, #0]
10004008:	4a06      	ldr	r2, [pc, #24]	@ (10004024 <runtime_init_early_resets+0x24>)
1000400a:	4b07      	ldr	r3, [pc, #28]	@ (10004028 <runtime_init_early_resets+0x28>)
1000400c:	601a      	str	r2, [r3, #0]
1000400e:	0010      	movs	r0, r2
10004010:	680b      	ldr	r3, [r1, #0]
10004012:	4398      	bics	r0, r3
10004014:	d1fb      	bne.n	1000400e <runtime_init_early_resets+0xe>
10004016:	4770      	bx	lr
10004018:	4000e000 	.word	0x4000e000
1000401c:	fefbcdbf 	.word	0xfefbcdbf
10004020:	4000c008 	.word	0x4000c008
10004024:	003c7ffe 	.word	0x003c7ffe
10004028:	4000f000 	.word	0x4000f000

1000402c <runtime_init_usb_power_down>:
1000402c:	4b04      	ldr	r3, [pc, #16]	@ (10004040 <runtime_init_usb_power_down+0x14>)
1000402e:	6cdb      	ldr	r3, [r3, #76]	@ 0x4c
10004030:	2b00      	cmp	r3, #0
10004032:	d103      	bne.n	1000403c <runtime_init_usb_power_down+0x10>
10004034:	2280      	movs	r2, #128	@ 0x80
10004036:	4b03      	ldr	r3, [pc, #12]	@ (10004044 <runtime_init_usb_power_down+0x18>)
10004038:	02d2      	lsls	r2, r2, #11
1000403a:	601a      	str	r2, [r3, #0]
1000403c:	4770      	bx	lr
1000403e:	46c0      	nop			@ (mov r8, r8)
10004040:	50110000 	.word	0x50110000
10004044:	5011204c 	.word	0x5011204c

10004048 <runtime_init_post_clock_resets>:
10004048:	4a04      	ldr	r2, [pc, #16]	@ (1000405c <runtime_init_post_clock_resets+0x14>)
1000404a:	4b05      	ldr	r3, [pc, #20]	@ (10004060 <runtime_init_post_clock_resets+0x18>)
1000404c:	601a      	str	r2, [r3, #0]
1000404e:	4a05      	ldr	r2, [pc, #20]	@ (10004064 <runtime_init_post_clock_resets+0x1c>)
10004050:	6813      	ldr	r3, [r2, #0]
10004052:	01db      	lsls	r3, r3, #7
10004054:	3380      	adds	r3, #128	@ 0x80
10004056:	d1fb      	bne.n	10004050 <runtime_init_post_clock_resets+0x8>
10004058:	4770      	bx	lr
1000405a:	46c0      	nop			@ (mov r8, r8)
1000405c:	01ffffff 	.word	0x01ffffff
10004060:	4000f000 	.word	0x4000f000
10004064:	4000c008 	.word	0x4000c008

10004068 <runtime_init_rp2040_gpio_ie_disable>:
10004068:	2240      	movs	r2, #64	@ 0x40
1000406a:	4b03      	ldr	r3, [pc, #12]	@ (10004078 <runtime_init_rp2040_gpio_ie_disable+0x10>)
1000406c:	679a      	str	r2, [r3, #120]	@ 0x78
1000406e:	675a      	str	r2, [r3, #116]	@ 0x74
10004070:	671a      	str	r2, [r3, #112]	@ 0x70
10004072:	66da      	str	r2, [r3, #108]	@ 0x6c
10004074:	4770      	bx	lr
10004076:	46c0      	nop			@ (mov r8, r8)
10004078:	4001f000 	.word	0x4001f000

1000407c <runtime_init_spin_locks_reset>:
1000407c:	b510      	push	{r4, lr}
1000407e:	f7fe fe93 	bl	10002da8 <spin_locks_reset>
10004082:	bd10      	pop	{r4, pc}

10004084 <runtime_init_install_ram_vector_table>:
10004084:	b570      	push	{r4, r5, r6, lr}
10004086:	4d04      	ldr	r5, [pc, #16]	@ (10004098 <runtime_init_install_ram_vector_table+0x14>)
10004088:	4c04      	ldr	r4, [pc, #16]	@ (1000409c <runtime_init_install_ram_vector_table+0x18>)
1000408a:	68a9      	ldr	r1, [r5, #8]
1000408c:	22c0      	movs	r2, #192	@ 0xc0
1000408e:	0020      	movs	r0, r4
10004090:	f001 fbce 	bl	10005830 <__wrap___aeabi_memcpy>
10004094:	60ac      	str	r4, [r5, #8]
10004096:	bd70      	pop	{r4, r5, r6, pc}
10004098:	e000ed00 	.word	0xe000ed00
1000409c:	20000000 	.word	0x20000000

100040a0 <runtime_init_clocks>:
100040a0:	2300      	movs	r3, #0
100040a2:	b510      	push	{r4, lr}
100040a4:	4c29      	ldr	r4, [pc, #164]	@ (1000414c <runtime_init_clocks+0xac>)
100040a6:	b082      	sub	sp, #8
100040a8:	67a3      	str	r3, [r4, #120]	@ 0x78
100040aa:	f7ff ff79 	bl	10003fa0 <xosc_init>
100040ae:	2201      	movs	r2, #1
100040b0:	4b27      	ldr	r3, [pc, #156]	@ (10004150 <runtime_init_clocks+0xb0>)
100040b2:	601a      	str	r2, [r3, #0]
100040b4:	6c63      	ldr	r3, [r4, #68]	@ 0x44
100040b6:	2b01      	cmp	r3, #1
100040b8:	d1fc      	bne.n	100040b4 <runtime_init_clocks+0x14>
100040ba:	2203      	movs	r2, #3
100040bc:	4b25      	ldr	r3, [pc, #148]	@ (10004154 <runtime_init_clocks+0xb4>)
100040be:	601a      	str	r2, [r3, #0]
100040c0:	4a22      	ldr	r2, [pc, #136]	@ (1000414c <runtime_init_clocks+0xac>)
100040c2:	6b93      	ldr	r3, [r2, #56]	@ 0x38
100040c4:	2b01      	cmp	r3, #1
100040c6:	d1fc      	bne.n	100040c2 <runtime_init_clocks+0x22>
100040c8:	3301      	adds	r3, #1
100040ca:	9300      	str	r3, [sp, #0]
100040cc:	2101      	movs	r1, #1
100040ce:	4a22      	ldr	r2, [pc, #136]	@ (10004158 <runtime_init_clocks+0xb8>)
100040d0:	4822      	ldr	r0, [pc, #136]	@ (1000415c <runtime_init_clocks+0xbc>)
100040d2:	3304      	adds	r3, #4
100040d4:	f7ff fe78 	bl	10003dc8 <pll_init>
100040d8:	2305      	movs	r3, #5
100040da:	2101      	movs	r1, #1
100040dc:	9300      	str	r3, [sp, #0]
100040de:	4a20      	ldr	r2, [pc, #128]	@ (10004160 <runtime_init_clocks+0xc0>)
100040e0:	4820      	ldr	r0, [pc, #128]	@ (10004164 <runtime_init_clocks+0xc4>)
100040e2:	f7ff fe71 	bl	10003dc8 <pll_init>
100040e6:	2200      	movs	r2, #0
100040e8:	2102      	movs	r1, #2
100040ea:	2004      	movs	r0, #4
100040ec:	4b1e      	ldr	r3, [pc, #120]	@ (10004168 <runtime_init_clocks+0xc8>)
100040ee:	f7ff fdc3 	bl	10003c78 <clock_configure_undivided>
100040f2:	2200      	movs	r2, #0
100040f4:	2101      	movs	r1, #1
100040f6:	2005      	movs	r0, #5
100040f8:	4b1c      	ldr	r3, [pc, #112]	@ (1000416c <runtime_init_clocks+0xcc>)
100040fa:	f7ff fdbd 	bl	10003c78 <clock_configure_undivided>
100040fe:	2200      	movs	r2, #0
10004100:	2100      	movs	r1, #0
10004102:	2007      	movs	r0, #7
10004104:	4b1a      	ldr	r3, [pc, #104]	@ (10004170 <runtime_init_clocks+0xd0>)
10004106:	f7ff fdb7 	bl	10003c78 <clock_configure_undivided>
1000410a:	2200      	movs	r2, #0
1000410c:	2100      	movs	r1, #0
1000410e:	2008      	movs	r0, #8
10004110:	4b17      	ldr	r3, [pc, #92]	@ (10004170 <runtime_init_clocks+0xd0>)
10004112:	f7ff fdb1 	bl	10003c78 <clock_configure_undivided>
10004116:	2380      	movs	r3, #128	@ 0x80
10004118:	00db      	lsls	r3, r3, #3
1000411a:	9300      	str	r3, [sp, #0]
1000411c:	2200      	movs	r2, #0
1000411e:	2100      	movs	r1, #0
10004120:	2009      	movs	r0, #9
10004122:	4b13      	ldr	r3, [pc, #76]	@ (10004170 <runtime_init_clocks+0xd0>)
10004124:	f7ff fd2e 	bl	10003b84 <clock_configure_int_divider>
10004128:	2200      	movs	r2, #0
1000412a:	4b10      	ldr	r3, [pc, #64]	@ (1000416c <runtime_init_clocks+0xcc>)
1000412c:	2100      	movs	r1, #0
1000412e:	2006      	movs	r0, #6
10004130:	f7ff fda2 	bl	10003c78 <clock_configure_undivided>
10004134:	2004      	movs	r0, #4
10004136:	f7ff fe13 	bl	10003d60 <clock_get_hz>
1000413a:	490e      	ldr	r1, [pc, #56]	@ (10004174 <runtime_init_clocks+0xd4>)
1000413c:	f000 f84c 	bl	100041d8 <__wrap___aeabi_uidiv>
10004140:	0001      	movs	r1, r0
10004142:	2000      	movs	r0, #0
10004144:	f7ff fee0 	bl	10003f08 <tick_start>
10004148:	b002      	add	sp, #8
1000414a:	bd10      	pop	{r4, pc}
1000414c:	40008000 	.word	0x40008000
10004150:	4000b03c 	.word	0x4000b03c
10004154:	4000b030 	.word	0x4000b030
10004158:	59682f00 	.word	0x59682f00
1000415c:	40028000 	.word	0x40028000
10004160:	47868c00 	.word	0x47868c00
10004164:	4002c000 	.word	0x4002c000
10004168:	00b71b00 	.word	0x00b71b00
1000416c:	07735940 	.word	0x07735940
10004170:	02dc6c00 	.word	0x02dc6c00
10004174:	000f4240 	.word	0x000f4240

10004178 <__aeabi_bits_init>:
10004178:	4801      	ldr	r0, [pc, #4]	@ (10004180 <__aeabi_bits_init+0x8>)
1000417a:	2104      	movs	r1, #4
1000417c:	4b01      	ldr	r3, [pc, #4]	@ (10004184 <__aeabi_bits_init+0xc>)
1000417e:	4718      	bx	r3
10004180:	20001030 	.word	0x20001030
10004184:	10003f39 	.word	0x10003f39

10004188 <__wrap___aeabi_idiv>:
10004188:	4a12      	ldr	r2, [pc, #72]	@ (100041d4 <divmod_s32s32_savestate+0x18>)
1000418a:	6f93      	ldr	r3, [r2, #120]	@ 0x78
1000418c:	089b      	lsrs	r3, r3, #2
1000418e:	d215      	bcs.n	100041bc <divmod_s32s32_savestate>

10004190 <divmod_s32s32_unsafe>:
10004190:	6690      	str	r0, [r2, #104]	@ 0x68
10004192:	66d1      	str	r1, [r2, #108]	@ 0x6c
10004194:	2900      	cmp	r1, #0
10004196:	d005      	beq.n	100041a4 <divmod_s32s32_unsafe+0x14>
10004198:	e7ff      	b.n	1000419a <divmod_s32s32_unsafe+0xa>
1000419a:	e7ff      	b.n	1000419c <divmod_s32s32_unsafe+0xc>
1000419c:	e7ff      	b.n	1000419e <divmod_s32s32_unsafe+0xe>
1000419e:	6f51      	ldr	r1, [r2, #116]	@ 0x74
100041a0:	6f10      	ldr	r0, [r2, #112]	@ 0x70
100041a2:	4770      	bx	lr
100041a4:	b504      	push	{r2, lr}
100041a6:	2180      	movs	r1, #128	@ 0x80
100041a8:	0609      	lsls	r1, r1, #24
100041aa:	17c2      	asrs	r2, r0, #31
100041ac:	4051      	eors	r1, r2
100041ae:	2800      	cmp	r0, #0
100041b0:	d000      	beq.n	100041b4 <divmod_s32s32_unsafe+0x24>
100041b2:	43c8      	mvns	r0, r1
100041b4:	f005 fe04 	bl	10009dc0 <____aeabi_idiv0_veneer>
100041b8:	2100      	movs	r1, #0
100041ba:	bd04      	pop	{r2, pc}

100041bc <divmod_s32s32_savestate>:
100041bc:	b5f0      	push	{r4, r5, r6, r7, lr}
100041be:	6e14      	ldr	r4, [r2, #96]	@ 0x60
100041c0:	6e55      	ldr	r5, [r2, #100]	@ 0x64
100041c2:	6f57      	ldr	r7, [r2, #116]	@ 0x74
100041c4:	6f16      	ldr	r6, [r2, #112]	@ 0x70
100041c6:	f7ff ffe3 	bl	10004190 <divmod_s32s32_unsafe>
100041ca:	6614      	str	r4, [r2, #96]	@ 0x60
100041cc:	6655      	str	r5, [r2, #100]	@ 0x64
100041ce:	6757      	str	r7, [r2, #116]	@ 0x74
100041d0:	6716      	str	r6, [r2, #112]	@ 0x70
100041d2:	bdf0      	pop	{r4, r5, r6, r7, pc}
100041d4:	d0000000 	.word	0xd0000000

100041d8 <__wrap___aeabi_uidiv>:
100041d8:	4a11      	ldr	r2, [pc, #68]	@ (10004220 <divmod_u32u32_savestate+0x18>)
100041da:	6f93      	ldr	r3, [r2, #120]	@ 0x78
100041dc:	089b      	lsrs	r3, r3, #2
100041de:	d213      	bcs.n	10004208 <divmod_u32u32_savestate>

100041e0 <divmod_u32u32_unsafe>:
100041e0:	6610      	str	r0, [r2, #96]	@ 0x60
100041e2:	6651      	str	r1, [r2, #100]	@ 0x64
100041e4:	2900      	cmp	r1, #0
100041e6:	d005      	beq.n	100041f4 <divmod_u32u32_unsafe+0x14>
100041e8:	e7ff      	b.n	100041ea <divmod_u32u32_unsafe+0xa>
100041ea:	e7ff      	b.n	100041ec <divmod_u32u32_unsafe+0xc>
100041ec:	e7ff      	b.n	100041ee <divmod_u32u32_unsafe+0xe>
100041ee:	6f51      	ldr	r1, [r2, #116]	@ 0x74
100041f0:	6f10      	ldr	r0, [r2, #112]	@ 0x70
100041f2:	4770      	bx	lr
100041f4:	b504      	push	{r2, lr}
100041f6:	2800      	cmp	r0, #0
100041f8:	d001      	beq.n	100041fe <divmod_u32u32_unsafe+0x1e>
100041fa:	2000      	movs	r0, #0
100041fc:	43c0      	mvns	r0, r0
100041fe:	f005 fddf 	bl	10009dc0 <____aeabi_idiv0_veneer>
10004202:	2100      	movs	r1, #0
10004204:	bd04      	pop	{r2, pc}
10004206:	46c0      	nop			@ (mov r8, r8)

10004208 <divmod_u32u32_savestate>:
10004208:	b5f0      	push	{r4, r5, r6, r7, lr}
1000420a:	6e14      	ldr	r4, [r2, #96]	@ 0x60
1000420c:	6e55      	ldr	r5, [r2, #100]	@ 0x64
1000420e:	6f57      	ldr	r7, [r2, #116]	@ 0x74
10004210:	6f16      	ldr	r6, [r2, #112]	@ 0x70
10004212:	f7ff ffe5 	bl	100041e0 <divmod_u32u32_unsafe>
10004216:	6614      	str	r4, [r2, #96]	@ 0x60
10004218:	6655      	str	r5, [r2, #100]	@ 0x64
1000421a:	6757      	str	r7, [r2, #116]	@ 0x74
1000421c:	6716      	str	r6, [r2, #112]	@ 0x70
1000421e:	bdf0      	pop	{r4, r5, r6, r7, pc}
10004220:	d0000000 	.word	0xd0000000

10004224 <__wrap___aeabi_ldivmod>:
10004224:	4694      	mov	ip, r2
10004226:	4a4a      	ldr	r2, [pc, #296]	@ (10004350 <udiv0+0x1a>)
10004228:	6f92      	ldr	r2, [r2, #120]	@ 0x78
1000422a:	0892      	lsrs	r2, r2, #2
1000422c:	4662      	mov	r2, ip
1000422e:	d201      	bcs.n	10004234 <divmod_s64s64_savestate>
10004230:	e028      	b.n	10004284 <divmod_s64s64_unsafe>
10004232:	46c0      	nop			@ (mov r8, r8)

10004234 <divmod_s64s64_savestate>:
10004234:	b5f0      	push	{r4, r5, r6, r7, lr}
10004236:	4e46      	ldr	r6, [pc, #280]	@ (10004350 <udiv0+0x1a>)
10004238:	6e34      	ldr	r4, [r6, #96]	@ 0x60
1000423a:	6e75      	ldr	r5, [r6, #100]	@ 0x64
1000423c:	6f77      	ldr	r7, [r6, #116]	@ 0x74
1000423e:	6f36      	ldr	r6, [r6, #112]	@ 0x70
10004240:	f000 f820 	bl	10004284 <divmod_s64s64_unsafe>
10004244:	4694      	mov	ip, r2
10004246:	4a42      	ldr	r2, [pc, #264]	@ (10004350 <udiv0+0x1a>)
10004248:	6614      	str	r4, [r2, #96]	@ 0x60
1000424a:	6655      	str	r5, [r2, #100]	@ 0x64
1000424c:	6757      	str	r7, [r2, #116]	@ 0x74
1000424e:	6716      	str	r6, [r2, #112]	@ 0x70
10004250:	4662      	mov	r2, ip
10004252:	bdf0      	pop	{r4, r5, r6, r7, pc}

10004254 <__wrap___aeabi_uldivmod>:
10004254:	4694      	mov	ip, r2
10004256:	4a3e      	ldr	r2, [pc, #248]	@ (10004350 <udiv0+0x1a>)
10004258:	6f92      	ldr	r2, [r2, #120]	@ 0x78
1000425a:	0892      	lsrs	r2, r2, #2
1000425c:	4662      	mov	r2, ip
1000425e:	d201      	bcs.n	10004264 <divmod_u64u64_savestate>
10004260:	e054      	b.n	1000430c <divmod_u64u64_unsafe>
10004262:	46c0      	nop			@ (mov r8, r8)

10004264 <divmod_u64u64_savestate>:
10004264:	b5f0      	push	{r4, r5, r6, r7, lr}
10004266:	4e3a      	ldr	r6, [pc, #232]	@ (10004350 <udiv0+0x1a>)
10004268:	6e34      	ldr	r4, [r6, #96]	@ 0x60
1000426a:	6e75      	ldr	r5, [r6, #100]	@ 0x64
1000426c:	6f77      	ldr	r7, [r6, #116]	@ 0x74
1000426e:	6f36      	ldr	r6, [r6, #112]	@ 0x70
10004270:	f000 f84c 	bl	1000430c <divmod_u64u64_unsafe>
10004274:	4694      	mov	ip, r2
10004276:	4a36      	ldr	r2, [pc, #216]	@ (10004350 <udiv0+0x1a>)
10004278:	6614      	str	r4, [r2, #96]	@ 0x60
1000427a:	6655      	str	r5, [r2, #100]	@ 0x64
1000427c:	6757      	str	r7, [r2, #116]	@ 0x74
1000427e:	6716      	str	r6, [r2, #112]	@ 0x70
10004280:	4662      	mov	r2, ip
10004282:	bdf0      	pop	{r4, r5, r6, r7, pc}

10004284 <divmod_s64s64_unsafe>:
10004284:	2b00      	cmp	r3, #0
10004286:	db24      	blt.n	100042d2 <l42_1+0x26>
10004288:	d011      	beq.n	100042ae <l42_1+0x2>
1000428a:	2900      	cmp	r1, #0
1000428c:	da3e      	bge.n	1000430c <divmod_u64u64_unsafe>
1000428e:	b500      	push	{lr}
10004290:	43c9      	mvns	r1, r1
10004292:	4240      	negs	r0, r0
10004294:	d100      	bne.n	10004298 <l40_1>
10004296:	3101      	adds	r1, #1

10004298 <l40_1>:
10004298:	f000 f838 	bl	1000430c <divmod_u64u64_unsafe>
1000429c:	43c9      	mvns	r1, r1
1000429e:	4240      	negs	r0, r0
100042a0:	d100      	bne.n	100042a4 <l41_1>
100042a2:	3101      	adds	r1, #1

100042a4 <l41_1>:
100042a4:	43db      	mvns	r3, r3
100042a6:	4252      	negs	r2, r2
100042a8:	d100      	bne.n	100042ac <l42_1>
100042aa:	3301      	adds	r3, #1

100042ac <l42_1>:
100042ac:	bd00      	pop	{pc}
100042ae:	2a00      	cmp	r2, #0
100042b0:	d1eb      	bne.n	1000428a <divmod_s64s64_unsafe+0x6>
100042b2:	2800      	cmp	r0, #0
100042b4:	d101      	bne.n	100042ba <l42_1+0xe>
100042b6:	2900      	cmp	r1, #0
100042b8:	d005      	beq.n	100042c6 <l42_1+0x1a>
100042ba:	2000      	movs	r0, #0
100042bc:	0fc9      	lsrs	r1, r1, #31
100042be:	07c9      	lsls	r1, r1, #31
100042c0:	d101      	bne.n	100042c6 <l42_1+0x1a>
100042c2:	43c0      	mvns	r0, r0
100042c4:	0841      	lsrs	r1, r0, #1
100042c6:	b500      	push	{lr}
100042c8:	f005 fd6a 	bl	10009da0 <____aeabi_ldiv0_veneer>
100042cc:	2200      	movs	r2, #0
100042ce:	2300      	movs	r3, #0
100042d0:	bd00      	pop	{pc}
100042d2:	b500      	push	{lr}
100042d4:	2900      	cmp	r1, #0
100042d6:	db0a      	blt.n	100042ee <l44_1+0x2>
100042d8:	43db      	mvns	r3, r3
100042da:	4252      	negs	r2, r2
100042dc:	d100      	bne.n	100042e0 <l43_1>
100042de:	3301      	adds	r3, #1

100042e0 <l43_1>:
100042e0:	f000 f814 	bl	1000430c <divmod_u64u64_unsafe>
100042e4:	43c9      	mvns	r1, r1
100042e6:	4240      	negs	r0, r0
100042e8:	d100      	bne.n	100042ec <l44_1>
100042ea:	3101      	adds	r1, #1

100042ec <l44_1>:
100042ec:	bd00      	pop	{pc}
100042ee:	43c9      	mvns	r1, r1
100042f0:	4240      	negs	r0, r0
100042f2:	d100      	bne.n	100042f6 <l45_1>
100042f4:	3101      	adds	r1, #1

100042f6 <l45_1>:
100042f6:	43db      	mvns	r3, r3
100042f8:	4252      	negs	r2, r2
100042fa:	d100      	bne.n	100042fe <l46_1>
100042fc:	3301      	adds	r3, #1

100042fe <l46_1>:
100042fe:	f000 f805 	bl	1000430c <divmod_u64u64_unsafe>
10004302:	43db      	mvns	r3, r3
10004304:	4252      	negs	r2, r2
10004306:	d100      	bne.n	1000430a <l47_1>
10004308:	3301      	adds	r3, #1

1000430a <l47_1>:
1000430a:	bd00      	pop	{pc}

1000430c <divmod_u64u64_unsafe>:
1000430c:	2900      	cmp	r1, #0
1000430e:	d123      	bne.n	10004358 <y64>
10004310:	2b00      	cmp	r3, #0
10004312:	d118      	bne.n	10004346 <udiv0+0x10>
10004314:	2a00      	cmp	r2, #0
10004316:	d00c      	beq.n	10004332 <divmod_u64u64_unsafe+0x26>
10004318:	46bc      	mov	ip, r7
1000431a:	4f0d      	ldr	r7, [pc, #52]	@ (10004350 <udiv0+0x1a>)
1000431c:	6638      	str	r0, [r7, #96]	@ 0x60
1000431e:	667a      	str	r2, [r7, #100]	@ 0x64
10004320:	2100      	movs	r1, #0
10004322:	2300      	movs	r3, #0
10004324:	e7ff      	b.n	10004326 <divmod_u64u64_unsafe+0x1a>
10004326:	e7ff      	b.n	10004328 <divmod_u64u64_unsafe+0x1c>
10004328:	e7ff      	b.n	1000432a <divmod_u64u64_unsafe+0x1e>
1000432a:	6f7a      	ldr	r2, [r7, #116]	@ 0x74
1000432c:	6f38      	ldr	r0, [r7, #112]	@ 0x70
1000432e:	4667      	mov	r7, ip
10004330:	4770      	bx	lr
10004332:	2800      	cmp	r0, #0
10004334:	d001      	beq.n	1000433a <udiv0+0x4>

10004336 <udiv0>:
10004336:	4807      	ldr	r0, [pc, #28]	@ (10004354 <udiv0+0x1e>)
10004338:	0001      	movs	r1, r0
1000433a:	b500      	push	{lr}
1000433c:	f005 fd30 	bl	10009da0 <____aeabi_ldiv0_veneer>
10004340:	2200      	movs	r2, #0
10004342:	2300      	movs	r3, #0
10004344:	bd00      	pop	{pc}
10004346:	0002      	movs	r2, r0
10004348:	000b      	movs	r3, r1
1000434a:	2000      	movs	r0, #0
1000434c:	2100      	movs	r1, #0
1000434e:	4770      	bx	lr
10004350:	d0000000 	.word	0xd0000000
10004354:	ffffffff 	.word	0xffffffff

10004358 <y64>:
10004358:	2b00      	cmp	r3, #0
1000435a:	d000      	beq.n	1000435e <y64+0x6>
1000435c:	e0bf      	b.n	100044de <y64_x48>
1000435e:	0c13      	lsrs	r3, r2, #16
10004360:	d128      	bne.n	100043b4 <y64_x32>
10004362:	2a00      	cmp	r2, #0
10004364:	d0e7      	beq.n	10004336 <udiv0>
10004366:	b480      	push	{r7}
10004368:	4f11      	ldr	r7, [pc, #68]	@ (100043b0 <y64+0x58>)
1000436a:	6639      	str	r1, [r7, #96]	@ 0x60
1000436c:	667a      	str	r2, [r7, #100]	@ 0x64
1000436e:	e7ff      	b.n	10004370 <y64+0x18>
10004370:	e7ff      	b.n	10004372 <y64+0x1a>
10004372:	b430      	push	{r4, r5}
10004374:	0c04      	lsrs	r4, r0, #16
10004376:	6f7b      	ldr	r3, [r7, #116]	@ 0x74
10004378:	6f39      	ldr	r1, [r7, #112]	@ 0x70
1000437a:	041b      	lsls	r3, r3, #16
1000437c:	4323      	orrs	r3, r4
1000437e:	663b      	str	r3, [r7, #96]	@ 0x60
10004380:	667a      	str	r2, [r7, #100]	@ 0x64
10004382:	e7ff      	b.n	10004384 <y64+0x2c>
10004384:	e7ff      	b.n	10004386 <y64+0x2e>
10004386:	e7ff      	b.n	10004388 <y64+0x30>
10004388:	46c0      	nop			@ (mov r8, r8)
1000438a:	b284      	uxth	r4, r0
1000438c:	6f7b      	ldr	r3, [r7, #116]	@ 0x74
1000438e:	6f3d      	ldr	r5, [r7, #112]	@ 0x70
10004390:	041b      	lsls	r3, r3, #16
10004392:	4323      	orrs	r3, r4
10004394:	663b      	str	r3, [r7, #96]	@ 0x60
10004396:	667a      	str	r2, [r7, #100]	@ 0x64
10004398:	e7ff      	b.n	1000439a <y64+0x42>
1000439a:	e7ff      	b.n	1000439c <y64+0x44>
1000439c:	46c0      	nop			@ (mov r8, r8)
1000439e:	2300      	movs	r3, #0
100043a0:	042c      	lsls	r4, r5, #16
100043a2:	0c2d      	lsrs	r5, r5, #16
100043a4:	6f7a      	ldr	r2, [r7, #116]	@ 0x74
100043a6:	6f38      	ldr	r0, [r7, #112]	@ 0x70
100043a8:	1900      	adds	r0, r0, r4
100043aa:	4169      	adcs	r1, r5
100043ac:	bcb0      	pop	{r4, r5, r7}
100043ae:	4770      	bx	lr
100043b0:	d0000000 	.word	0xd0000000

100043b4 <y64_x32>:
100043b4:	b5f0      	push	{r4, r5, r6, r7, lr}
100043b6:	4694      	mov	ip, r2
100043b8:	2500      	movs	r5, #0
100043ba:	0e14      	lsrs	r4, r2, #24
100043bc:	d101      	bne.n	100043c2 <y64_x32+0xe>
100043be:	0212      	lsls	r2, r2, #8
100043c0:	3508      	adds	r5, #8
100043c2:	0f14      	lsrs	r4, r2, #28
100043c4:	d101      	bne.n	100043ca <y64_x32+0x16>
100043c6:	0112      	lsls	r2, r2, #4
100043c8:	3504      	adds	r5, #4
100043ca:	0f94      	lsrs	r4, r2, #30
100043cc:	d101      	bne.n	100043d2 <y64_x32+0x1e>
100043ce:	0092      	lsls	r2, r2, #2
100043d0:	3502      	adds	r5, #2
100043d2:	0fd4      	lsrs	r4, r2, #31
100043d4:	d101      	bne.n	100043da <y64_x32+0x26>
100043d6:	0052      	lsls	r2, r2, #1
100043d8:	3501      	adds	r5, #1
100043da:	0bd4      	lsrs	r4, r2, #15
100043dc:	3401      	adds	r4, #1
100043de:	4f25      	ldr	r7, [pc, #148]	@ (10004474 <y64_x32+0xc0>)
100043e0:	667c      	str	r4, [r7, #100]	@ 0x64
100043e2:	4c25      	ldr	r4, [pc, #148]	@ (10004478 <y64_x32+0xc4>)
100043e4:	663c      	str	r4, [r7, #96]	@ 0x60
100043e6:	0c0e      	lsrs	r6, r1, #16
100043e8:	b293      	uxth	r3, r2
100043ea:	e7ff      	b.n	100043ec <y64_x32+0x38>
100043ec:	e7ff      	b.n	100043ee <y64_x32+0x3a>
100043ee:	e7ff      	b.n	100043f0 <y64_x32+0x3c>
100043f0:	6f3c      	ldr	r4, [r7, #112]	@ 0x70
100043f2:	4366      	muls	r6, r4
100043f4:	0c36      	lsrs	r6, r6, #16
100043f6:	0377      	lsls	r7, r6, #13
100043f8:	46be      	mov	lr, r7
100043fa:	4373      	muls	r3, r6
100043fc:	0bdf      	lsrs	r7, r3, #15
100043fe:	045b      	lsls	r3, r3, #17
10004400:	1ac0      	subs	r0, r0, r3
10004402:	41b9      	sbcs	r1, r7
10004404:	0c13      	lsrs	r3, r2, #16
10004406:	4373      	muls	r3, r6
10004408:	18db      	adds	r3, r3, r3
1000440a:	1ac9      	subs	r1, r1, r3
1000440c:	08ce      	lsrs	r6, r1, #3
1000440e:	4366      	muls	r6, r4
10004410:	0c36      	lsrs	r6, r6, #16
10004412:	44b6      	add	lr, r6
10004414:	b293      	uxth	r3, r2
10004416:	4373      	muls	r3, r6
10004418:	0f1f      	lsrs	r7, r3, #28
1000441a:	011b      	lsls	r3, r3, #4
1000441c:	1ac0      	subs	r0, r0, r3
1000441e:	41b9      	sbcs	r1, r7
10004420:	0c13      	lsrs	r3, r2, #16
10004422:	4373      	muls	r3, r6
10004424:	0b1f      	lsrs	r7, r3, #12
10004426:	051b      	lsls	r3, r3, #20
10004428:	1ac0      	subs	r0, r0, r3
1000442a:	41b9      	sbcs	r1, r7
1000442c:	0d86      	lsrs	r6, r0, #22
1000442e:	028f      	lsls	r7, r1, #10
10004430:	433e      	orrs	r6, r7
10004432:	4366      	muls	r6, r4
10004434:	0c36      	lsrs	r6, r6, #16
10004436:	2d09      	cmp	r5, #9
10004438:	db24      	blt.n	10004484 <last0>
1000443a:	0a52      	lsrs	r2, r2, #9
1000443c:	4372      	muls	r2, r6
1000443e:	1a80      	subs	r0, r0, r2
10004440:	0377      	lsls	r7, r6, #13
10004442:	0a46      	lsrs	r6, r0, #9
10004444:	4366      	muls	r6, r4
10004446:	0c36      	lsrs	r6, r6, #16
10004448:	2316      	movs	r3, #22
1000444a:	1b5b      	subs	r3, r3, r5
1000444c:	40de      	lsrs	r6, r3
1000444e:	40df      	lsrs	r7, r3
10004450:	19bf      	adds	r7, r7, r6
10004452:	4664      	mov	r4, ip
10004454:	4366      	muls	r6, r4
10004456:	1b82      	subs	r2, r0, r6
10004458:	4670      	mov	r0, lr
1000445a:	3504      	adds	r5, #4
1000445c:	3306      	adds	r3, #6
1000445e:	0001      	movs	r1, r0
10004460:	40d9      	lsrs	r1, r3
10004462:	40a8      	lsls	r0, r5
10004464:	19c0      	adds	r0, r0, r7
10004466:	d300      	bcc.n	1000446a <y64_x32+0xb6>
10004468:	3101      	adds	r1, #1
1000446a:	42a2      	cmp	r2, r4
1000446c:	d206      	bcs.n	1000447c <y64_x32+0xc8>
1000446e:	2300      	movs	r3, #0
10004470:	bdf0      	pop	{r4, r5, r6, r7, pc}
10004472:	0000      	.short	0x0000
10004474:	d0000000 	.word	0xd0000000
10004478:	ffffffff 	.word	0xffffffff
1000447c:	1b12      	subs	r2, r2, r4
1000447e:	3001      	adds	r0, #1
10004480:	d3f3      	bcc.n	1000446a <y64_x32+0xb6>
10004482:	e7f1      	b.n	10004468 <y64_x32+0xb4>

10004484 <last0>:
10004484:	2709      	movs	r7, #9
10004486:	1b7f      	subs	r7, r7, r5
10004488:	40fe      	lsrs	r6, r7
1000448a:	4664      	mov	r4, ip
1000448c:	b2a2      	uxth	r2, r4
1000448e:	4372      	muls	r2, r6
10004490:	1a80      	subs	r0, r0, r2
10004492:	d200      	bcs.n	10004496 <last0+0x12>
10004494:	3901      	subs	r1, #1
10004496:	0c22      	lsrs	r2, r4, #16
10004498:	4372      	muls	r2, r6
1000449a:	0c13      	lsrs	r3, r2, #16
1000449c:	0412      	lsls	r2, r2, #16
1000449e:	1a82      	subs	r2, r0, r2
100044a0:	4199      	sbcs	r1, r3
100044a2:	000b      	movs	r3, r1
100044a4:	4670      	mov	r0, lr
100044a6:	3504      	adds	r5, #4
100044a8:	3713      	adds	r7, #19
100044aa:	0001      	movs	r1, r0
100044ac:	40f9      	lsrs	r1, r7
100044ae:	40a8      	lsls	r0, r5
100044b0:	1980      	adds	r0, r0, r6
100044b2:	d300      	bcc.n	100044b6 <last0+0x32>
100044b4:	3101      	adds	r1, #1
100044b6:	2b00      	cmp	r3, #0
100044b8:	d102      	bne.n	100044c0 <last0+0x3c>
100044ba:	42a2      	cmp	r2, r4
100044bc:	d20a      	bcs.n	100044d4 <last0+0x50>
100044be:	bdf0      	pop	{r4, r5, r6, r7, pc}
100044c0:	3001      	adds	r0, #1
100044c2:	d300      	bcc.n	100044c6 <last0+0x42>
100044c4:	3101      	adds	r1, #1
100044c6:	1b12      	subs	r2, r2, r4
100044c8:	d2fa      	bcs.n	100044c0 <last0+0x3c>
100044ca:	3b01      	subs	r3, #1
100044cc:	d1f8      	bne.n	100044c0 <last0+0x3c>
100044ce:	42a2      	cmp	r2, r4
100044d0:	d200      	bcs.n	100044d4 <last0+0x50>
100044d2:	bdf0      	pop	{r4, r5, r6, r7, pc}
100044d4:	3001      	adds	r0, #1
100044d6:	d300      	bcc.n	100044da <last0+0x56>
100044d8:	3101      	adds	r1, #1
100044da:	1b12      	subs	r2, r2, r4
100044dc:	e7f7      	b.n	100044ce <last0+0x4a>

100044de <y64_x48>:
100044de:	b5f0      	push	{r4, r5, r6, r7, lr}
100044e0:	0c1c      	lsrs	r4, r3, #16
100044e2:	d000      	beq.n	100044e6 <y64_x48+0x8>
100044e4:	e080      	b.n	100045e8 <y64_x64>
100044e6:	b40c      	push	{r2, r3}
100044e8:	2500      	movs	r5, #0
100044ea:	0a1c      	lsrs	r4, r3, #8
100044ec:	d104      	bne.n	100044f8 <y64_x48+0x1a>
100044ee:	021b      	lsls	r3, r3, #8
100044f0:	0e16      	lsrs	r6, r2, #24
100044f2:	4333      	orrs	r3, r6
100044f4:	0212      	lsls	r2, r2, #8
100044f6:	3508      	adds	r5, #8
100044f8:	0b1c      	lsrs	r4, r3, #12
100044fa:	d104      	bne.n	10004506 <y64_x48+0x28>
100044fc:	011b      	lsls	r3, r3, #4
100044fe:	0f16      	lsrs	r6, r2, #28
10004500:	4333      	orrs	r3, r6
10004502:	0112      	lsls	r2, r2, #4
10004504:	3504      	adds	r5, #4
10004506:	0b9c      	lsrs	r4, r3, #14
10004508:	d104      	bne.n	10004514 <y64_x48+0x36>
1000450a:	009b      	lsls	r3, r3, #2
1000450c:	0f96      	lsrs	r6, r2, #30
1000450e:	4333      	orrs	r3, r6
10004510:	0092      	lsls	r2, r2, #2
10004512:	3502      	adds	r5, #2
10004514:	0bdc      	lsrs	r4, r3, #15
10004516:	d102      	bne.n	1000451e <y64_x48+0x40>
10004518:	1892      	adds	r2, r2, r2
1000451a:	415b      	adcs	r3, r3
1000451c:	3501      	adds	r5, #1
1000451e:	001c      	movs	r4, r3
10004520:	1897      	adds	r7, r2, r2
10004522:	4164      	adcs	r4, r4
10004524:	3401      	adds	r4, #1
10004526:	4f46      	ldr	r7, [pc, #280]	@ (10004640 <y64_x64+0x58>)
10004528:	667c      	str	r4, [r7, #100]	@ 0x64
1000452a:	4c46      	ldr	r4, [pc, #280]	@ (10004644 <y64_x64+0x5c>)
1000452c:	663c      	str	r4, [r7, #96]	@ 0x60
1000452e:	0c0e      	lsrs	r6, r1, #16
10004530:	e7ff      	b.n	10004532 <y64_x48+0x54>
10004532:	e7ff      	b.n	10004534 <y64_x48+0x56>
10004534:	e7ff      	b.n	10004536 <y64_x48+0x58>
10004536:	46c0      	nop			@ (mov r8, r8)
10004538:	6f3c      	ldr	r4, [r7, #112]	@ 0x70
1000453a:	4366      	muls	r6, r4
1000453c:	0c36      	lsrs	r6, r6, #16
1000453e:	0377      	lsls	r7, r6, #13
10004540:	46be      	mov	lr, r7
10004542:	b297      	uxth	r7, r2
10004544:	4377      	muls	r7, r6
10004546:	1bc0      	subs	r0, r0, r7
10004548:	d200      	bcs.n	1000454c <y64_x48+0x6e>
1000454a:	3901      	subs	r1, #1
1000454c:	1bc0      	subs	r0, r0, r7
1000454e:	d200      	bcs.n	10004552 <y64_x48+0x74>
10004550:	3901      	subs	r1, #1
10004552:	b29f      	uxth	r7, r3
10004554:	4377      	muls	r7, r6
10004556:	1bc9      	subs	r1, r1, r7
10004558:	1bc9      	subs	r1, r1, r7
1000455a:	0c17      	lsrs	r7, r2, #16
1000455c:	4377      	muls	r7, r6
1000455e:	047e      	lsls	r6, r7, #17
10004560:	0bff      	lsrs	r7, r7, #15
10004562:	1b80      	subs	r0, r0, r6
10004564:	41b9      	sbcs	r1, r7
10004566:	08ce      	lsrs	r6, r1, #3
10004568:	4366      	muls	r6, r4
1000456a:	0c36      	lsrs	r6, r6, #16
1000456c:	2d0c      	cmp	r5, #12
1000456e:	db33      	blt.n	100045d8 <last1>
10004570:	44b6      	add	lr, r6
10004572:	0b12      	lsrs	r2, r2, #12
10004574:	051f      	lsls	r7, r3, #20
10004576:	433a      	orrs	r2, r7
10004578:	0b1b      	lsrs	r3, r3, #12
1000457a:	b297      	uxth	r7, r2
1000457c:	4377      	muls	r7, r6
1000457e:	1bc0      	subs	r0, r0, r7
10004580:	d200      	bcs.n	10004584 <y64_x48+0xa6>
10004582:	3901      	subs	r1, #1
10004584:	b29f      	uxth	r7, r3
10004586:	4377      	muls	r7, r6
10004588:	1bc9      	subs	r1, r1, r7
1000458a:	0c17      	lsrs	r7, r2, #16
1000458c:	4377      	muls	r7, r6
1000458e:	043e      	lsls	r6, r7, #16
10004590:	0c3f      	lsrs	r7, r7, #16
10004592:	1b80      	subs	r0, r0, r6
10004594:	41b9      	sbcs	r1, r7
10004596:	0d86      	lsrs	r6, r0, #22
10004598:	028f      	lsls	r7, r1, #10
1000459a:	433e      	orrs	r6, r7
1000459c:	4366      	muls	r6, r4
1000459e:	2729      	movs	r7, #41	@ 0x29
100045a0:	1b7f      	subs	r7, r7, r5
100045a2:	40fe      	lsrs	r6, r7
100045a4:	3d0c      	subs	r5, #12
100045a6:	4677      	mov	r7, lr
100045a8:	40af      	lsls	r7, r5
100045aa:	19bf      	adds	r7, r7, r6
100045ac:	bc30      	pop	{r4, r5}
100045ae:	b2a2      	uxth	r2, r4
100045b0:	b2ab      	uxth	r3, r5
100045b2:	4372      	muls	r2, r6
100045b4:	4373      	muls	r3, r6
100045b6:	1a80      	subs	r0, r0, r2
100045b8:	4199      	sbcs	r1, r3
100045ba:	0c22      	lsrs	r2, r4, #16
100045bc:	4372      	muls	r2, r6
100045be:	0c13      	lsrs	r3, r2, #16
100045c0:	0412      	lsls	r2, r2, #16
100045c2:	1a80      	subs	r0, r0, r2
100045c4:	4199      	sbcs	r1, r3
100045c6:	0002      	movs	r2, r0
100045c8:	000b      	movs	r3, r1
100045ca:	3701      	adds	r7, #1
100045cc:	1b00      	subs	r0, r0, r4
100045ce:	41a9      	sbcs	r1, r5
100045d0:	d2f9      	bcs.n	100045c6 <y64_x48+0xe8>
100045d2:	1e78      	subs	r0, r7, #1
100045d4:	2100      	movs	r1, #0
100045d6:	bdf0      	pop	{r4, r5, r6, r7, pc}

100045d8 <last1>:
100045d8:	270c      	movs	r7, #12
100045da:	1b7f      	subs	r7, r7, r5
100045dc:	40fe      	lsrs	r6, r7
100045de:	4677      	mov	r7, lr
100045e0:	0b7f      	lsrs	r7, r7, #13
100045e2:	40af      	lsls	r7, r5
100045e4:	19ff      	adds	r7, r7, r7
100045e6:	e7e0      	b.n	100045aa <y64_x48+0xcc>

100045e8 <y64_x64>:
100045e8:	2400      	movs	r4, #0
100045ea:	1c5d      	adds	r5, r3, #1
100045ec:	d007      	beq.n	100045fe <y64_x64+0x16>
100045ee:	4f14      	ldr	r7, [pc, #80]	@ (10004640 <y64_x64+0x58>)
100045f0:	667d      	str	r5, [r7, #100]	@ 0x64
100045f2:	6639      	str	r1, [r7, #96]	@ 0x60
100045f4:	e7ff      	b.n	100045f6 <y64_x64+0xe>
100045f6:	e7ff      	b.n	100045f8 <y64_x64+0x10>
100045f8:	e7ff      	b.n	100045fa <y64_x64+0x12>
100045fa:	e7ff      	b.n	100045fc <y64_x64+0x14>
100045fc:	6f3c      	ldr	r4, [r7, #112]	@ 0x70
100045fe:	b295      	uxth	r5, r2
10004600:	b29e      	uxth	r6, r3
10004602:	4365      	muls	r5, r4
10004604:	4366      	muls	r6, r4
10004606:	1b40      	subs	r0, r0, r5
10004608:	41b1      	sbcs	r1, r6
1000460a:	0c15      	lsrs	r5, r2, #16
1000460c:	0c1e      	lsrs	r6, r3, #16
1000460e:	4365      	muls	r5, r4
10004610:	4366      	muls	r6, r4
10004612:	0436      	lsls	r6, r6, #16
10004614:	0c2f      	lsrs	r7, r5, #16
10004616:	433e      	orrs	r6, r7
10004618:	042d      	lsls	r5, r5, #16
1000461a:	1b40      	subs	r0, r0, r5
1000461c:	41b1      	sbcs	r1, r6
1000461e:	4299      	cmp	r1, r3
10004620:	d204      	bcs.n	1000462c <y64_x64+0x44>
10004622:	0002      	movs	r2, r0
10004624:	000b      	movs	r3, r1
10004626:	0020      	movs	r0, r4
10004628:	2100      	movs	r1, #0
1000462a:	bdf0      	pop	{r4, r5, r6, r7, pc}
1000462c:	d101      	bne.n	10004632 <y64_x64+0x4a>
1000462e:	4290      	cmp	r0, r2
10004630:	d3f7      	bcc.n	10004622 <y64_x64+0x3a>
10004632:	1a80      	subs	r0, r0, r2
10004634:	4199      	sbcs	r1, r3
10004636:	3401      	adds	r4, #1
10004638:	4299      	cmp	r1, r3
1000463a:	d3f2      	bcc.n	10004622 <y64_x64+0x3a>
1000463c:	e7f6      	b.n	1000462c <y64_x64+0x44>
1000463e:	0000      	.short	0x0000
10004640:	d0000000 	.word	0xd0000000
10004644:	ffffffff 	.word	0xffffffff

10004648 <__wrap___aeabi_drsub>:
10004648:	4048      	eors	r0, r1
1000464a:	4041      	eors	r1, r0
1000464c:	4048      	eors	r0, r1

1000464e <__wrap___aeabi_dsub>:
1000464e:	b418      	push	{r3, r4}
10004650:	4b1b      	ldr	r3, [pc, #108]	@ (100046c0 <__wrap___aeabi_dmul+0x12>)
10004652:	685b      	ldr	r3, [r3, #4]
10004654:	46fc      	mov	ip, pc
10004656:	9301      	str	r3, [sp, #4]
10004658:	bd08      	pop	{r3, pc}
1000465a:	df04      	.short	0xdf04
1000465c:	1000493b 	.word	0x1000493b

10004660 <__wrap___aeabi_dadd>:
10004660:	b418      	push	{r3, r4}
10004662:	4b17      	ldr	r3, [pc, #92]	@ (100046c0 <__wrap___aeabi_dmul+0x12>)
10004664:	681b      	ldr	r3, [r3, #0]
10004666:	46fc      	mov	ip, pc
10004668:	9301      	str	r3, [sp, #4]
1000466a:	bd08      	pop	{r3, pc}
1000466c:	4945df00 	.word	0x4945df00
10004670:	1000      	.short	0x1000

10004672 <__wrap___aeabi_ddiv>:
10004672:	4694      	mov	ip, r2
10004674:	4a13      	ldr	r2, [pc, #76]	@ (100046c4 <__wrap___aeabi_dmul+0x16>)
10004676:	6f92      	ldr	r2, [r2, #120]	@ 0x78
10004678:	0892      	lsrs	r2, r2, #2
1000467a:	d209      	bcs.n	10004690 <ddiv_save_state>
1000467c:	4662      	mov	r2, ip

1000467e <ddiv_shim_call>:
1000467e:	b418      	push	{r3, r4}
10004680:	4b0f      	ldr	r3, [pc, #60]	@ (100046c0 <__wrap___aeabi_dmul+0x12>)
10004682:	68db      	ldr	r3, [r3, #12]
10004684:	46fc      	mov	ip, pc
10004686:	9301      	str	r3, [sp, #4]
10004688:	bd08      	pop	{r3, pc}
1000468a:	df0c      	.short	0xdf0c
1000468c:	10004bfd 	.word	0x10004bfd

10004690 <ddiv_save_state>:
10004690:	4a0c      	ldr	r2, [pc, #48]	@ (100046c4 <__wrap___aeabi_dmul+0x16>)
10004692:	b5f0      	push	{r4, r5, r6, r7, lr}
10004694:	6e14      	ldr	r4, [r2, #96]	@ 0x60
10004696:	6e55      	ldr	r5, [r2, #100]	@ 0x64
10004698:	6f57      	ldr	r7, [r2, #116]	@ 0x74
1000469a:	6f16      	ldr	r6, [r2, #112]	@ 0x70
1000469c:	4662      	mov	r2, ip
1000469e:	f7ff ffee 	bl	1000467e <ddiv_shim_call>
100046a2:	4a08      	ldr	r2, [pc, #32]	@ (100046c4 <__wrap___aeabi_dmul+0x16>)
100046a4:	6614      	str	r4, [r2, #96]	@ 0x60
100046a6:	6655      	str	r5, [r2, #100]	@ 0x64
100046a8:	6757      	str	r7, [r2, #116]	@ 0x74
100046aa:	6716      	str	r6, [r2, #112]	@ 0x70
100046ac:	bdf0      	pop	{r4, r5, r6, r7, pc}

100046ae <__wrap___aeabi_dmul>:
100046ae:	b418      	push	{r3, r4}
100046b0:	4b03      	ldr	r3, [pc, #12]	@ (100046c0 <__wrap___aeabi_dmul+0x12>)
100046b2:	689b      	ldr	r3, [r3, #8]
100046b4:	46fc      	mov	ip, pc
100046b6:	9301      	str	r3, [sp, #4]
100046b8:	bd08      	pop	{r3, pc}
100046ba:	df08      	.short	0xdf08
100046bc:	10004aa1 	.word	0x10004aa1
100046c0:	20001218 	.word	0x20001218
100046c4:	d0000000 	.word	0xd0000000

100046c8 <__wrap___aeabi_cdrcmple>:
100046c8:	b5ff      	push	{r0, r1, r2, r3, r4, r5, r6, r7, lr}
100046ca:	4050      	eors	r0, r2
100046cc:	4042      	eors	r2, r0
100046ce:	4050      	eors	r0, r2
100046d0:	4059      	eors	r1, r3
100046d2:	404b      	eors	r3, r1
100046d4:	4059      	eors	r1, r3
100046d6:	e000      	b.n	100046da <__aeabi_dfcmple_guts>

100046d8 <__wrap___aeabi_cdcmpeq>:
100046d8:	b5ff      	push	{r0, r1, r2, r3, r4, r5, r6, r7, lr}

100046da <__aeabi_dfcmple_guts>:
100046da:	4f15      	ldr	r7, [pc, #84]	@ (10004730 <__aeabi_dfcmple_guts+0x56>)
100046dc:	004c      	lsls	r4, r1, #1
100046de:	0d64      	lsrs	r4, r4, #21
100046e0:	d003      	beq.n	100046ea <__aeabi_dfcmple_guts+0x10>
100046e2:	42bc      	cmp	r4, r7
100046e4:	d104      	bne.n	100046f0 <__aeabi_dfcmple_guts+0x16>
100046e6:	030c      	lsls	r4, r1, #12
100046e8:	d814      	bhi.n	10004714 <__aeabi_dfcmple_guts+0x3a>
100046ea:	2000      	movs	r0, #0
100046ec:	0d09      	lsrs	r1, r1, #20
100046ee:	0509      	lsls	r1, r1, #20
100046f0:	005c      	lsls	r4, r3, #1
100046f2:	0d64      	lsrs	r4, r4, #21
100046f4:	d003      	beq.n	100046fe <__aeabi_dfcmple_guts+0x24>
100046f6:	42bc      	cmp	r4, r7
100046f8:	d104      	bne.n	10004704 <__aeabi_dfcmple_guts+0x2a>
100046fa:	031c      	lsls	r4, r3, #12
100046fc:	d80a      	bhi.n	10004714 <__aeabi_dfcmple_guts+0x3a>
100046fe:	2200      	movs	r2, #0
10004700:	0d1b      	lsrs	r3, r3, #20
10004702:	051b      	lsls	r3, r3, #20
10004704:	2601      	movs	r6, #1
10004706:	404b      	eors	r3, r1
10004708:	d409      	bmi.n	1000471e <__aeabi_dfcmple_guts+0x44>
1000470a:	404b      	eors	r3, r1
1000470c:	d503      	bpl.n	10004716 <__aeabi_dfcmple_guts+0x3c>
1000470e:	428b      	cmp	r3, r1
10004710:	d100      	bne.n	10004714 <__aeabi_dfcmple_guts+0x3a>
10004712:	4282      	cmp	r2, r0
10004714:	bdff      	pop	{r0, r1, r2, r3, r4, r5, r6, r7, pc}
10004716:	4299      	cmp	r1, r3
10004718:	d1fc      	bne.n	10004714 <__aeabi_dfcmple_guts+0x3a>
1000471a:	4290      	cmp	r0, r2
1000471c:	bdff      	pop	{r0, r1, r2, r3, r4, r5, r6, r7, pc}
1000471e:	430b      	orrs	r3, r1
10004720:	18db      	adds	r3, r3, r3
10004722:	4303      	orrs	r3, r0
10004724:	4313      	orrs	r3, r2
10004726:	d0f5      	beq.n	10004714 <__aeabi_dfcmple_guts+0x3a>
10004728:	43c9      	mvns	r1, r1
1000472a:	1849      	adds	r1, r1, r1
1000472c:	bdff      	pop	{r0, r1, r2, r3, r4, r5, r6, r7, pc}
1000472e:	0000      	.short	0x0000
10004730:	000007ff 	.word	0x000007ff

10004734 <__wrap___aeabi_dcmplt>:
10004734:	b500      	push	{lr}
10004736:	f7ff ffcf 	bl	100046d8 <__wrap___aeabi_cdcmpeq>
1000473a:	4180      	sbcs	r0, r0
1000473c:	bd00      	pop	{pc}
1000473e:	46c0      	nop			@ (mov r8, r8)

10004740 <__wrap___aeabi_dcmple>:
10004740:	b500      	push	{lr}
10004742:	f7ff ffc9 	bl	100046d8 <__wrap___aeabi_cdcmpeq>
10004746:	d901      	bls.n	1000474c <__wrap___aeabi_dcmple+0xc>
10004748:	2000      	movs	r0, #0
1000474a:	bd00      	pop	{pc}
1000474c:	2001      	movs	r0, #1
1000474e:	bd00      	pop	{pc}

10004750 <__wrap___aeabi_dcmpge>:
10004750:	b500      	push	{lr}
10004752:	f7ff ffb9 	bl	100046c8 <__wrap___aeabi_cdrcmple>
10004756:	d901      	bls.n	1000475c <__wrap___aeabi_dcmpge+0xc>
10004758:	2000      	movs	r0, #0
1000475a:	bd00      	pop	{pc}
1000475c:	2001      	movs	r0, #1
1000475e:	bd00      	pop	{pc}

10004760 <__wrap___aeabi_dcmpgt>:
10004760:	b500      	push	{lr}
10004762:	f7ff ffb1 	bl	100046c8 <__wrap___aeabi_cdrcmple>
10004766:	4180      	sbcs	r0, r0
10004768:	bd00      	pop	{pc}

1000476a <__wrap___aeabi_dcmpun>:
1000476a:	2001      	movs	r0, #1
1000476c:	0540      	lsls	r0, r0, #21
1000476e:	004a      	lsls	r2, r1, #1
10004770:	1812      	adds	r2, r2, r0
10004772:	d804      	bhi.n	1000477e <__wrap___aeabi_dcmpun+0x14>
10004774:	005a      	lsls	r2, r3, #1
10004776:	1812      	adds	r2, r2, r0
10004778:	d801      	bhi.n	1000477e <__wrap___aeabi_dcmpun+0x14>
1000477a:	2000      	movs	r0, #0
1000477c:	4770      	bx	lr
1000477e:	2001      	movs	r0, #1
10004780:	4770      	bx	lr
	...

10004784 <__wrap___aeabi_ui2d>:
10004784:	2100      	movs	r1, #0
10004786:	2800      	cmp	r0, #0
10004788:	d105      	bne.n	10004796 <__wrap___aeabi_i2d+0xa>
1000478a:	4770      	bx	lr

1000478c <__wrap___aeabi_i2d>:
1000478c:	17c1      	asrs	r1, r0, #31
1000478e:	4048      	eors	r0, r1
10004790:	1a40      	subs	r0, r0, r1
10004792:	d0fa      	beq.n	1000478a <__wrap___aeabi_ui2d+0x6>
10004794:	07c9      	lsls	r1, r1, #31
10004796:	b513      	push	{r0, r1, r4, lr}
10004798:	4b06      	ldr	r3, [pc, #24]	@ (100047b4 <__wrap___aeabi_i2d+0x28>)
1000479a:	681b      	ldr	r3, [r3, #0]
1000479c:	4798      	blx	r3
1000479e:	bc0c      	pop	{r2, r3}
100047a0:	1c44      	adds	r4, r0, #1
100047a2:	40a2      	lsls	r2, r4
100047a4:	0510      	lsls	r0, r2, #20
100047a6:	0b12      	lsrs	r2, r2, #12
100047a8:	4903      	ldr	r1, [pc, #12]	@ (100047b8 <__wrap___aeabi_i2d+0x2c>)
100047aa:	1b09      	subs	r1, r1, r4
100047ac:	0509      	lsls	r1, r1, #20
100047ae:	4319      	orrs	r1, r3
100047b0:	4311      	orrs	r1, r2
100047b2:	bd10      	pop	{r4, pc}
100047b4:	20002120 	.word	0x20002120
100047b8:	0000041f 	.word	0x0000041f

100047bc <__wrap___aeabi_d2iz>:
100047bc:	b510      	push	{r4, lr}
100047be:	004c      	lsls	r4, r1, #1
100047c0:	0d62      	lsrs	r2, r4, #21
100047c2:	2380      	movs	r3, #128	@ 0x80
100047c4:	18d2      	adds	r2, r2, r3
100047c6:	00db      	lsls	r3, r3, #3
100047c8:	1ad2      	subs	r2, r2, r3
100047ca:	055b      	lsls	r3, r3, #21
100047cc:	2a7e      	cmp	r2, #126	@ 0x7e
100047ce:	dd10      	ble.n	100047f2 <__wrap___aeabi_d2iz+0x36>
100047d0:	3a9e      	subs	r2, #158	@ 0x9e
100047d2:	da13      	bge.n	100047fc <__wrap___aeabi_d2iz+0x40>
100047d4:	17cc      	asrs	r4, r1, #31
100047d6:	0309      	lsls	r1, r1, #12
100047d8:	0849      	lsrs	r1, r1, #1
100047da:	4319      	orrs	r1, r3
100047dc:	4252      	negs	r2, r2
100047de:	40d1      	lsrs	r1, r2
100047e0:	0064      	lsls	r4, r4, #1
100047e2:	3401      	adds	r4, #1
100047e4:	3215      	adds	r2, #21
100047e6:	2a20      	cmp	r2, #32
100047e8:	da05      	bge.n	100047f6 <__wrap___aeabi_d2iz+0x3a>
100047ea:	40d0      	lsrs	r0, r2
100047ec:	4308      	orrs	r0, r1
100047ee:	4360      	muls	r0, r4
100047f0:	bd10      	pop	{r4, pc}
100047f2:	2000      	movs	r0, #0
100047f4:	bd10      	pop	{r4, pc}
100047f6:	4608      	mov	r0, r1
100047f8:	4360      	muls	r0, r4
100047fa:	bd10      	pop	{r4, pc}
100047fc:	0fc8      	lsrs	r0, r1, #31
100047fe:	18c0      	adds	r0, r0, r3
10004800:	3801      	subs	r0, #1
10004802:	bd10      	pop	{r4, pc}

10004804 <__wrap___aeabi_d2uiz>:
10004804:	b418      	push	{r3, r4}
10004806:	4b04      	ldr	r3, [pc, #16]	@ (10004818 <__wrap___aeabi_d2uiz+0x14>)
10004808:	6a5b      	ldr	r3, [r3, #36]	@ 0x24
1000480a:	46fc      	mov	ip, pc
1000480c:	9301      	str	r3, [sp, #4]
1000480e:	bd08      	pop	{r3, pc}
10004810:	4daddf24 	.word	0x4daddf24
10004814:	00001000 	.word	0x00001000
10004818:	20001218 	.word	0x20001218

1000481c <__wrap___aeabi_d2f>:
1000481c:	b418      	push	{r3, r4}
1000481e:	4b04      	ldr	r3, [pc, #16]	@ (10004830 <__wrap___aeabi_d2f+0x14>)
10004820:	6fdb      	ldr	r3, [r3, #124]	@ 0x7c
10004822:	46fc      	mov	ip, pc
10004824:	9301      	str	r3, [sp, #4]
10004826:	bd08      	pop	{r3, pc}
10004828:	4e2ddf7c 	.word	0x4e2ddf7c
1000482c:	00001000 	.word	0x00001000
10004830:	20001218 	.word	0x20001218

10004834 <__wrap_exp>:
10004834:	b418      	push	{r3, r4}
10004836:	4b04      	ldr	r3, [pc, #16]	@ (10004848 <__wrap_exp+0x14>)
10004838:	6cdb      	ldr	r3, [r3, #76]	@ 0x4c
1000483a:	46fc      	mov	ip, pc
1000483c:	9301      	str	r3, [sp, #4]
1000483e:	bd08      	pop	{r3, pc}
10004840:	4fd9df4c 	.word	0x4fd9df4c
10004844:	00001000 	.word	0x00001000
10004848:	20001218 	.word	0x20001218

1000484c <__wrap_log>:
1000484c:	b418      	push	{r3, r4}
1000484e:	4b04      	ldr	r3, [pc, #16]	@ (10004860 <__wrap_log+0x14>)
10004850:	6d1b      	ldr	r3, [r3, #80]	@ 0x50
10004852:	46fc      	mov	ip, pc
10004854:	9301      	str	r3, [sp, #4]
10004856:	bd08      	pop	{r3, pc}
10004858:	5075df50 	.word	0x5075df50
1000485c:	00001000 	.word	0x00001000
10004860:	20001218 	.word	0x20001218

10004864 <__aeabi_double_init>:
10004864:	2313      	movs	r3, #19
10004866:	b570      	push	{r4, r5, r6, lr}
10004868:	781d      	ldrb	r5, [r3, #0]
1000486a:	2d01      	cmp	r5, #1
1000486c:	d019      	beq.n	100048a2 <__aeabi_double_init+0x3e>
1000486e:	dd14      	ble.n	1000489a <__aeabi_double_init+0x36>
10004870:	481f      	ldr	r0, [pc, #124]	@ (100048f0 <__aeabi_double_init+0x8c>)
10004872:	f7ff fb59 	bl	10003f28 <rom_data_lookup>
10004876:	0006      	movs	r6, r0
10004878:	481e      	ldr	r0, [pc, #120]	@ (100048f4 <__aeabi_double_init+0x90>)
1000487a:	f7ff fb55 	bl	10003f28 <rom_data_lookup>
1000487e:	4c1e      	ldr	r4, [pc, #120]	@ (100048f8 <__aeabi_double_init+0x94>)
10004880:	2280      	movs	r2, #128	@ 0x80
10004882:	0031      	movs	r1, r6
10004884:	0020      	movs	r0, r4
10004886:	f000 ffd3 	bl	10005830 <__wrap___aeabi_memcpy>
1000488a:	2d02      	cmp	r5, #2
1000488c:	d02d      	beq.n	100048ea <__aeabi_double_init+0x86>
1000488e:	481b      	ldr	r0, [pc, #108]	@ (100048fc <__aeabi_double_init+0x98>)
10004890:	f7ff fb42 	bl	10003f18 <rom_func_lookup>
10004894:	4b1a      	ldr	r3, [pc, #104]	@ (10004900 <__aeabi_double_init+0x9c>)
10004896:	6018      	str	r0, [r3, #0]
10004898:	bd70      	pop	{r4, r5, r6, pc}
1000489a:	4b1a      	ldr	r3, [pc, #104]	@ (10004904 <__aeabi_double_init+0xa0>)
1000489c:	4c16      	ldr	r4, [pc, #88]	@ (100048f8 <__aeabi_double_init+0x94>)
1000489e:	64a3      	str	r3, [r4, #72]	@ 0x48
100048a0:	e7f5      	b.n	1000488e <__aeabi_double_init+0x2a>
100048a2:	4b18      	ldr	r3, [pc, #96]	@ (10004904 <__aeabi_double_init+0xa0>)
100048a4:	4c14      	ldr	r4, [pc, #80]	@ (100048f8 <__aeabi_double_init+0x94>)
100048a6:	6023      	str	r3, [r4, #0]
100048a8:	6063      	str	r3, [r4, #4]
100048aa:	60a3      	str	r3, [r4, #8]
100048ac:	60e3      	str	r3, [r4, #12]
100048ae:	6123      	str	r3, [r4, #16]
100048b0:	6163      	str	r3, [r4, #20]
100048b2:	61a3      	str	r3, [r4, #24]
100048b4:	61e3      	str	r3, [r4, #28]
100048b6:	6223      	str	r3, [r4, #32]
100048b8:	6263      	str	r3, [r4, #36]	@ 0x24
100048ba:	62a3      	str	r3, [r4, #40]	@ 0x28
100048bc:	62e3      	str	r3, [r4, #44]	@ 0x2c
100048be:	6323      	str	r3, [r4, #48]	@ 0x30
100048c0:	6363      	str	r3, [r4, #52]	@ 0x34
100048c2:	63a3      	str	r3, [r4, #56]	@ 0x38
100048c4:	63e3      	str	r3, [r4, #60]	@ 0x3c
100048c6:	6423      	str	r3, [r4, #64]	@ 0x40
100048c8:	6463      	str	r3, [r4, #68]	@ 0x44
100048ca:	64a3      	str	r3, [r4, #72]	@ 0x48
100048cc:	64e3      	str	r3, [r4, #76]	@ 0x4c
100048ce:	6523      	str	r3, [r4, #80]	@ 0x50
100048d0:	6563      	str	r3, [r4, #84]	@ 0x54
100048d2:	65a3      	str	r3, [r4, #88]	@ 0x58
100048d4:	65e3      	str	r3, [r4, #92]	@ 0x5c
100048d6:	6623      	str	r3, [r4, #96]	@ 0x60
100048d8:	6663      	str	r3, [r4, #100]	@ 0x64
100048da:	66a3      	str	r3, [r4, #104]	@ 0x68
100048dc:	66e3      	str	r3, [r4, #108]	@ 0x6c
100048de:	6723      	str	r3, [r4, #112]	@ 0x70
100048e0:	6763      	str	r3, [r4, #116]	@ 0x74
100048e2:	67a3      	str	r3, [r4, #120]	@ 0x78
100048e4:	67e3      	str	r3, [r4, #124]	@ 0x7c
100048e6:	64a3      	str	r3, [r4, #72]	@ 0x48
100048e8:	e7d1      	b.n	1000488e <__aeabi_double_init+0x2a>
100048ea:	4b06      	ldr	r3, [pc, #24]	@ (10004904 <__aeabi_double_init+0xa0>)
100048ec:	64a3      	str	r3, [r4, #72]	@ 0x48
100048ee:	e7ce      	b.n	1000488e <__aeabi_double_init+0x2a>
100048f0:	00004453 	.word	0x00004453
100048f4:	00004653 	.word	0x00004653
100048f8:	20001218 	.word	0x20001218
100048fc:	0000334c 	.word	0x0000334c
10004900:	20002120 	.word	0x20002120
10004904:	10004909 	.word	0x10004909

10004908 <double_table_shim_on_use_helper>:
10004908:	b507      	push	{r0, r1, r2, lr}
1000490a:	4660      	mov	r0, ip
1000490c:	8801      	ldrh	r1, [r0, #0]
1000490e:	0a0a      	lsrs	r2, r1, #8
10004910:	3002      	adds	r0, #2
10004912:	2adf      	cmp	r2, #223	@ 0xdf
10004914:	d1fa      	bne.n	1000490c <double_table_shim_on_use_helper+0x4>
10004916:	b2c9      	uxtb	r1, r1
10004918:	0882      	lsrs	r2, r0, #2
1000491a:	d304      	bcc.n	10004926 <double_table_shim_on_use_helper+0x1e>
1000491c:	8802      	ldrh	r2, [r0, #0]
1000491e:	8840      	ldrh	r0, [r0, #2]
10004920:	0400      	lsls	r0, r0, #16
10004922:	4310      	orrs	r0, r2
10004924:	e000      	b.n	10004928 <double_table_shim_on_use_helper+0x20>
10004926:	6800      	ldr	r0, [r0, #0]
10004928:	4a01      	ldr	r2, [pc, #4]	@ (10004930 <double_table_shim_on_use_helper+0x28>)
1000492a:	5050      	str	r0, [r2, r1]
1000492c:	9003      	str	r0, [sp, #12]
1000492e:	bd07      	pop	{r0, r1, r2, pc}
10004930:	20001218 	.word	0x20001218

10004934 <drsub_shim>:
10004934:	b40f      	push	{r0, r1, r2, r3}
10004936:	bc03      	pop	{r0, r1}
10004938:	bc0c      	pop	{r2, r3}

1000493a <dsub_shim>:
1000493a:	b5f0      	push	{r4, r5, r6, r7, lr}
1000493c:	2401      	movs	r4, #1
1000493e:	07e4      	lsls	r4, r4, #31
10004940:	4063      	eors	r3, r4
10004942:	e000      	b.n	10004946 <da_entry>

10004944 <dadd_shim>:
10004944:	b5f0      	push	{r4, r5, r6, r7, lr}

10004946 <da_entry>:
10004946:	0d0c      	lsrs	r4, r1, #20
10004948:	0fcf      	lsrs	r7, r1, #31
1000494a:	1e66      	subs	r6, r4, #1
1000494c:	0536      	lsls	r6, r6, #20
1000494e:	1b89      	subs	r1, r1, r6
10004950:	0564      	lsls	r4, r4, #21
10004952:	d303      	bcc.n	1000495c <l8_1>
10004954:	43c9      	mvns	r1, r1
10004956:	4240      	negs	r0, r0
10004958:	d300      	bcc.n	1000495c <l8_1>
1000495a:	3101      	adds	r1, #1

1000495c <l8_1>:
1000495c:	0d64      	lsrs	r4, r4, #21
1000495e:	d003      	beq.n	10004968 <l8_2>
10004960:	1c66      	adds	r6, r4, #1
10004962:	0af6      	lsrs	r6, r6, #11
10004964:	d007      	beq.n	10004976 <l8_3>
10004966:	1be4      	subs	r4, r4, r7

10004968 <l8_2>:
10004968:	2000      	movs	r0, #0
1000496a:	007f      	lsls	r7, r7, #1
1000496c:	1c79      	adds	r1, r7, #1
1000496e:	0789      	lsls	r1, r1, #30
10004970:	1289      	asrs	r1, r1, #10
10004972:	3c80      	subs	r4, #128	@ 0x80
10004974:	0324      	lsls	r4, r4, #12

10004976 <l8_3>:
10004976:	0d1d      	lsrs	r5, r3, #20
10004978:	0fdf      	lsrs	r7, r3, #31
1000497a:	1e6e      	subs	r6, r5, #1
1000497c:	0536      	lsls	r6, r6, #20
1000497e:	1b9b      	subs	r3, r3, r6
10004980:	056d      	lsls	r5, r5, #21
10004982:	d303      	bcc.n	1000498c <l9_1>
10004984:	43db      	mvns	r3, r3
10004986:	4252      	negs	r2, r2
10004988:	d300      	bcc.n	1000498c <l9_1>
1000498a:	3301      	adds	r3, #1

1000498c <l9_1>:
1000498c:	0d6d      	lsrs	r5, r5, #21
1000498e:	d003      	beq.n	10004998 <l9_2>
10004990:	1c6e      	adds	r6, r5, #1
10004992:	0af6      	lsrs	r6, r6, #11
10004994:	d007      	beq.n	100049a6 <l9_3>
10004996:	1bed      	subs	r5, r5, r7

10004998 <l9_2>:
10004998:	2200      	movs	r2, #0
1000499a:	007f      	lsls	r7, r7, #1
1000499c:	1c7b      	adds	r3, r7, #1
1000499e:	079b      	lsls	r3, r3, #30
100049a0:	129b      	asrs	r3, r3, #10
100049a2:	3d80      	subs	r5, #128	@ 0x80
100049a4:	032d      	lsls	r5, r5, #12

100049a6 <l9_3>:
100049a6:	1b2f      	subs	r7, r5, r4
100049a8:	1b66      	subs	r6, r4, r5
100049aa:	d458      	bmi.n	10004a5e <da_ygtx>
100049ac:	46a4      	mov	ip, r4
100049ae:	2e20      	cmp	r6, #32
100049b0:	da46      	bge.n	10004a40 <da_xrgty>
100049b2:	3720      	adds	r7, #32
100049b4:	0014      	movs	r4, r2
100049b6:	40bc      	lsls	r4, r7

100049b8 <da_xgty0>:
100049b8:	001d      	movs	r5, r3
100049ba:	40bd      	lsls	r5, r7
100049bc:	40f2      	lsrs	r2, r6
100049be:	4133      	asrs	r3, r6
100049c0:	432a      	orrs	r2, r5

100049c2 <da_add>:
100049c2:	1880      	adds	r0, r0, r2
100049c4:	4159      	adcs	r1, r3

100049c6 <da_pack>:
100049c6:	0fcb      	lsrs	r3, r1, #31
100049c8:	d005      	beq.n	100049d6 <da_pack+0x10>
100049ca:	43c9      	mvns	r1, r1
100049cc:	43c0      	mvns	r0, r0
100049ce:	2200      	movs	r2, #0
100049d0:	4264      	negs	r4, r4
100049d2:	4150      	adcs	r0, r2
100049d4:	4151      	adcs	r1, r2
100049d6:	4662      	mov	r2, ip
100049d8:	0d4d      	lsrs	r5, r1, #21
100049da:	d128      	bne.n	10004a2e <da_0>
100049dc:	0d0d      	lsrs	r5, r1, #20
100049de:	d107      	bne.n	100049f0 <da_1>
100049e0:	2800      	cmp	r0, #0
100049e2:	d01f      	beq.n	10004a24 <da_5>

100049e4 <da_2>:
100049e4:	1924      	adds	r4, r4, r4
100049e6:	4140      	adcs	r0, r0
100049e8:	4149      	adcs	r1, r1
100049ea:	3a01      	subs	r2, #1
100049ec:	0d0d      	lsrs	r5, r1, #20
100049ee:	d0f9      	beq.n	100049e4 <da_2>

100049f0 <da_1>:
100049f0:	0064      	lsls	r4, r4, #1
100049f2:	d306      	bcc.n	10004a02 <da_3>

100049f4 <da_4>:
100049f4:	3001      	adds	r0, #1
100049f6:	d300      	bcc.n	100049fa <da_4+0x6>
100049f8:	3101      	adds	r1, #1
100049fa:	2c00      	cmp	r4, #0
100049fc:	d101      	bne.n	10004a02 <da_3>
100049fe:	0840      	lsrs	r0, r0, #1
10004a00:	0040      	lsls	r0, r0, #1

10004a02 <da_3>:
10004a02:	3a01      	subs	r2, #1
10004a04:	d40b      	bmi.n	10004a1e <da_6>
10004a06:	1c94      	adds	r4, r2, #2
10004a08:	0ae4      	lsrs	r4, r4, #11
10004a0a:	d104      	bne.n	10004a16 <da_7>
10004a0c:	0512      	lsls	r2, r2, #20
10004a0e:	4411      	add	r1, r2
10004a10:	07db      	lsls	r3, r3, #31
10004a12:	4419      	add	r1, r3
10004a14:	bdf0      	pop	{r4, r5, r6, r7, pc}

10004a16 <da_7>:
10004a16:	07d9      	lsls	r1, r3, #31
10004a18:	4b20      	ldr	r3, [pc, #128]	@ (10004a9c <da_xmgty+0x4>)
10004a1a:	4319      	orrs	r1, r3
10004a1c:	e000      	b.n	10004a20 <da_6+0x2>

10004a1e <da_6>:
10004a1e:	07d9      	lsls	r1, r3, #31
10004a20:	2000      	movs	r0, #0
10004a22:	bdf0      	pop	{r4, r5, r6, r7, pc}

10004a24 <da_5>:
10004a24:	2900      	cmp	r1, #0
10004a26:	d1dd      	bne.n	100049e4 <da_2>
10004a28:	2c00      	cmp	r4, #0
10004a2a:	d1db      	bne.n	100049e4 <da_2>
10004a2c:	bdf0      	pop	{r4, r5, r6, r7, pc}

10004a2e <da_0>:
10004a2e:	3201      	adds	r2, #1
10004a30:	07c6      	lsls	r6, r0, #31
10004a32:	0840      	lsrs	r0, r0, #1
10004a34:	07cd      	lsls	r5, r1, #31
10004a36:	4328      	orrs	r0, r5
10004a38:	0849      	lsrs	r1, r1, #1
10004a3a:	2e00      	cmp	r6, #0
10004a3c:	d0e1      	beq.n	10004a02 <da_3>
10004a3e:	e7d9      	b.n	100049f4 <da_4>

10004a40 <da_xrgty>:
10004a40:	2e3c      	cmp	r6, #60	@ 0x3c
10004a42:	da29      	bge.n	10004a98 <da_xmgty>
10004a44:	3e20      	subs	r6, #32
10004a46:	3740      	adds	r7, #64	@ 0x40
10004a48:	0014      	movs	r4, r2
10004a4a:	40bc      	lsls	r4, r7
10004a4c:	d000      	beq.n	10004a50 <da_xrgty+0x10>
10004a4e:	2401      	movs	r4, #1
10004a50:	40f2      	lsrs	r2, r6
10004a52:	4314      	orrs	r4, r2
10004a54:	001a      	movs	r2, r3
10004a56:	40bb      	lsls	r3, r7
10004a58:	431c      	orrs	r4, r3
10004a5a:	17d3      	asrs	r3, r2, #31
10004a5c:	e7ac      	b.n	100049b8 <da_xgty0>

10004a5e <da_ygtx>:
10004a5e:	46ac      	mov	ip, r5
10004a60:	2f20      	cmp	r7, #32
10004a62:	da08      	bge.n	10004a76 <da_yrgtx>
10004a64:	3620      	adds	r6, #32
10004a66:	0004      	movs	r4, r0
10004a68:	40b4      	lsls	r4, r6

10004a6a <da_ygtx0>:
10004a6a:	000d      	movs	r5, r1
10004a6c:	40b5      	lsls	r5, r6
10004a6e:	40f8      	lsrs	r0, r7
10004a70:	4139      	asrs	r1, r7
10004a72:	4328      	orrs	r0, r5
10004a74:	e7a5      	b.n	100049c2 <da_add>

10004a76 <da_yrgtx>:
10004a76:	2f3c      	cmp	r7, #60	@ 0x3c
10004a78:	da0c      	bge.n	10004a94 <da_ymgtx>
10004a7a:	3f20      	subs	r7, #32
10004a7c:	3640      	adds	r6, #64	@ 0x40
10004a7e:	0004      	movs	r4, r0
10004a80:	40b4      	lsls	r4, r6
10004a82:	d000      	beq.n	10004a86 <da_yrgtx+0x10>
10004a84:	2401      	movs	r4, #1
10004a86:	40f8      	lsrs	r0, r7
10004a88:	4304      	orrs	r4, r0
10004a8a:	0008      	movs	r0, r1
10004a8c:	40b1      	lsls	r1, r6
10004a8e:	430c      	orrs	r4, r1
10004a90:	17c1      	asrs	r1, r0, #31
10004a92:	e7ea      	b.n	10004a6a <da_ygtx0>

10004a94 <da_ymgtx>:
10004a94:	0010      	movs	r0, r2
10004a96:	0019      	movs	r1, r3

10004a98 <da_xmgty>:
10004a98:	2400      	movs	r4, #0
10004a9a:	e794      	b.n	100049c6 <da_pack>
10004a9c:	7ff00000 	.word	0x7ff00000

10004aa0 <dmul_shim>:
10004aa0:	b5f0      	push	{r4, r5, r6, r7, lr}
10004aa2:	0d0c      	lsrs	r4, r1, #20
10004aa4:	1e66      	subs	r6, r4, #1
10004aa6:	0536      	lsls	r6, r6, #20
10004aa8:	1b89      	subs	r1, r1, r6
10004aaa:	0ae6      	lsrs	r6, r4, #11
10004aac:	0564      	lsls	r4, r4, #21
10004aae:	0d64      	lsrs	r4, r4, #21
10004ab0:	d002      	beq.n	10004ab8 <l12_1>
10004ab2:	1c65      	adds	r5, r4, #1
10004ab4:	0aed      	lsrs	r5, r5, #11
10004ab6:	d004      	beq.n	10004ac2 <l12_2>

10004ab8 <l12_1>:
10004ab8:	2000      	movs	r0, #0
10004aba:	2101      	movs	r1, #1
10004abc:	0509      	lsls	r1, r1, #20
10004abe:	3c80      	subs	r4, #128	@ 0x80
10004ac0:	0324      	lsls	r4, r4, #12

10004ac2 <l12_2>:
10004ac2:	46a4      	mov	ip, r4
10004ac4:	0d1c      	lsrs	r4, r3, #20
10004ac6:	1e67      	subs	r7, r4, #1
10004ac8:	053f      	lsls	r7, r7, #20
10004aca:	1bdb      	subs	r3, r3, r7
10004acc:	0ae7      	lsrs	r7, r4, #11
10004ace:	0564      	lsls	r4, r4, #21
10004ad0:	0d64      	lsrs	r4, r4, #21
10004ad2:	d002      	beq.n	10004ada <l13_1>
10004ad4:	1c65      	adds	r5, r4, #1
10004ad6:	0aed      	lsrs	r5, r5, #11
10004ad8:	d004      	beq.n	10004ae4 <l13_2>

10004ada <l13_1>:
10004ada:	2200      	movs	r2, #0
10004adc:	2301      	movs	r3, #1
10004ade:	051b      	lsls	r3, r3, #20
10004ae0:	3c80      	subs	r4, #128	@ 0x80
10004ae2:	0324      	lsls	r4, r4, #12

10004ae4 <l13_2>:
10004ae4:	4077      	eors	r7, r6
10004ae6:	4464      	add	r4, ip
10004ae8:	b497      	push	{r0, r1, r2, r4, r7}
10004aea:	b284      	uxth	r4, r0
10004aec:	b296      	uxth	r6, r2
10004aee:	4374      	muls	r4, r6
10004af0:	0c07      	lsrs	r7, r0, #16
10004af2:	437e      	muls	r6, r7
10004af4:	0c15      	lsrs	r5, r2, #16
10004af6:	436f      	muls	r7, r5
10004af8:	b280      	uxth	r0, r0
10004afa:	4368      	muls	r0, r5
10004afc:	1836      	adds	r6, r6, r0
10004afe:	d302      	bcc.n	10004b06 <l14_1>
10004b00:	2001      	movs	r0, #1
10004b02:	0400      	lsls	r0, r0, #16
10004b04:	183f      	adds	r7, r7, r0

10004b06 <l14_1>:
10004b06:	0430      	lsls	r0, r6, #16
10004b08:	0c35      	lsrs	r5, r6, #16
10004b0a:	1900      	adds	r0, r0, r4
10004b0c:	417d      	adcs	r5, r7
10004b0e:	4684      	mov	ip, r0
10004b10:	b288      	uxth	r0, r1
10004b12:	b29a      	uxth	r2, r3
10004b14:	4350      	muls	r0, r2
10004b16:	0c0c      	lsrs	r4, r1, #16
10004b18:	4362      	muls	r2, r4
10004b1a:	0c1f      	lsrs	r7, r3, #16
10004b1c:	437c      	muls	r4, r7
10004b1e:	b28e      	uxth	r6, r1
10004b20:	437e      	muls	r6, r7
10004b22:	1992      	adds	r2, r2, r6
10004b24:	d302      	bcc.n	10004b2c <l15_1>
10004b26:	2601      	movs	r6, #1
10004b28:	0436      	lsls	r6, r6, #16
10004b2a:	19a4      	adds	r4, r4, r6

10004b2c <l15_1>:
10004b2c:	0416      	lsls	r6, r2, #16
10004b2e:	0c17      	lsrs	r7, r2, #16
10004b30:	1836      	adds	r6, r6, r0
10004b32:	4167      	adcs	r7, r4
10004b34:	bc01      	pop	{r0}
10004b36:	b281      	uxth	r1, r0
10004b38:	b29a      	uxth	r2, r3
10004b3a:	4351      	muls	r1, r2
10004b3c:	0c04      	lsrs	r4, r0, #16
10004b3e:	4362      	muls	r2, r4
10004b40:	0c1b      	lsrs	r3, r3, #16
10004b42:	435c      	muls	r4, r3
10004b44:	b280      	uxth	r0, r0
10004b46:	4358      	muls	r0, r3
10004b48:	1812      	adds	r2, r2, r0
10004b4a:	d302      	bcc.n	10004b52 <l16_1>
10004b4c:	2001      	movs	r0, #1
10004b4e:	0400      	lsls	r0, r0, #16
10004b50:	1824      	adds	r4, r4, r0

10004b52 <l16_1>:
10004b52:	0410      	lsls	r0, r2, #16
10004b54:	0c13      	lsrs	r3, r2, #16
10004b56:	1840      	adds	r0, r0, r1
10004b58:	4163      	adcs	r3, r4
10004b5a:	182d      	adds	r5, r5, r0
10004b5c:	415e      	adcs	r6, r3
10004b5e:	2000      	movs	r0, #0
10004b60:	4147      	adcs	r7, r0
10004b62:	bc06      	pop	{r1, r2}
10004b64:	b288      	uxth	r0, r1
10004b66:	b293      	uxth	r3, r2
10004b68:	4358      	muls	r0, r3
10004b6a:	0c0c      	lsrs	r4, r1, #16
10004b6c:	4363      	muls	r3, r4
10004b6e:	0c12      	lsrs	r2, r2, #16
10004b70:	4354      	muls	r4, r2
10004b72:	b289      	uxth	r1, r1
10004b74:	4351      	muls	r1, r2
10004b76:	185b      	adds	r3, r3, r1
10004b78:	d302      	bcc.n	10004b80 <l17_1>
10004b7a:	2101      	movs	r1, #1
10004b7c:	0409      	lsls	r1, r1, #16
10004b7e:	1864      	adds	r4, r4, r1

10004b80 <l17_1>:
10004b80:	0419      	lsls	r1, r3, #16
10004b82:	0c1a      	lsrs	r2, r3, #16
10004b84:	1809      	adds	r1, r1, r0
10004b86:	4162      	adcs	r2, r4
10004b88:	186d      	adds	r5, r5, r1
10004b8a:	4156      	adcs	r6, r2
10004b8c:	2000      	movs	r0, #0
10004b8e:	4147      	adcs	r7, r0
10004b90:	bc18      	pop	{r3, r4}
10004b92:	02f9      	lsls	r1, r7, #11
10004b94:	0d72      	lsrs	r2, r6, #21
10004b96:	4311      	orrs	r1, r2
10004b98:	02f0      	lsls	r0, r6, #11
10004b9a:	0d6a      	lsrs	r2, r5, #21
10004b9c:	4310      	orrs	r0, r2
10004b9e:	02ed      	lsls	r5, r5, #11
10004ba0:	0d0a      	lsrs	r2, r1, #20
10004ba2:	d103      	bne.n	10004bac <l17_1+0x2c>
10004ba4:	196d      	adds	r5, r5, r5
10004ba6:	4140      	adcs	r0, r0
10004ba8:	4149      	adcs	r1, r1
10004baa:	3b01      	subs	r3, #1
10004bac:	4e12      	ldr	r6, [pc, #72]	@ (10004bf8 <dm_1+0xa>)
10004bae:	1b9b      	subs	r3, r3, r6
10004bb0:	0076      	lsls	r6, r6, #1
10004bb2:	42b3      	cmp	r3, r6
10004bb4:	d20e      	bcs.n	10004bd4 <dm_0>
10004bb6:	006d      	lsls	r5, r5, #1
10004bb8:	d307      	bcc.n	10004bca <l17_1+0x4a>
10004bba:	3001      	adds	r0, #1
10004bbc:	2600      	movs	r6, #0
10004bbe:	4171      	adcs	r1, r6
10004bc0:	4666      	mov	r6, ip
10004bc2:	4335      	orrs	r5, r6
10004bc4:	d101      	bne.n	10004bca <l17_1+0x4a>
10004bc6:	0840      	lsrs	r0, r0, #1
10004bc8:	0040      	lsls	r0, r0, #1
10004bca:	051b      	lsls	r3, r3, #20
10004bcc:	18c9      	adds	r1, r1, r3

10004bce <dm_2>:
10004bce:	07e4      	lsls	r4, r4, #31
10004bd0:	4421      	add	r1, r4
10004bd2:	bdf0      	pop	{r4, r5, r6, r7, pc}

10004bd4 <dm_0>:
10004bd4:	da0b      	bge.n	10004bee <dm_1>
10004bd6:	3301      	adds	r3, #1
10004bd8:	d106      	bne.n	10004be8 <dm_0+0x14>
10004bda:	3001      	adds	r0, #1
10004bdc:	d104      	bne.n	10004be8 <dm_0+0x14>
10004bde:	3101      	adds	r1, #1
10004be0:	0d4f      	lsrs	r7, r1, #21
10004be2:	d001      	beq.n	10004be8 <dm_0+0x14>
10004be4:	0849      	lsrs	r1, r1, #1
10004be6:	e7f2      	b.n	10004bce <dm_2>
10004be8:	07e1      	lsls	r1, r4, #31
10004bea:	2000      	movs	r0, #0
10004bec:	bdf0      	pop	{r4, r5, r6, r7, pc}

10004bee <dm_1>:
10004bee:	3601      	adds	r6, #1
10004bf0:	0531      	lsls	r1, r6, #20
10004bf2:	2000      	movs	r0, #0
10004bf4:	e7eb      	b.n	10004bce <dm_2>
10004bf6:	0000      	.short	0x0000
10004bf8:	000003ff 	.word	0x000003ff

10004bfc <ddiv_shim>:
10004bfc:	b5f0      	push	{r4, r5, r6, r7, lr}

10004bfe <ddiv0>:
10004bfe:	0d1c      	lsrs	r4, r3, #20
10004c00:	1e67      	subs	r7, r4, #1
10004c02:	053f      	lsls	r7, r7, #20
10004c04:	1bdb      	subs	r3, r3, r7
10004c06:	0ae7      	lsrs	r7, r4, #11
10004c08:	0564      	lsls	r4, r4, #21
10004c0a:	0d64      	lsrs	r4, r4, #21
10004c0c:	d002      	beq.n	10004c14 <l20_1>
10004c0e:	1c66      	adds	r6, r4, #1
10004c10:	0af6      	lsrs	r6, r6, #11
10004c12:	d004      	beq.n	10004c1e <l20_2>

10004c14 <l20_1>:
10004c14:	2200      	movs	r2, #0
10004c16:	2301      	movs	r3, #1
10004c18:	051b      	lsls	r3, r3, #20
10004c1a:	3c80      	subs	r4, #128	@ 0x80
10004c1c:	0324      	lsls	r4, r4, #12

10004c1e <l20_2>:
10004c1e:	25d0      	movs	r5, #208	@ 0xd0
10004c20:	062d      	lsls	r5, r5, #24
10004c22:	2600      	movs	r6, #0
10004c24:	43f6      	mvns	r6, r6
10004c26:	662e      	str	r6, [r5, #96]	@ 0x60
10004c28:	091e      	lsrs	r6, r3, #4
10004c2a:	666e      	str	r6, [r5, #100]	@ 0x64
10004c2c:	0fce      	lsrs	r6, r1, #31
10004c2e:	19f6      	adds	r6, r6, r7
10004c30:	46b4      	mov	ip, r6
10004c32:	0049      	lsls	r1, r1, #1
10004c34:	0d4f      	lsrs	r7, r1, #21
10004c36:	d002      	beq.n	10004c3e <l20_2+0x20>
10004c38:	1c7e      	adds	r6, r7, #1
10004c3a:	0af6      	lsrs	r6, r6, #11
10004c3c:	d003      	beq.n	10004c46 <l20_2+0x28>
10004c3e:	2000      	movs	r0, #0
10004c40:	2100      	movs	r1, #0
10004c42:	3f40      	subs	r7, #64	@ 0x40
10004c44:	033f      	lsls	r7, r7, #12
10004c46:	1b3e      	subs	r6, r7, r4
10004c48:	00b6      	lsls	r6, r6, #2
10004c4a:	44b4      	add	ip, r6
10004c4c:	3f01      	subs	r7, #1
10004c4e:	057f      	lsls	r7, r7, #21
10004c50:	1bc9      	subs	r1, r1, r7
10004c52:	0849      	lsrs	r1, r1, #1
10004c54:	6f2e      	ldr	r6, [r5, #112]	@ 0x70
10004c56:	3601      	adds	r6, #1
10004c58:	0876      	lsrs	r6, r6, #1
10004c5a:	029c      	lsls	r4, r3, #10
10004c5c:	0d95      	lsrs	r5, r2, #22
10004c5e:	4325      	orrs	r5, r4
10004c60:	4375      	muls	r5, r6
10004c62:	13ed      	asrs	r5, r5, #15
10004c64:	4375      	muls	r5, r6
10004c66:	13ad      	asrs	r5, r5, #14
10004c68:	3501      	adds	r5, #1
10004c6a:	106d      	asrs	r5, r5, #1
10004c6c:	03f6      	lsls	r6, r6, #15
10004c6e:	1b76      	subs	r6, r6, r5
10004c70:	b40c      	push	{r2, r3}
10004c72:	02cc      	lsls	r4, r1, #11
10004c74:	0d45      	lsrs	r5, r0, #21
10004c76:	432c      	orrs	r4, r5
10004c78:	b2a2      	uxth	r2, r4
10004c7a:	b2b3      	uxth	r3, r6
10004c7c:	435a      	muls	r2, r3
10004c7e:	0c27      	lsrs	r7, r4, #16
10004c80:	437b      	muls	r3, r7
10004c82:	0c35      	lsrs	r5, r6, #16
10004c84:	436f      	muls	r7, r5
10004c86:	b2a4      	uxth	r4, r4
10004c88:	436c      	muls	r4, r5
10004c8a:	191b      	adds	r3, r3, r4
10004c8c:	d302      	bcc.n	10004c94 <l21_1>
10004c8e:	2401      	movs	r4, #1
10004c90:	0424      	lsls	r4, r4, #16
10004c92:	193f      	adds	r7, r7, r4

10004c94 <l21_1>:
10004c94:	041c      	lsls	r4, r3, #16
10004c96:	0c1d      	lsrs	r5, r3, #16
10004c98:	18a4      	adds	r4, r4, r2
10004c9a:	417d      	adcs	r5, r7
10004c9c:	1924      	adds	r4, r4, r4
10004c9e:	416d      	adcs	r5, r5
10004ca0:	9a00      	ldr	r2, [sp, #0]
10004ca2:	b291      	uxth	r1, r2
10004ca4:	b2ac      	uxth	r4, r5
10004ca6:	4361      	muls	r1, r4
10004ca8:	0c17      	lsrs	r7, r2, #16
10004caa:	437c      	muls	r4, r7
10004cac:	0c2b      	lsrs	r3, r5, #16
10004cae:	435f      	muls	r7, r3
10004cb0:	b292      	uxth	r2, r2
10004cb2:	435a      	muls	r2, r3
10004cb4:	18a4      	adds	r4, r4, r2
10004cb6:	d302      	bcc.n	10004cbe <l22_1>
10004cb8:	2201      	movs	r2, #1
10004cba:	0412      	lsls	r2, r2, #16
10004cbc:	18bf      	adds	r7, r7, r2

10004cbe <l22_1>:
10004cbe:	0422      	lsls	r2, r4, #16
10004cc0:	0c23      	lsrs	r3, r4, #16
10004cc2:	1852      	adds	r2, r2, r1
10004cc4:	417b      	adcs	r3, r7
10004cc6:	9c01      	ldr	r4, [sp, #4]
10004cc8:	436c      	muls	r4, r5
10004cca:	191b      	adds	r3, r3, r4
10004ccc:	0e52      	lsrs	r2, r2, #25
10004cce:	01d9      	lsls	r1, r3, #7
10004cd0:	430a      	orrs	r2, r1
10004cd2:	0144      	lsls	r4, r0, #5
10004cd4:	1aa0      	subs	r0, r4, r2
10004cd6:	b281      	uxth	r1, r0
10004cd8:	b2b2      	uxth	r2, r6
10004cda:	4351      	muls	r1, r2
10004cdc:	1403      	asrs	r3, r0, #16
10004cde:	435a      	muls	r2, r3
10004ce0:	0c36      	lsrs	r6, r6, #16
10004ce2:	4373      	muls	r3, r6
10004ce4:	b287      	uxth	r7, r0
10004ce6:	4377      	muls	r7, r6
10004ce8:	17d6      	asrs	r6, r2, #31
10004cea:	19d2      	adds	r2, r2, r7
10004cec:	2700      	movs	r7, #0
10004cee:	417e      	adcs	r6, r7
10004cf0:	0436      	lsls	r6, r6, #16
10004cf2:	199b      	adds	r3, r3, r6
10004cf4:	0417      	lsls	r7, r2, #16
10004cf6:	0c16      	lsrs	r6, r2, #16
10004cf8:	187f      	adds	r7, r7, r1
10004cfa:	415e      	adcs	r6, r3
10004cfc:	1673      	asrs	r3, r6, #25
10004cfe:	18ed      	adds	r5, r5, r3
10004d00:	01f3      	lsls	r3, r6, #7
10004d02:	2600      	movs	r6, #0
10004d04:	3380      	adds	r3, #128	@ 0x80
10004d06:	4175      	adcs	r5, r6
10004d08:	0fa9      	lsrs	r1, r5, #30
10004d0a:	d106      	bne.n	10004d1a <dd_0>
10004d0c:	0064      	lsls	r4, r4, #1
10004d0e:	0a69      	lsrs	r1, r5, #9
10004d10:	05e8      	lsls	r0, r5, #23
10004d12:	0a5b      	lsrs	r3, r3, #9
10004d14:	4318      	orrs	r0, r3
10004d16:	d209      	bcs.n	10004d2c <dd_1>
10004d18:	e02f      	b.n	10004d7a <dd_2>

10004d1a <dd_0>:
10004d1a:	2204      	movs	r2, #4
10004d1c:	4494      	add	ip, r2
10004d1e:	3380      	adds	r3, #128	@ 0x80
10004d20:	4175      	adcs	r5, r6
10004d22:	0aa9      	lsrs	r1, r5, #10
10004d24:	05a8      	lsls	r0, r5, #22
10004d26:	0a9b      	lsrs	r3, r3, #10
10004d28:	4318      	orrs	r0, r3
10004d2a:	d326      	bcc.n	10004d7a <dd_2>

10004d2c <dd_1>:
10004d2c:	4140      	adcs	r0, r0
10004d2e:	4149      	adcs	r1, r1
10004d30:	0424      	lsls	r4, r4, #16
10004d32:	9a00      	ldr	r2, [sp, #0]
10004d34:	9b01      	ldr	r3, [sp, #4]
10004d36:	000d      	movs	r5, r1
10004d38:	4355      	muls	r5, r2
10004d3a:	1b64      	subs	r4, r4, r5
10004d3c:	4343      	muls	r3, r0
10004d3e:	1ae4      	subs	r4, r4, r3
10004d40:	b295      	uxth	r5, r2
10004d42:	b286      	uxth	r6, r0
10004d44:	4375      	muls	r5, r6
10004d46:	0c17      	lsrs	r7, r2, #16
10004d48:	437e      	muls	r6, r7
10004d4a:	0c03      	lsrs	r3, r0, #16
10004d4c:	435f      	muls	r7, r3
10004d4e:	b292      	uxth	r2, r2
10004d50:	435a      	muls	r2, r3
10004d52:	18b6      	adds	r6, r6, r2
10004d54:	d302      	bcc.n	10004d5c <l24_1>
10004d56:	2201      	movs	r2, #1
10004d58:	0412      	lsls	r2, r2, #16
10004d5a:	18bf      	adds	r7, r7, r2

10004d5c <l24_1>:
10004d5c:	0432      	lsls	r2, r6, #16
10004d5e:	0c33      	lsrs	r3, r6, #16
10004d60:	1952      	adds	r2, r2, r5
10004d62:	417b      	adcs	r3, r7
10004d64:	4252      	negs	r2, r2
10004d66:	419c      	sbcs	r4, r3
10004d68:	2c00      	cmp	r4, #0
10004d6a:	d402      	bmi.n	10004d72 <l24_1+0x16>
10004d6c:	2200      	movs	r2, #0
10004d6e:	3001      	adds	r0, #1
10004d70:	4151      	adcs	r1, r2
10004d72:	0840      	lsrs	r0, r0, #1
10004d74:	07ca      	lsls	r2, r1, #31
10004d76:	4310      	orrs	r0, r2
10004d78:	0849      	lsrs	r1, r1, #1

10004d7a <dd_2>:
10004d7a:	b002      	add	sp, #8
10004d7c:	4662      	mov	r2, ip
10004d7e:	07d7      	lsls	r7, r2, #31
10004d80:	1092      	asrs	r2, r2, #2
10004d82:	4b08      	ldr	r3, [pc, #32]	@ (10004da4 <dd_4+0x6>)
10004d84:	18d2      	adds	r2, r2, r3
10004d86:	4b08      	ldr	r3, [pc, #32]	@ (10004da8 <dd_4+0xa>)
10004d88:	429a      	cmp	r2, r3
10004d8a:	d203      	bcs.n	10004d94 <dd_3>
10004d8c:	0512      	lsls	r2, r2, #20
10004d8e:	1889      	adds	r1, r1, r2

10004d90 <dd_5>:
10004d90:	19c9      	adds	r1, r1, r7
10004d92:	bdf0      	pop	{r4, r5, r6, r7, pc}

10004d94 <dd_3>:
10004d94:	2000      	movs	r0, #0
10004d96:	2a00      	cmp	r2, #0
10004d98:	dc01      	bgt.n	10004d9e <dd_4>
10004d9a:	0039      	movs	r1, r7
10004d9c:	bdf0      	pop	{r4, r5, r6, r7, pc}

10004d9e <dd_4>:
10004d9e:	3301      	adds	r3, #1
10004da0:	0519      	lsls	r1, r3, #20
10004da2:	e7f5      	b.n	10004d90 <dd_5>
10004da4:	000003fd 	.word	0x000003fd
10004da8:	000007fe 	.word	0x000007fe

10004dac <double2uint_shim>:
10004dac:	2200      	movs	r2, #0

10004dae <double2ufix_shim>:
10004dae:	b500      	push	{lr}
10004db0:	3220      	adds	r2, #32
10004db2:	f000 f804 	bl	10004dbe <double2ufix64_shim>
10004db6:	0008      	movs	r0, r1
10004db8:	bd00      	pop	{pc}
	...

10004dbc <double2uint64_shim>:
10004dbc:	2200      	movs	r2, #0

10004dbe <double2ufix64_shim>:
10004dbe:	150b      	asrs	r3, r1, #20
10004dc0:	d40a      	bmi.n	10004dd8 <ret_dzero>

10004dc2 <d2fix>:
10004dc2:	b510      	push	{r4, lr}
10004dc4:	4694      	mov	ip, r2
10004dc6:	f000 f8a7 	bl	10004f18 <dunpacks>
10004dca:	1414      	asrs	r4, r2, #16
10004dcc:	3401      	adds	r4, #1
10004dce:	da00      	bge.n	10004dd2 <d2fix+0x10>
10004dd0:	2100      	movs	r1, #0
10004dd2:	17cb      	asrs	r3, r1, #31
10004dd4:	4c14      	ldr	r4, [pc, #80]	@ (10004e28 <d2fix_a+0x4a>)
10004dd6:	4720      	bx	r4

10004dd8 <ret_dzero>:
10004dd8:	2000      	movs	r0, #0
10004dda:	2100      	movs	r1, #0
10004ddc:	4770      	bx	lr

10004dde <d2fix_a>:
10004dde:	4462      	add	r2, ip
10004de0:	3a34      	subs	r2, #52	@ 0x34
10004de2:	d40c      	bmi.n	10004dfe <d2fix_a+0x20>
10004de4:	2a0c      	cmp	r2, #12
10004de6:	da07      	bge.n	10004df8 <d2fix_a+0x1a>
10004de8:	0004      	movs	r4, r0
10004dea:	4091      	lsls	r1, r2
10004dec:	4090      	lsls	r0, r2
10004dee:	4252      	negs	r2, r2
10004df0:	3220      	adds	r2, #32
10004df2:	40d4      	lsrs	r4, r2
10004df4:	4321      	orrs	r1, r4
10004df6:	bd10      	pop	{r4, pc}
10004df8:	43d8      	mvns	r0, r3
10004dfa:	43d9      	mvns	r1, r3
10004dfc:	bd10      	pop	{r4, pc}
10004dfe:	3220      	adds	r2, #32
10004e00:	d407      	bmi.n	10004e12 <d2fix_a+0x34>
10004e02:	460c      	mov	r4, r1
10004e04:	4094      	lsls	r4, r2
10004e06:	4252      	negs	r2, r2
10004e08:	3220      	adds	r2, #32
10004e0a:	4111      	asrs	r1, r2
10004e0c:	40d0      	lsrs	r0, r2
10004e0e:	4320      	orrs	r0, r4
10004e10:	bd10      	pop	{r4, pc}
10004e12:	0008      	movs	r0, r1
10004e14:	17c9      	asrs	r1, r1, #31
10004e16:	3220      	adds	r2, #32
10004e18:	d403      	bmi.n	10004e22 <d2fix_a+0x44>
10004e1a:	4252      	negs	r2, r2
10004e1c:	3220      	adds	r2, #32
10004e1e:	4110      	asrs	r0, r2
10004e20:	bd10      	pop	{r4, pc}
10004e22:	0018      	movs	r0, r3
10004e24:	0019      	movs	r1, r3
10004e26:	bd10      	pop	{r4, pc}
10004e28:	10004ddf 	.word	0x10004ddf

10004e2c <double2float_shim>:
10004e2c:	004a      	lsls	r2, r1, #1
10004e2e:	0d52      	lsrs	r2, r2, #21
10004e30:	4b14      	ldr	r3, [pc, #80]	@ (10004e84 <double2float_shim+0x58>)
10004e32:	1ad2      	subs	r2, r2, r3
10004e34:	dd13      	ble.n	10004e5e <double2float_shim+0x32>
10004e36:	2aff      	cmp	r2, #255	@ 0xff
10004e38:	da1e      	bge.n	10004e78 <double2float_shim+0x4c>
10004e3a:	05d2      	lsls	r2, r2, #23
10004e3c:	0fcb      	lsrs	r3, r1, #31
10004e3e:	07db      	lsls	r3, r3, #31
10004e40:	431a      	orrs	r2, r3
10004e42:	00c3      	lsls	r3, r0, #3
10004e44:	0f40      	lsrs	r0, r0, #29
10004e46:	0309      	lsls	r1, r1, #12
10004e48:	0a49      	lsrs	r1, r1, #9
10004e4a:	4308      	orrs	r0, r1
10004e4c:	4310      	orrs	r0, r2
10004e4e:	005b      	lsls	r3, r3, #1
10004e50:	d301      	bcc.n	10004e56 <double2float_shim+0x2a>
10004e52:	d001      	beq.n	10004e58 <double2float_shim+0x2c>
10004e54:	3001      	adds	r0, #1
10004e56:	4770      	bx	lr
10004e58:	0843      	lsrs	r3, r0, #1
10004e5a:	d2fb      	bcs.n	10004e54 <double2float_shim+0x28>
10004e5c:	4770      	bx	lr
10004e5e:	d002      	beq.n	10004e66 <double2float_shim+0x3a>
10004e60:	0fc8      	lsrs	r0, r1, #31
10004e62:	07c0      	lsls	r0, r0, #31
10004e64:	4770      	bx	lr
10004e66:	030a      	lsls	r2, r1, #12
10004e68:	1312      	asrs	r2, r2, #12
10004e6a:	3201      	adds	r2, #1
10004e6c:	d1f8      	bne.n	10004e60 <double2float_shim+0x34>
10004e6e:	0f42      	lsrs	r2, r0, #29
10004e70:	2a07      	cmp	r2, #7
10004e72:	d1f5      	bne.n	10004e60 <double2float_shim+0x34>
10004e74:	2201      	movs	r2, #1
10004e76:	e000      	b.n	10004e7a <double2float_shim+0x4e>
10004e78:	22ff      	movs	r2, #255	@ 0xff
10004e7a:	0fc8      	lsrs	r0, r1, #31
10004e7c:	0200      	lsls	r0, r0, #8
10004e7e:	1880      	adds	r0, r0, r2
10004e80:	05c0      	lsls	r0, r0, #23
10004e82:	4770      	bx	lr
10004e84:	00000380 	.word	0x00000380

10004e88 <uint2double_shim>:
10004e88:	2100      	movs	r1, #0

10004e8a <ufix2double_shim>:
10004e8a:	000a      	movs	r2, r1
10004e8c:	2100      	movs	r1, #0
10004e8e:	e004      	b.n	10004e9a <ufix642double_shim>

10004e90 <int2double_shim>:
10004e90:	2100      	movs	r1, #0

10004e92 <fix2double_shim>:
10004e92:	000a      	movs	r2, r1
10004e94:	17c1      	asrs	r1, r0, #31
10004e96:	e004      	b.n	10004ea2 <fix642double_shim>

10004e98 <uint642double_shim>:
10004e98:	2200      	movs	r2, #0

10004e9a <ufix642double_shim>:
10004e9a:	2300      	movs	r3, #0
10004e9c:	e006      	b.n	10004eac <uf2d>
10004e9e:	46c0      	nop			@ (mov r8, r8)

10004ea0 <int642double_shim>:
10004ea0:	2200      	movs	r2, #0

10004ea2 <fix642double_shim>:
10004ea2:	17cb      	asrs	r3, r1, #31
10004ea4:	4058      	eors	r0, r3
10004ea6:	4059      	eors	r1, r3
10004ea8:	1ac0      	subs	r0, r0, r3
10004eaa:	4199      	sbcs	r1, r3

10004eac <uf2d>:
10004eac:	b530      	push	{r4, r5, lr}
10004eae:	4c18      	ldr	r4, [pc, #96]	@ (10004f10 <uf2d+0x64>)
10004eb0:	1aa2      	subs	r2, r4, r2
10004eb2:	2900      	cmp	r1, #0
10004eb4:	d103      	bne.n	10004ebe <uf2d+0x12>
10004eb6:	0001      	movs	r1, r0
10004eb8:	d010      	beq.n	10004edc <uf2d+0x30>
10004eba:	2000      	movs	r0, #0
10004ebc:	3a20      	subs	r2, #32
10004ebe:	154c      	asrs	r4, r1, #21
10004ec0:	d112      	bne.n	10004ee8 <uf2d+0x3c>
10004ec2:	d204      	bcs.n	10004ece <uf2d+0x22>
10004ec4:	3a01      	subs	r2, #1
10004ec6:	1800      	adds	r0, r0, r0
10004ec8:	4149      	adcs	r1, r1
10004eca:	0d4c      	lsrs	r4, r1, #21
10004ecc:	d3fa      	bcc.n	10004ec4 <uf2d+0x18>
10004ece:	4c11      	ldr	r4, [pc, #68]	@ (10004f14 <uf2d+0x68>)
10004ed0:	42a2      	cmp	r2, r4
10004ed2:	d204      	bcs.n	10004ede <uf2d+0x32>
10004ed4:	0512      	lsls	r2, r2, #20
10004ed6:	1889      	adds	r1, r1, r2
10004ed8:	07db      	lsls	r3, r3, #31
10004eda:	18c9      	adds	r1, r1, r3
10004edc:	bd30      	pop	{r4, r5, pc}
10004ede:	43d2      	mvns	r2, r2
10004ee0:	0d52      	lsrs	r2, r2, #21
10004ee2:	2000      	movs	r0, #0
10004ee4:	2100      	movs	r1, #0
10004ee6:	e7f5      	b.n	10004ed4 <uf2d+0x28>
10004ee8:	d403      	bmi.n	10004ef2 <uf2d+0x46>
10004eea:	3a01      	subs	r2, #1
10004eec:	1800      	adds	r0, r0, r0
10004eee:	4149      	adcs	r1, r1
10004ef0:	d5fb      	bpl.n	10004eea <uf2d+0x3e>
10004ef2:	320b      	adds	r2, #11
10004ef4:	0544      	lsls	r4, r0, #21
10004ef6:	0ac0      	lsrs	r0, r0, #11
10004ef8:	054d      	lsls	r5, r1, #21
10004efa:	4328      	orrs	r0, r5
10004efc:	0ac9      	lsrs	r1, r1, #11
10004efe:	0064      	lsls	r4, r4, #1
10004f00:	d003      	beq.n	10004f0a <uf2d+0x5e>
10004f02:	2400      	movs	r4, #0
10004f04:	4160      	adcs	r0, r4
10004f06:	4161      	adcs	r1, r4
10004f08:	e7e1      	b.n	10004ece <uf2d+0x22>
10004f0a:	d3e0      	bcc.n	10004ece <uf2d+0x22>
10004f0c:	0844      	lsrs	r4, r0, #1
10004f0e:	e7f8      	b.n	10004f02 <uf2d+0x56>
10004f10:	00000432 	.word	0x00000432
10004f14:	000007fe 	.word	0x000007fe

10004f18 <dunpacks>:
10004f18:	0d0a      	lsrs	r2, r1, #20
10004f1a:	0fcc      	lsrs	r4, r1, #31
10004f1c:	1e53      	subs	r3, r2, #1
10004f1e:	051b      	lsls	r3, r3, #20
10004f20:	1ac9      	subs	r1, r1, r3
10004f22:	0552      	lsls	r2, r2, #21
10004f24:	d303      	bcc.n	10004f2e <l60_1>
10004f26:	43c9      	mvns	r1, r1
10004f28:	4240      	negs	r0, r0
10004f2a:	d300      	bcc.n	10004f2e <l60_1>
10004f2c:	3101      	adds	r1, #1

10004f2e <l60_1>:
10004f2e:	0d52      	lsrs	r2, r2, #21
10004f30:	d003      	beq.n	10004f3a <l60_2>
10004f32:	1c53      	adds	r3, r2, #1
10004f34:	0adb      	lsrs	r3, r3, #11
10004f36:	d007      	beq.n	10004f48 <l60_3>
10004f38:	1b12      	subs	r2, r2, r4

10004f3a <l60_2>:
10004f3a:	2000      	movs	r0, #0
10004f3c:	0064      	lsls	r4, r4, #1
10004f3e:	1c61      	adds	r1, r4, #1
10004f40:	0789      	lsls	r1, r1, #30
10004f42:	1289      	asrs	r1, r1, #10
10004f44:	3a80      	subs	r2, #128	@ 0x80
10004f46:	0312      	lsls	r2, r2, #12

10004f48 <l60_3>:
10004f48:	4b01      	ldr	r3, [pc, #4]	@ (10004f50 <l60_3+0x8>)
10004f4a:	1ad2      	subs	r2, r2, r3
10004f4c:	4770      	bx	lr
10004f4e:	0000      	.short	0x0000
10004f50:	000003ff 	.word	0x000003ff

10004f54 <dreduce>:
10004f54:	3202      	adds	r2, #2
10004f56:	d425      	bmi.n	10004fa4 <dreduce+0x50>
10004f58:	2a0c      	cmp	r2, #12
10004f5a:	da1c      	bge.n	10004f96 <dreduce+0x42>
10004f5c:	2511      	movs	r5, #17
10004f5e:	1aad      	subs	r5, r5, r2
10004f60:	000b      	movs	r3, r1
10004f62:	412b      	asrs	r3, r5
10004f64:	3208      	adds	r2, #8
10004f66:	3507      	adds	r5, #7
10004f68:	0006      	movs	r6, r0
10004f6a:	40ee      	lsrs	r6, r5
10004f6c:	4090      	lsls	r0, r2
10004f6e:	4091      	lsls	r1, r2
10004f70:	4331      	orrs	r1, r6
10004f72:	ccf0      	ldmia	r4, {r4, r5, r6, r7}
10004f74:	4363      	muls	r3, r4
10004f76:	151a      	asrs	r2, r3, #20
10004f78:	2300      	movs	r3, #0
10004f7a:	415a      	adcs	r2, r3
10004f7c:	4355      	muls	r5, r2
10004f7e:	4356      	muls	r6, r2
10004f80:	4357      	muls	r7, r2
10004f82:	02bf      	lsls	r7, r7, #10
10004f84:	12f4      	asrs	r4, r6, #11
10004f86:	0576      	lsls	r6, r6, #21
10004f88:	1976      	adds	r6, r6, r5
10004f8a:	4167      	adcs	r7, r4
10004f8c:	17ed      	asrs	r5, r5, #31
10004f8e:	197f      	adds	r7, r7, r5
10004f90:	1b80      	subs	r0, r0, r6
10004f92:	41b9      	sbcs	r1, r7
10004f94:	4770      	bx	lr
10004f96:	220c      	movs	r2, #12
10004f98:	2000      	movs	r0, #0
10004f9a:	17c9      	asrs	r1, r1, #31
10004f9c:	0049      	lsls	r1, r1, #1
10004f9e:	3101      	adds	r1, #1
10004fa0:	0509      	lsls	r1, r1, #20
10004fa2:	e7db      	b.n	10004f5c <dreduce+0x8>
10004fa4:	0209      	lsls	r1, r1, #8
10004fa6:	0e03      	lsrs	r3, r0, #24
10004fa8:	4319      	orrs	r1, r3
10004faa:	0200      	lsls	r0, r0, #8
10004fac:	4253      	negs	r3, r2
10004fae:	3220      	adds	r2, #32
10004fb0:	d408      	bmi.n	10004fc4 <dreduce+0x70>
10004fb2:	000c      	movs	r4, r1
10004fb4:	4119      	asrs	r1, r3
10004fb6:	4094      	lsls	r4, r2
10004fb8:	40d8      	lsrs	r0, r3
10004fba:	4320      	orrs	r0, r4
10004fbc:	2200      	movs	r2, #0
10004fbe:	4150      	adcs	r0, r2
10004fc0:	4151      	adcs	r1, r2
10004fc2:	4770      	bx	lr
10004fc4:	0008      	movs	r0, r1
10004fc6:	17c9      	asrs	r1, r1, #31
10004fc8:	3b20      	subs	r3, #32
10004fca:	3220      	adds	r2, #32
10004fcc:	d5f1      	bpl.n	10004fb2 <dreduce+0x5e>
10004fce:	2000      	movs	r0, #0
10004fd0:	2100      	movs	r1, #0
10004fd2:	2200      	movs	r2, #0
10004fd4:	4770      	bx	lr
	...

10004fd8 <dexp_shim>:
10004fd8:	b5f0      	push	{r4, r5, r6, r7, lr}
10004fda:	f7ff ff9d 	bl	10004f18 <dunpacks>
10004fde:	a454      	add	r4, pc, #336	@ (adr r4, 10005130 <dreddata1>)
10004fe0:	f7ff ffb8 	bl	10004f54 <dreduce>
10004fe4:	2900      	cmp	r1, #0
10004fe6:	da04      	bge.n	10004ff2 <dexp_shim+0x1a>
10004fe8:	4c20      	ldr	r4, [pc, #128]	@ (1000506c <dexp_shim+0x94>)
10004fea:	4d21      	ldr	r5, [pc, #132]	@ (10005070 <dexp_shim+0x98>)
10004fec:	1900      	adds	r0, r0, r4
10004fee:	4169      	adcs	r1, r5
10004ff0:	3a01      	subs	r2, #1
10004ff2:	b404      	push	{r2}
10004ff4:	2701      	movs	r7, #1
10004ff6:	a652      	add	r6, pc, #328	@ (adr r6, 10005140 <dtab_exp>)
10004ff8:	2200      	movs	r2, #0
10004ffa:	2301      	movs	r3, #1
10004ffc:	079b      	lsls	r3, r3, #30
10004ffe:	ce30      	ldmia	r6!, {r4, r5}
10005000:	46b4      	mov	ip, r6
10005002:	1b00      	subs	r0, r0, r4
10005004:	41a9      	sbcs	r1, r5
10005006:	d40b      	bmi.n	10005020 <dexp_shim+0x48>
10005008:	427e      	negs	r6, r7
1000500a:	3620      	adds	r6, #32
1000500c:	001d      	movs	r5, r3
1000500e:	413d      	asrs	r5, r7
10005010:	001c      	movs	r4, r3
10005012:	40b4      	lsls	r4, r6
10005014:	0016      	movs	r6, r2
10005016:	40fe      	lsrs	r6, r7
10005018:	4334      	orrs	r4, r6
1000501a:	4162      	adcs	r2, r4
1000501c:	416b      	adcs	r3, r5
1000501e:	e001      	b.n	10005024 <dexp_shim+0x4c>
10005020:	1900      	adds	r0, r0, r4
10005022:	4169      	adcs	r1, r5
10005024:	4666      	mov	r6, ip
10005026:	3701      	adds	r7, #1
10005028:	2f21      	cmp	r7, #33	@ 0x21
1000502a:	d1e8      	bne.n	10004ffe <dexp_shim+0x26>
1000502c:	b285      	uxth	r5, r0
1000502e:	b29e      	uxth	r6, r3
10005030:	4375      	muls	r5, r6
10005032:	1407      	asrs	r7, r0, #16
10005034:	437e      	muls	r6, r7
10005036:	0c19      	lsrs	r1, r3, #16
10005038:	434f      	muls	r7, r1
1000503a:	b284      	uxth	r4, r0
1000503c:	434c      	muls	r4, r1
1000503e:	17f1      	asrs	r1, r6, #31
10005040:	1936      	adds	r6, r6, r4
10005042:	2400      	movs	r4, #0
10005044:	4161      	adcs	r1, r4
10005046:	0409      	lsls	r1, r1, #16
10005048:	187f      	adds	r7, r7, r1
1000504a:	0434      	lsls	r4, r6, #16
1000504c:	0c31      	lsrs	r1, r6, #16
1000504e:	1964      	adds	r4, r4, r5
10005050:	4179      	adcs	r1, r7
10005052:	0fa4      	lsrs	r4, r4, #30
10005054:	0088      	lsls	r0, r1, #2
10005056:	4320      	orrs	r0, r4
10005058:	1789      	asrs	r1, r1, #30
1000505a:	1880      	adds	r0, r0, r2
1000505c:	4159      	adcs	r1, r3
1000505e:	bc04      	pop	{r2}
10005060:	4252      	negs	r2, r2
10005062:	323e      	adds	r2, #62	@ 0x3e
10005064:	f7ff ff1d 	bl	10004ea2 <fix642double_shim>
10005068:	bdf0      	pop	{r4, r5, r6, r7, pc}
1000506a:	0000      	.short	0x0000
1000506c:	f473de6b 	.word	0xf473de6b
10005070:	2c5c85fd 	.word	0x2c5c85fd

10005074 <dln_shim>:
10005074:	b5f0      	push	{r4, r5, r6, r7, lr}
10005076:	004f      	lsls	r7, r1, #1
10005078:	d250      	bcs.n	1000511c <dln_shim+0xa8>
1000507a:	157f      	asrs	r7, r7, #21
1000507c:	d04e      	beq.n	1000511c <dln_shim+0xa8>
1000507e:	3701      	adds	r7, #1
10005080:	d04f      	beq.n	10005122 <dln_shim+0xae>
10005082:	f7ff ff49 	bl	10004f18 <dunpacks>
10005086:	b404      	push	{r2}
10005088:	0249      	lsls	r1, r1, #9
1000508a:	0dc2      	lsrs	r2, r0, #23
1000508c:	4311      	orrs	r1, r2
1000508e:	0240      	lsls	r0, r0, #9
10005090:	2701      	movs	r7, #1
10005092:	a62b      	add	r6, pc, #172	@ (adr r6, 10005140 <dtab_exp>)
10005094:	46b4      	mov	ip, r6
10005096:	2200      	movs	r2, #0
10005098:	2300      	movs	r3, #0
1000509a:	427e      	negs	r6, r7
1000509c:	3620      	adds	r6, #32
1000509e:	000d      	movs	r5, r1
100050a0:	413d      	asrs	r5, r7
100050a2:	000c      	movs	r4, r1
100050a4:	40b4      	lsls	r4, r6
100050a6:	0006      	movs	r6, r0
100050a8:	40fe      	lsrs	r6, r7
100050aa:	4334      	orrs	r4, r6
100050ac:	4144      	adcs	r4, r0
100050ae:	414d      	adcs	r5, r1
100050b0:	0fae      	lsrs	r6, r5, #30
100050b2:	d105      	bne.n	100050c0 <dln_shim+0x4c>
100050b4:	0020      	movs	r0, r4
100050b6:	0029      	movs	r1, r5
100050b8:	4666      	mov	r6, ip
100050ba:	ce30      	ldmia	r6!, {r4, r5}
100050bc:	1b12      	subs	r2, r2, r4
100050be:	41ab      	sbcs	r3, r5
100050c0:	2408      	movs	r4, #8
100050c2:	44a4      	add	ip, r4
100050c4:	3701      	adds	r7, #1
100050c6:	2f21      	cmp	r7, #33	@ 0x21
100050c8:	d1e7      	bne.n	1000509a <dln_shim+0x26>
100050ca:	0089      	lsls	r1, r1, #2
100050cc:	1089      	asrs	r1, r1, #2
100050ce:	1812      	adds	r2, r2, r0
100050d0:	414b      	adcs	r3, r1
100050d2:	bc80      	pop	{r7}
100050d4:	a417      	add	r4, pc, #92	@ (adr r4, 10005134 <dreddata1_plus_4>)
100050d6:	cc13      	ldmia	r4, {r0, r1, r4}
100050d8:	3701      	adds	r7, #1
100050da:	4378      	muls	r0, r7
100050dc:	4379      	muls	r1, r7
100050de:	437c      	muls	r4, r7
100050e0:	054f      	lsls	r7, r1, #21
100050e2:	12c9      	asrs	r1, r1, #11
100050e4:	17cd      	asrs	r5, r1, #31
100050e6:	19c0      	adds	r0, r0, r7
100050e8:	4169      	adcs	r1, r5
100050ea:	02a7      	lsls	r7, r4, #10
100050ec:	15a4      	asrs	r4, r4, #22
100050ee:	17cd      	asrs	r5, r1, #31
100050f0:	19c9      	adds	r1, r1, r7
100050f2:	416c      	adcs	r4, r5
100050f4:	17dd      	asrs	r5, r3, #31
100050f6:	1880      	adds	r0, r0, r2
100050f8:	4159      	adcs	r1, r3
100050fa:	416c      	adcs	r4, r5
100050fc:	223e      	movs	r2, #62	@ 0x3e
100050fe:	17cd      	asrs	r5, r1, #31
10005100:	42ac      	cmp	r4, r5
10005102:	d008      	beq.n	10005116 <dln_shim+0xa2>
10005104:	0900      	lsrs	r0, r0, #4
10005106:	070e      	lsls	r6, r1, #28
10005108:	4330      	orrs	r0, r6
1000510a:	0909      	lsrs	r1, r1, #4
1000510c:	0726      	lsls	r6, r4, #28
1000510e:	4331      	orrs	r1, r6
10005110:	1124      	asrs	r4, r4, #4
10005112:	3a04      	subs	r2, #4
10005114:	e7f3      	b.n	100050fe <dln_shim+0x8a>
10005116:	f7ff fec4 	bl	10004ea2 <fix642double_shim>
1000511a:	bdf0      	pop	{r4, r5, r6, r7, pc}
1000511c:	4902      	ldr	r1, [pc, #8]	@ (10005128 <dln_shim+0xb4>)
1000511e:	2000      	movs	r0, #0
10005120:	bdf0      	pop	{r4, r5, r6, r7, pc}
10005122:	4902      	ldr	r1, [pc, #8]	@ (1000512c <dln_shim+0xb8>)
10005124:	2000      	movs	r0, #0
10005126:	bdf0      	pop	{r4, r5, r6, r7, pc}
10005128:	fff00000 	.word	0xfff00000
1000512c:	7ff00000 	.word	0x7ff00000

10005130 <dreddata1>:
10005130:	0000b8aa 	.word	0x0000b8aa

10005134 <dreddata1_plus_4>:
10005134:	0013de6b 	.word	0x0013de6b
10005138:	000fefa3 	.word	0x000fefa3
1000513c:	000b1721 	.word	0x000b1721

10005140 <dtab_exp>:
10005140:	bf984bf3 	.word	0xbf984bf3
10005144:	19f323ec 	.word	0x19f323ec
10005148:	cd4d10d6 	.word	0xcd4d10d6
1000514c:	0e47fbe3 	.word	0x0e47fbe3
10005150:	8abcb97a 	.word	0x8abcb97a
10005154:	0789c1db 	.word	0x0789c1db
10005158:	022c54cc 	.word	0x022c54cc
1000515c:	03e14618 	.word	0x03e14618
10005160:	e7833005 	.word	0xe7833005
10005164:	01f829b0 	.word	0x01f829b0
10005168:	87e01f1e 	.word	0x87e01f1e
1000516c:	00fe0545 	.word	0x00fe0545
10005170:	ac419e24 	.word	0xac419e24
10005174:	007f80a9 	.word	0x007f80a9
10005178:	45621781 	.word	0x45621781
1000517c:	003fe015 	.word	0x003fe015
10005180:	a9ab10e6 	.word	0xa9ab10e6
10005184:	001ff802 	.word	0x001ff802
10005188:	55455888 	.word	0x55455888
1000518c:	000ffe00 	.word	0x000ffe00
10005190:	0aa9aac4 	.word	0x0aa9aac4
10005194:	0007ff80 	.word	0x0007ff80
10005198:	01554556 	.word	0x01554556
1000519c:	0003ffe0 	.word	0x0003ffe0
100051a0:	002aa9ab 	.word	0x002aa9ab
100051a4:	0001fff8 	.word	0x0001fff8
100051a8:	00055545 	.word	0x00055545
100051ac:	0000fffe 	.word	0x0000fffe
100051b0:	8000aaaa 	.word	0x8000aaaa
100051b4:	00007fff 	.word	0x00007fff
100051b8:	e0001555 	.word	0xe0001555
100051bc:	00003fff 	.word	0x00003fff
100051c0:	f80002ab 	.word	0xf80002ab
100051c4:	00001fff 	.word	0x00001fff
100051c8:	fe000055 	.word	0xfe000055
100051cc:	00000fff 	.word	0x00000fff
100051d0:	ff80000b 	.word	0xff80000b
100051d4:	000007ff 	.word	0x000007ff
100051d8:	ffe00001 	.word	0xffe00001
100051dc:	000003ff 	.word	0x000003ff
100051e0:	fff80000 	.word	0xfff80000
100051e4:	000001ff 	.word	0x000001ff
100051e8:	fffe0000 	.word	0xfffe0000
100051ec:	000000ff 	.word	0x000000ff
100051f0:	ffff8000 	.word	0xffff8000
100051f4:	0000007f 	.word	0x0000007f
100051f8:	ffffe000 	.word	0xffffe000
100051fc:	0000003f 	.word	0x0000003f
10005200:	fffff800 	.word	0xfffff800
10005204:	0000001f 	.word	0x0000001f
10005208:	fffffe00 	.word	0xfffffe00
1000520c:	0000000f 	.word	0x0000000f
10005210:	ffffff80 	.word	0xffffff80
10005214:	00000007 	.word	0x00000007
10005218:	ffffffe0 	.word	0xffffffe0
1000521c:	00000003 	.word	0x00000003
10005220:	fffffff8 	.word	0xfffffff8
10005224:	00000001 	.word	0x00000001
10005228:	fffffffe 	.word	0xfffffffe
1000522c:	00000000 	.word	0x00000000
10005230:	80000000 	.word	0x80000000
10005234:	00000000 	.word	0x00000000
10005238:	40000000 	.word	0x40000000
1000523c:	00000000 	.word	0x00000000

10005240 <__wrap___aeabi_lmul>:
10005240:	4351      	muls	r1, r2
10005242:	4343      	muls	r3, r0
10005244:	18c9      	adds	r1, r1, r3
10005246:	468c      	mov	ip, r1
10005248:	0c11      	lsrs	r1, r2, #16
1000524a:	b283      	uxth	r3, r0
1000524c:	434b      	muls	r3, r1
1000524e:	b410      	push	{r4}
10005250:	0c04      	lsrs	r4, r0, #16
10005252:	4361      	muls	r1, r4
10005254:	b292      	uxth	r2, r2
10005256:	b280      	uxth	r0, r0
10005258:	4350      	muls	r0, r2
1000525a:	4362      	muls	r2, r4
1000525c:	041c      	lsls	r4, r3, #16
1000525e:	0c1b      	lsrs	r3, r3, #16
10005260:	1900      	adds	r0, r0, r4
10005262:	bc10      	pop	{r4}
10005264:	4159      	adcs	r1, r3
10005266:	0413      	lsls	r3, r2, #16
10005268:	0c12      	lsrs	r2, r2, #16
1000526a:	18c0      	adds	r0, r0, r3
1000526c:	4151      	adcs	r1, r2
1000526e:	4461      	add	r1, ip
10005270:	4770      	bx	lr
	...

10005274 <__wrap___aeabi_frsub>:
10005274:	4048      	eors	r0, r1
10005276:	4041      	eors	r1, r0
10005278:	4048      	eors	r0, r1

1000527a <__wrap___aeabi_fsub>:
1000527a:	4b0e      	ldr	r3, [pc, #56]	@ (100052b4 <__wrap___aeabi_fmul+0x6>)
1000527c:	685b      	ldr	r3, [r3, #4]
1000527e:	4718      	bx	r3

10005280 <__wrap___aeabi_fadd>:
10005280:	4b0c      	ldr	r3, [pc, #48]	@ (100052b4 <__wrap___aeabi_fmul+0x6>)
10005282:	681b      	ldr	r3, [r3, #0]
10005284:	4718      	bx	r3

10005286 <__wrap___aeabi_fdiv>:
10005286:	4a0c      	ldr	r2, [pc, #48]	@ (100052b8 <__wrap___aeabi_fmul+0xa>)
10005288:	6f93      	ldr	r3, [r2, #120]	@ 0x78
1000528a:	089b      	lsrs	r3, r3, #2
1000528c:	d202      	bcs.n	10005294 <fdiv_save_state>

1000528e <fdiv_shim_call>:
1000528e:	4b09      	ldr	r3, [pc, #36]	@ (100052b4 <__wrap___aeabi_fmul+0x6>)
10005290:	68db      	ldr	r3, [r3, #12]
10005292:	4718      	bx	r3

10005294 <fdiv_save_state>:
10005294:	b5f0      	push	{r4, r5, r6, r7, lr}
10005296:	6e14      	ldr	r4, [r2, #96]	@ 0x60
10005298:	6e55      	ldr	r5, [r2, #100]	@ 0x64
1000529a:	6f57      	ldr	r7, [r2, #116]	@ 0x74
1000529c:	6f16      	ldr	r6, [r2, #112]	@ 0x70
1000529e:	f7ff fff6 	bl	1000528e <fdiv_shim_call>
100052a2:	4a05      	ldr	r2, [pc, #20]	@ (100052b8 <__wrap___aeabi_fmul+0xa>)
100052a4:	6614      	str	r4, [r2, #96]	@ 0x60
100052a6:	6655      	str	r5, [r2, #100]	@ 0x64
100052a8:	6757      	str	r7, [r2, #116]	@ 0x74
100052aa:	6716      	str	r6, [r2, #112]	@ 0x70
100052ac:	bdf0      	pop	{r4, r5, r6, r7, pc}

100052ae <__wrap___aeabi_fmul>:
100052ae:	4b01      	ldr	r3, [pc, #4]	@ (100052b4 <__wrap___aeabi_fmul+0x6>)
100052b0:	689b      	ldr	r3, [r3, #8]
100052b2:	4718      	bx	r3
100052b4:	20001318 	.word	0x20001318
100052b8:	d0000000 	.word	0xd0000000

100052bc <__wrap___aeabi_cfrcmple>:
100052bc:	b507      	push	{r0, r1, r2, lr}
100052be:	4048      	eors	r0, r1
100052c0:	4041      	eors	r1, r0
100052c2:	4048      	eors	r0, r1
100052c4:	e001      	b.n	100052ca <__aeabi_cfcmple_guts>
100052c6:	46c0      	nop			@ (mov r8, r8)

100052c8 <__wrap___aeabi_cfcmpeq>:
100052c8:	b507      	push	{r0, r1, r2, lr}

100052ca <__aeabi_cfcmple_guts>:
100052ca:	0042      	lsls	r2, r0, #1
100052cc:	0e12      	lsrs	r2, r2, #24
100052ce:	d003      	beq.n	100052d8 <__aeabi_cfcmple_guts+0xe>
100052d0:	2aff      	cmp	r2, #255	@ 0xff
100052d2:	d103      	bne.n	100052dc <__aeabi_cfcmple_guts+0x12>
100052d4:	0242      	lsls	r2, r0, #9
100052d6:	d818      	bhi.n	1000530a <__aeabi_cfcmple_guts+0x40>
100052d8:	0dc0      	lsrs	r0, r0, #23
100052da:	05c0      	lsls	r0, r0, #23
100052dc:	004a      	lsls	r2, r1, #1
100052de:	0e12      	lsrs	r2, r2, #24
100052e0:	d003      	beq.n	100052ea <__aeabi_cfcmple_guts+0x20>
100052e2:	2aff      	cmp	r2, #255	@ 0xff
100052e4:	d103      	bne.n	100052ee <__aeabi_cfcmple_guts+0x24>
100052e6:	024a      	lsls	r2, r1, #9
100052e8:	d80f      	bhi.n	1000530a <__aeabi_cfcmple_guts+0x40>
100052ea:	0dc9      	lsrs	r1, r1, #23
100052ec:	05c9      	lsls	r1, r1, #23
100052ee:	2201      	movs	r2, #1
100052f0:	4041      	eors	r1, r0
100052f2:	d405      	bmi.n	10005300 <__aeabi_cfcmple_guts+0x36>
100052f4:	4041      	eors	r1, r0
100052f6:	d501      	bpl.n	100052fc <__aeabi_cfcmple_guts+0x32>
100052f8:	4281      	cmp	r1, r0
100052fa:	bd07      	pop	{r0, r1, r2, pc}
100052fc:	4288      	cmp	r0, r1
100052fe:	bd07      	pop	{r0, r1, r2, pc}
10005300:	4301      	orrs	r1, r0
10005302:	1849      	adds	r1, r1, r1
10005304:	d001      	beq.n	1000530a <__aeabi_cfcmple_guts+0x40>
10005306:	43c0      	mvns	r0, r0
10005308:	1800      	adds	r0, r0, r0
1000530a:	bd07      	pop	{r0, r1, r2, pc}

1000530c <__wrap___aeabi_fcmpeq>:
1000530c:	b500      	push	{lr}
1000530e:	f7ff ffdb 	bl	100052c8 <__wrap___aeabi_cfcmpeq>
10005312:	d001      	beq.n	10005318 <__wrap___aeabi_fcmpeq+0xc>
10005314:	2000      	movs	r0, #0
10005316:	bd00      	pop	{pc}
10005318:	2001      	movs	r0, #1
1000531a:	bd00      	pop	{pc}

1000531c <__wrap___aeabi_ui2f>:
1000531c:	1a49      	subs	r1, r1, r1
1000531e:	2800      	cmp	r0, #0
10005320:	d108      	bne.n	10005334 <__aeabi_i2f_main>
10005322:	4608      	mov	r0, r1
10005324:	4770      	bx	lr
	...

10005328 <__wrap___aeabi_i2f>:
10005328:	0fc1      	lsrs	r1, r0, #31
1000532a:	07c9      	lsls	r1, r1, #31
1000532c:	d500      	bpl.n	10005330 <__wrap___aeabi_i2f+0x8>
1000532e:	4240      	negs	r0, r0
10005330:	2800      	cmp	r0, #0
10005332:	d017      	beq.n	10005364 <__aeabi_i2f_main+0x30>

10005334 <__aeabi_i2f_main>:
10005334:	46f4      	mov	ip, lr
10005336:	b403      	push	{r0, r1}
10005338:	4b0b      	ldr	r3, [pc, #44]	@ (10005368 <__aeabi_i2f_main+0x34>)
1000533a:	681b      	ldr	r3, [r3, #0]
1000533c:	4798      	blx	r3
1000533e:	bc06      	pop	{r1, r2}
10005340:	4081      	lsls	r1, r0
10005342:	389e      	subs	r0, #158	@ 0x9e
10005344:	4240      	negs	r0, r0
10005346:	3180      	adds	r1, #128	@ 0x80
10005348:	d207      	bcs.n	1000535a <__aeabi_i2f_main+0x26>
1000534a:	060b      	lsls	r3, r1, #24
1000534c:	d007      	beq.n	1000535e <__aeabi_i2f_main+0x2a>
1000534e:	0049      	lsls	r1, r1, #1
10005350:	0a49      	lsrs	r1, r1, #9
10005352:	05c0      	lsls	r0, r0, #23
10005354:	4310      	orrs	r0, r2
10005356:	4308      	orrs	r0, r1
10005358:	4760      	bx	ip
1000535a:	3001      	adds	r0, #1
1000535c:	e7f8      	b.n	10005350 <__aeabi_i2f_main+0x1c>
1000535e:	0a49      	lsrs	r1, r1, #9
10005360:	0289      	lsls	r1, r1, #10
10005362:	e7f5      	b.n	10005350 <__aeabi_i2f_main+0x1c>
10005364:	4770      	bx	lr
10005366:	0000      	.short	0x0000
10005368:	20002120 	.word	0x20002120

1000536c <__wrap___aeabi_f2iz>:
1000536c:	0041      	lsls	r1, r0, #1
1000536e:	0e0a      	lsrs	r2, r1, #24
10005370:	2380      	movs	r3, #128	@ 0x80
10005372:	061b      	lsls	r3, r3, #24
10005374:	2a7e      	cmp	r2, #126	@ 0x7e
10005376:	dd0b      	ble.n	10005390 <__wrap___aeabi_f2iz+0x24>
10005378:	3a9e      	subs	r2, #158	@ 0x9e
1000537a:	da0b      	bge.n	10005394 <__wrap___aeabi_f2iz+0x28>
1000537c:	17c1      	asrs	r1, r0, #31
1000537e:	0240      	lsls	r0, r0, #9
10005380:	0840      	lsrs	r0, r0, #1
10005382:	4318      	orrs	r0, r3
10005384:	4252      	negs	r2, r2
10005386:	40d0      	lsrs	r0, r2
10005388:	0049      	lsls	r1, r1, #1
1000538a:	3101      	adds	r1, #1
1000538c:	4348      	muls	r0, r1
1000538e:	4770      	bx	lr
10005390:	2000      	movs	r0, #0
10005392:	4770      	bx	lr
10005394:	0fc0      	lsrs	r0, r0, #31
10005396:	18c0      	adds	r0, r0, r3
10005398:	3801      	subs	r0, #1
1000539a:	4770      	bx	lr
1000539c:	42c0      	cmn	r0, r0
1000539e:	d30d      	bcc.n	100053bc <float2int>
100053a0:	b500      	push	{lr}
100053a2:	0040      	lsls	r0, r0, #1
100053a4:	0840      	lsrs	r0, r0, #1
100053a6:	2100      	movs	r1, #0
100053a8:	f000 f812 	bl	100053d0 <__wrap___aeabi_f2uiz>
100053ac:	2800      	cmp	r0, #0
100053ae:	d401      	bmi.n	100053b4 <__wrap___aeabi_f2iz+0x48>
100053b0:	4240      	negs	r0, r0
100053b2:	bd00      	pop	{pc}
100053b4:	2080      	movs	r0, #128	@ 0x80
100053b6:	0600      	lsls	r0, r0, #24
100053b8:	bd00      	pop	{pc}
	...

100053bc <float2int>:
100053bc:	4b03      	ldr	r3, [pc, #12]	@ (100053cc <float2int+0x10>)
100053be:	69db      	ldr	r3, [r3, #28]
100053c0:	46fc      	mov	ip, pc
100053c2:	4718      	bx	r3
100053c4:	57cddf1c 	.word	0x57cddf1c
100053c8:	00001000 	.word	0x00001000
100053cc:	20001318 	.word	0x20001318

100053d0 <__wrap___aeabi_f2uiz>:
100053d0:	4b01      	ldr	r3, [pc, #4]	@ (100053d8 <__wrap___aeabi_f2uiz+0x8>)
100053d2:	6a5b      	ldr	r3, [r3, #36]	@ 0x24
100053d4:	4718      	bx	r3
100053d6:	0000      	.short	0x0000
100053d8:	20001318 	.word	0x20001318

100053dc <__wrap___aeabi_f2d>:
100053dc:	4b03      	ldr	r3, [pc, #12]	@ (100053ec <__wrap___aeabi_f2d+0x10>)
100053de:	6fdb      	ldr	r3, [r3, #124]	@ 0x7c
100053e0:	46fc      	mov	ip, pc
100053e2:	4718      	bx	r3
100053e4:	57e5df7c 	.word	0x57e5df7c
100053e8:	00001000 	.word	0x00001000
100053ec:	20001318 	.word	0x20001318

100053f0 <__aeabi_float_init>:
100053f0:	2313      	movs	r3, #19
100053f2:	b510      	push	{r4, lr}
100053f4:	4812      	ldr	r0, [pc, #72]	@ (10005440 <__aeabi_float_init+0x50>)
100053f6:	781c      	ldrb	r4, [r3, #0]
100053f8:	f7fe fd96 	bl	10003f28 <rom_data_lookup>
100053fc:	0001      	movs	r1, r0
100053fe:	2c01      	cmp	r4, #1
10005400:	d00a      	beq.n	10005418 <__aeabi_float_init+0x28>
10005402:	dd03      	ble.n	1000540c <__aeabi_float_init+0x1c>
10005404:	2280      	movs	r2, #128	@ 0x80
10005406:	480f      	ldr	r0, [pc, #60]	@ (10005444 <__aeabi_float_init+0x54>)
10005408:	f000 fa12 	bl	10005830 <__wrap___aeabi_memcpy>
1000540c:	480e      	ldr	r0, [pc, #56]	@ (10005448 <__aeabi_float_init+0x58>)
1000540e:	f7fe fd83 	bl	10003f18 <rom_func_lookup>
10005412:	4b0e      	ldr	r3, [pc, #56]	@ (1000544c <__aeabi_float_init+0x5c>)
10005414:	6018      	str	r0, [r3, #0]
10005416:	bd10      	pop	{r4, pc}
10005418:	4c0a      	ldr	r4, [pc, #40]	@ (10005444 <__aeabi_float_init+0x54>)
1000541a:	2254      	movs	r2, #84	@ 0x54
1000541c:	0020      	movs	r0, r4
1000541e:	f000 fa07 	bl	10005830 <__wrap___aeabi_memcpy>
10005422:	4b0b      	ldr	r3, [pc, #44]	@ (10005450 <__aeabi_float_init+0x60>)
10005424:	6563      	str	r3, [r4, #84]	@ 0x54
10005426:	65a3      	str	r3, [r4, #88]	@ 0x58
10005428:	65e3      	str	r3, [r4, #92]	@ 0x5c
1000542a:	6623      	str	r3, [r4, #96]	@ 0x60
1000542c:	6663      	str	r3, [r4, #100]	@ 0x64
1000542e:	66a3      	str	r3, [r4, #104]	@ 0x68
10005430:	66e3      	str	r3, [r4, #108]	@ 0x6c
10005432:	6723      	str	r3, [r4, #112]	@ 0x70
10005434:	6763      	str	r3, [r4, #116]	@ 0x74
10005436:	67a3      	str	r3, [r4, #120]	@ 0x78
10005438:	67e3      	str	r3, [r4, #124]	@ 0x7c
1000543a:	6223      	str	r3, [r4, #32]
1000543c:	61e3      	str	r3, [r4, #28]
1000543e:	e7e5      	b.n	1000540c <__aeabi_float_init+0x1c>
10005440:	00004653 	.word	0x00004653
10005444:	20001318 	.word	0x20001318
10005448:	0000334c 	.word	0x0000334c
1000544c:	20002120 	.word	0x20002120
10005450:	100057a1 	.word	0x100057a1

10005454 <fpow_int2>:
10005454:	b5f8      	push	{r3, r4, r5, r6, r7, lr}
10005456:	46ce      	mov	lr, r9
10005458:	4647      	mov	r7, r8
1000545a:	000c      	movs	r4, r1
1000545c:	b580      	push	{r7, lr}
1000545e:	1c05      	adds	r5, r0, #0
10005460:	2901      	cmp	r1, #1
10005462:	d04a      	beq.n	100054fa <fpow_int2+0xa6>
10005464:	0fce      	lsrs	r6, r1, #31
10005466:	1876      	adds	r6, r6, r1
10005468:	1076      	asrs	r6, r6, #1
1000546a:	2e01      	cmp	r6, #1
1000546c:	d03d      	beq.n	100054ea <fpow_int2+0x96>
1000546e:	2703      	movs	r7, #3
10005470:	17ca      	asrs	r2, r1, #31
10005472:	4017      	ands	r7, r2
10005474:	187f      	adds	r7, r7, r1
10005476:	10bf      	asrs	r7, r7, #2
10005478:	2f01      	cmp	r7, #1
1000547a:	d02e      	beq.n	100054da <fpow_int2+0x86>
1000547c:	2307      	movs	r3, #7
1000547e:	4013      	ands	r3, r2
10005480:	185b      	adds	r3, r3, r1
10005482:	10db      	asrs	r3, r3, #3
10005484:	4698      	mov	r8, r3
10005486:	2b01      	cmp	r3, #1
10005488:	d022      	beq.n	100054d0 <fpow_int2+0x7c>
1000548a:	230f      	movs	r3, #15
1000548c:	4013      	ands	r3, r2
1000548e:	185b      	adds	r3, r3, r1
10005490:	111b      	asrs	r3, r3, #4
10005492:	4699      	mov	r9, r3
10005494:	2b01      	cmp	r3, #1
10005496:	d012      	beq.n	100054be <fpow_int2+0x6a>
10005498:	000b      	movs	r3, r1
1000549a:	3b20      	subs	r3, #32
1000549c:	2b1f      	cmp	r3, #31
1000549e:	d905      	bls.n	100054ac <fpow_int2+0x58>
100054a0:	2100      	movs	r1, #0
100054a2:	f7ff ffd7 	bl	10005454 <fpow_int2>
100054a6:	1c01      	adds	r1, r0, #0
100054a8:	f7ff ff01 	bl	100052ae <__wrap___aeabi_fmul>
100054ac:	1c01      	adds	r1, r0, #0
100054ae:	f7ff fefe 	bl	100052ae <__wrap___aeabi_fmul>
100054b2:	464b      	mov	r3, r9
100054b4:	07db      	lsls	r3, r3, #31
100054b6:	d502      	bpl.n	100054be <fpow_int2+0x6a>
100054b8:	1c29      	adds	r1, r5, #0
100054ba:	f7ff fef8 	bl	100052ae <__wrap___aeabi_fmul>
100054be:	1c01      	adds	r1, r0, #0
100054c0:	f7ff fef5 	bl	100052ae <__wrap___aeabi_fmul>
100054c4:	4643      	mov	r3, r8
100054c6:	07db      	lsls	r3, r3, #31
100054c8:	d502      	bpl.n	100054d0 <fpow_int2+0x7c>
100054ca:	1c29      	adds	r1, r5, #0
100054cc:	f7ff feef 	bl	100052ae <__wrap___aeabi_fmul>
100054d0:	1c01      	adds	r1, r0, #0
100054d2:	f7ff feec 	bl	100052ae <__wrap___aeabi_fmul>
100054d6:	07ff      	lsls	r7, r7, #31
100054d8:	d413      	bmi.n	10005502 <fpow_int2+0xae>
100054da:	1c01      	adds	r1, r0, #0
100054dc:	f7ff fee7 	bl	100052ae <__wrap___aeabi_fmul>
100054e0:	07f6      	lsls	r6, r6, #31
100054e2:	d502      	bpl.n	100054ea <fpow_int2+0x96>
100054e4:	1c29      	adds	r1, r5, #0
100054e6:	f7ff fee2 	bl	100052ae <__wrap___aeabi_fmul>
100054ea:	1c01      	adds	r1, r0, #0
100054ec:	f7ff fedf 	bl	100052ae <__wrap___aeabi_fmul>
100054f0:	07e4      	lsls	r4, r4, #31
100054f2:	d502      	bpl.n	100054fa <fpow_int2+0xa6>
100054f4:	1c29      	adds	r1, r5, #0
100054f6:	f7ff feda 	bl	100052ae <__wrap___aeabi_fmul>
100054fa:	bcc0      	pop	{r6, r7}
100054fc:	46b9      	mov	r9, r7
100054fe:	46b0      	mov	r8, r6
10005500:	bdf8      	pop	{r3, r4, r5, r6, r7, pc}
10005502:	1c29      	adds	r1, r5, #0
10005504:	f7ff fed3 	bl	100052ae <__wrap___aeabi_fmul>
10005508:	e7e7      	b.n	100054da <fpow_int2+0x86>
1000550a:	46c0      	nop			@ (mov r8, r8)

1000550c <fpow_0>:
1000550c:	b5f8      	push	{r3, r4, r5, r6, r7, lr}
1000550e:	0004      	movs	r4, r0
10005510:	1c06      	adds	r6, r0, #0
10005512:	1c0d      	adds	r5, r1, #0
10005514:	2800      	cmp	r0, #0
10005516:	da17      	bge.n	10005548 <fpow_0+0x3c>
10005518:	004b      	lsls	r3, r1, #1
1000551a:	0e1b      	lsrs	r3, r3, #24
1000551c:	3b7f      	subs	r3, #127	@ 0x7f
1000551e:	d40e      	bmi.n	1000553e <fpow_0+0x32>
10005520:	2217      	movs	r2, #23
10005522:	1ad3      	subs	r3, r2, r3
10005524:	d40b      	bmi.n	1000553e <fpow_0+0x32>
10005526:	2101      	movs	r1, #1
10005528:	000a      	movs	r2, r1
1000552a:	409a      	lsls	r2, r3
1000552c:	3a01      	subs	r2, #1
1000552e:	422a      	tst	r2, r5
10005530:	d105      	bne.n	1000553e <fpow_0+0x32>
10005532:	2b17      	cmp	r3, #23
10005534:	d02b      	beq.n	1000558e <fpow_0+0x82>
10005536:	002a      	movs	r2, r5
10005538:	40da      	lsrs	r2, r3
1000553a:	4211      	tst	r1, r2
1000553c:	d127      	bne.n	1000558e <fpow_0+0x82>
1000553e:	2380      	movs	r3, #128	@ 0x80
10005540:	061b      	lsls	r3, r3, #24
10005542:	469c      	mov	ip, r3
10005544:	4464      	add	r4, ip
10005546:	1c26      	adds	r6, r4, #0
10005548:	1c28      	adds	r0, r5, #0
1000554a:	f7ff ff0f 	bl	1000536c <__wrap___aeabi_f2iz>
1000554e:	23ff      	movs	r3, #255	@ 0xff
10005550:	0022      	movs	r2, r4
10005552:	05db      	lsls	r3, r3, #23
10005554:	0007      	movs	r7, r0
10005556:	0001      	movs	r1, r0
10005558:	401a      	ands	r2, r3
1000555a:	421c      	tst	r4, r3
1000555c:	d022      	beq.n	100055a4 <fpow_0+0x98>
1000555e:	429a      	cmp	r2, r3
10005560:	d020      	beq.n	100055a4 <fpow_0+0x98>
10005562:	0263      	lsls	r3, r4, #9
10005564:	d11e      	bne.n	100055a4 <fpow_0+0x98>
10005566:	4b27      	ldr	r3, [pc, #156]	@ (10005604 <fpow_0+0xf8>)
10005568:	4298      	cmp	r0, r3
1000556a:	db46      	blt.n	100055fa <fpow_0+0xee>
1000556c:	28ff      	cmp	r0, #255	@ 0xff
1000556e:	dc42      	bgt.n	100055f6 <fpow_0+0xea>
10005570:	0de4      	lsrs	r4, r4, #23
10005572:	3c7f      	subs	r4, #127	@ 0x7f
10005574:	4367      	muls	r7, r4
10005576:	003b      	movs	r3, r7
10005578:	337f      	adds	r3, #127	@ 0x7f
1000557a:	2000      	movs	r0, #0
1000557c:	2b00      	cmp	r3, #0
1000557e:	dd10      	ble.n	100055a2 <fpow_0+0x96>
10005580:	2bfe      	cmp	r3, #254	@ 0xfe
10005582:	dc3c      	bgt.n	100055fe <fpow_0+0xf2>
10005584:	23fe      	movs	r3, #254	@ 0xfe
10005586:	05ff      	lsls	r7, r7, #23
10005588:	059b      	lsls	r3, r3, #22
1000558a:	18f8      	adds	r0, r7, r3
1000558c:	e009      	b.n	100055a2 <fpow_0+0x96>
1000558e:	2380      	movs	r3, #128	@ 0x80
10005590:	061b      	lsls	r3, r3, #24
10005592:	18e0      	adds	r0, r4, r3
10005594:	1c29      	adds	r1, r5, #0
10005596:	f7ff ffb9 	bl	1000550c <fpow_0>
1000559a:	2380      	movs	r3, #128	@ 0x80
1000559c:	061b      	lsls	r3, r3, #24
1000559e:	469c      	mov	ip, r3
100055a0:	4460      	add	r0, ip
100055a2:	bdf8      	pop	{r3, r4, r5, r6, r7, pc}
100055a4:	2f00      	cmp	r7, #0
100055a6:	d010      	beq.n	100055ca <fpow_0+0xbe>
100055a8:	003b      	movs	r3, r7
100055aa:	3320      	adds	r3, #32
100055ac:	2b40      	cmp	r3, #64	@ 0x40
100055ae:	d80f      	bhi.n	100055d0 <fpow_0+0xc4>
100055b0:	2f00      	cmp	r7, #0
100055b2:	da06      	bge.n	100055c2 <fpow_0+0xb6>
100055b4:	20fe      	movs	r0, #254	@ 0xfe
100055b6:	1c31      	adds	r1, r6, #0
100055b8:	0580      	lsls	r0, r0, #22
100055ba:	f7ff fe64 	bl	10005286 <__wrap___aeabi_fdiv>
100055be:	4279      	negs	r1, r7
100055c0:	1c06      	adds	r6, r0, #0
100055c2:	1c30      	adds	r0, r6, #0
100055c4:	f7ff ff46 	bl	10005454 <fpow_int2>
100055c8:	e7eb      	b.n	100055a2 <fpow_0+0x96>
100055ca:	20fe      	movs	r0, #254	@ 0xfe
100055cc:	0580      	lsls	r0, r0, #22
100055ce:	e7e8      	b.n	100055a2 <fpow_0+0x96>
100055d0:	1c30      	adds	r0, r6, #0
100055d2:	f7ff ff03 	bl	100053dc <__wrap___aeabi_f2d>
100055d6:	f7ff f939 	bl	1000484c <__wrap_log>
100055da:	0006      	movs	r6, r0
100055dc:	000f      	movs	r7, r1
100055de:	1c28      	adds	r0, r5, #0
100055e0:	f7ff fefc 	bl	100053dc <__wrap___aeabi_f2d>
100055e4:	0032      	movs	r2, r6
100055e6:	003b      	movs	r3, r7
100055e8:	f7ff f861 	bl	100046ae <__wrap___aeabi_dmul>
100055ec:	f7ff f922 	bl	10004834 <__wrap_exp>
100055f0:	f7ff f914 	bl	1000481c <__wrap___aeabi_d2f>
100055f4:	e7d5      	b.n	100055a2 <fpow_0+0x96>
100055f6:	27ff      	movs	r7, #255	@ 0xff
100055f8:	e7ba      	b.n	10005570 <fpow_0+0x64>
100055fa:	001f      	movs	r7, r3
100055fc:	e7b8      	b.n	10005570 <fpow_0+0x64>
100055fe:	20ff      	movs	r0, #255	@ 0xff
10005600:	05c0      	lsls	r0, r0, #23
10005602:	e7ce      	b.n	100055a2 <fpow_0+0x96>
10005604:	ffffff00 	.word	0xffffff00

10005608 <__wrap_powf>:
10005608:	b5f0      	push	{r4, r5, r6, r7, lr}
1000560a:	46c6      	mov	lr, r8
1000560c:	1c0c      	adds	r4, r1, #0
1000560e:	21fe      	movs	r1, #254	@ 0xfe
10005610:	b500      	push	{lr}
10005612:	0589      	lsls	r1, r1, #22
10005614:	1c07      	adds	r7, r0, #0
10005616:	f7ff fe79 	bl	1000530c <__wrap___aeabi_fcmpeq>
1000561a:	1c3d      	adds	r5, r7, #0
1000561c:	2800      	cmp	r0, #0
1000561e:	d12d      	bne.n	1000567c <__wrap_powf+0x74>
10005620:	26ff      	movs	r6, #255	@ 0xff
10005622:	05f6      	lsls	r6, r6, #23
10005624:	0033      	movs	r3, r6
10005626:	4023      	ands	r3, r4
10005628:	4698      	mov	r8, r3
1000562a:	4226      	tst	r6, r4
1000562c:	d02a      	beq.n	10005684 <__wrap_powf+0x7c>
1000562e:	4959      	ldr	r1, [pc, #356]	@ (10005794 <__wrap_powf+0x18c>)
10005630:	1c38      	adds	r0, r7, #0
10005632:	f7ff fe6b 	bl	1000530c <__wrap___aeabi_fcmpeq>
10005636:	2800      	cmp	r0, #0
10005638:	d027      	beq.n	1000568a <__wrap_powf+0x82>
1000563a:	45b0      	cmp	r8, r6
1000563c:	d022      	beq.n	10005684 <__wrap_powf+0x7c>
1000563e:	2580      	movs	r5, #128	@ 0x80
10005640:	4a54      	ldr	r2, [pc, #336]	@ (10005794 <__wrap_powf+0x18c>)
10005642:	0de3      	lsrs	r3, r4, #23
10005644:	35ff      	adds	r5, #255	@ 0xff
10005646:	2bff      	cmp	r3, #255	@ 0xff
10005648:	d05c      	beq.n	10005704 <__wrap_powf+0xfc>
1000564a:	4953      	ldr	r1, [pc, #332]	@ (10005798 <__wrap_powf+0x190>)
1000564c:	428b      	cmp	r3, r1
1000564e:	d054      	beq.n	100056fa <__wrap_powf+0xf2>
10005650:	20ff      	movs	r0, #255	@ 0xff
10005652:	0001      	movs	r1, r0
10005654:	4019      	ands	r1, r3
10005656:	4218      	tst	r0, r3
10005658:	d00b      	beq.n	10005672 <__wrap_powf+0x6a>
1000565a:	397f      	subs	r1, #127	@ 0x7f
1000565c:	d457      	bmi.n	1000570e <__wrap_powf+0x106>
1000565e:	2317      	movs	r3, #23
10005660:	1a5b      	subs	r3, r3, r1
10005662:	2b00      	cmp	r3, #0
10005664:	dd05      	ble.n	10005672 <__wrap_powf+0x6a>
10005666:	2101      	movs	r1, #1
10005668:	4099      	lsls	r1, r3
1000566a:	000b      	movs	r3, r1
1000566c:	3b01      	subs	r3, #1
1000566e:	4223      	tst	r3, r4
10005670:	d14d      	bne.n	1000570e <__wrap_powf+0x106>
10005672:	1c21      	adds	r1, r4, #0
10005674:	1c38      	adds	r0, r7, #0
10005676:	f7ff ff49 	bl	1000550c <fpow_0>
1000567a:	1c05      	adds	r5, r0, #0
1000567c:	1c28      	adds	r0, r5, #0
1000567e:	bc80      	pop	{r7}
10005680:	46b8      	mov	r8, r7
10005682:	bdf0      	pop	{r4, r5, r6, r7, pc}
10005684:	25fe      	movs	r5, #254	@ 0xfe
10005686:	05ad      	lsls	r5, r5, #22
10005688:	e7f8      	b.n	1000567c <__wrap_powf+0x74>
1000568a:	003a      	movs	r2, r7
1000568c:	423e      	tst	r6, r7
1000568e:	d114      	bne.n	100056ba <__wrap_powf+0xb2>
10005690:	0de3      	lsrs	r3, r4, #23
10005692:	2c00      	cmp	r4, #0
10005694:	db19      	blt.n	100056ca <__wrap_powf+0xc2>
10005696:	3b7f      	subs	r3, #127	@ 0x7f
10005698:	d40d      	bmi.n	100056b6 <__wrap_powf+0xae>
1000569a:	2217      	movs	r2, #23
1000569c:	1ad3      	subs	r3, r2, r3
1000569e:	d40a      	bmi.n	100056b6 <__wrap_powf+0xae>
100056a0:	2101      	movs	r1, #1
100056a2:	000a      	movs	r2, r1
100056a4:	409a      	lsls	r2, r3
100056a6:	3a01      	subs	r2, #1
100056a8:	4222      	tst	r2, r4
100056aa:	d104      	bne.n	100056b6 <__wrap_powf+0xae>
100056ac:	2b17      	cmp	r3, #23
100056ae:	d0e5      	beq.n	1000567c <__wrap_powf+0x74>
100056b0:	40dc      	lsrs	r4, r3
100056b2:	4221      	tst	r1, r4
100056b4:	d1e2      	bne.n	1000567c <__wrap_powf+0x74>
100056b6:	2500      	movs	r5, #0
100056b8:	e7e0      	b.n	1000567c <__wrap_powf+0x74>
100056ba:	0dfd      	lsrs	r5, r7, #23
100056bc:	2dff      	cmp	r5, #255	@ 0xff
100056be:	d13c      	bne.n	1000573a <__wrap_powf+0x132>
100056c0:	2c00      	cmp	r4, #0
100056c2:	dbf8      	blt.n	100056b6 <__wrap_powf+0xae>
100056c4:	25ff      	movs	r5, #255	@ 0xff
100056c6:	05ed      	lsls	r5, r5, #23
100056c8:	e7d8      	b.n	1000567c <__wrap_powf+0x74>
100056ca:	22ff      	movs	r2, #255	@ 0xff
100056cc:	4013      	ands	r3, r2
100056ce:	3b7f      	subs	r3, #127	@ 0x7f
100056d0:	d4f8      	bmi.n	100056c4 <__wrap_powf+0xbc>
100056d2:	3ae8      	subs	r2, #232	@ 0xe8
100056d4:	1ad3      	subs	r3, r2, r3
100056d6:	d4f5      	bmi.n	100056c4 <__wrap_powf+0xbc>
100056d8:	2101      	movs	r1, #1
100056da:	000a      	movs	r2, r1
100056dc:	409a      	lsls	r2, r3
100056de:	3a01      	subs	r2, #1
100056e0:	4222      	tst	r2, r4
100056e2:	d1ef      	bne.n	100056c4 <__wrap_powf+0xbc>
100056e4:	2b17      	cmp	r3, #23
100056e6:	d002      	beq.n	100056ee <__wrap_powf+0xe6>
100056e8:	40dc      	lsrs	r4, r3
100056ea:	4221      	tst	r1, r4
100056ec:	d0ea      	beq.n	100056c4 <__wrap_powf+0xbc>
100056ee:	25ff      	movs	r5, #255	@ 0xff
100056f0:	0fff      	lsrs	r7, r7, #31
100056f2:	07ff      	lsls	r7, r7, #31
100056f4:	05ed      	lsls	r5, r5, #23
100056f6:	433d      	orrs	r5, r7
100056f8:	e7c0      	b.n	1000567c <__wrap_powf+0x74>
100056fa:	23ff      	movs	r3, #255	@ 0xff
100056fc:	402b      	ands	r3, r5
100056fe:	2b7e      	cmp	r3, #126	@ 0x7e
10005700:	d9e0      	bls.n	100056c4 <__wrap_powf+0xbc>
10005702:	e7d8      	b.n	100056b6 <__wrap_powf+0xae>
10005704:	402b      	ands	r3, r5
10005706:	2b7e      	cmp	r3, #126	@ 0x7e
10005708:	d8dc      	bhi.n	100056c4 <__wrap_powf+0xbc>
1000570a:	2500      	movs	r5, #0
1000570c:	e7b6      	b.n	1000567c <__wrap_powf+0x74>
1000570e:	2a00      	cmp	r2, #0
10005710:	dbd8      	blt.n	100056c4 <__wrap_powf+0xbc>
10005712:	1c38      	adds	r0, r7, #0
10005714:	f7ff fe62 	bl	100053dc <__wrap___aeabi_f2d>
10005718:	f7ff f898 	bl	1000484c <__wrap_log>
1000571c:	0006      	movs	r6, r0
1000571e:	000f      	movs	r7, r1
10005720:	1c20      	adds	r0, r4, #0
10005722:	f7ff fe5b 	bl	100053dc <__wrap___aeabi_f2d>
10005726:	0032      	movs	r2, r6
10005728:	003b      	movs	r3, r7
1000572a:	f7fe ffc0 	bl	100046ae <__wrap___aeabi_dmul>
1000572e:	f7ff f881 	bl	10004834 <__wrap_exp>
10005732:	f7ff f873 	bl	1000481c <__wrap___aeabi_d2f>
10005736:	1c05      	adds	r5, r0, #0
10005738:	e7a0      	b.n	1000567c <__wrap_powf+0x74>
1000573a:	4917      	ldr	r1, [pc, #92]	@ (10005798 <__wrap_powf+0x190>)
1000573c:	0de3      	lsrs	r3, r4, #23
1000573e:	428d      	cmp	r5, r1
10005740:	d000      	beq.n	10005744 <__wrap_powf+0x13c>
10005742:	e780      	b.n	10005646 <__wrap_powf+0x3e>
10005744:	2c00      	cmp	r4, #0
10005746:	db10      	blt.n	1000576a <__wrap_powf+0x162>
10005748:	3b7f      	subs	r3, #127	@ 0x7f
1000574a:	d4bb      	bmi.n	100056c4 <__wrap_powf+0xbc>
1000574c:	2217      	movs	r2, #23
1000574e:	1ad3      	subs	r3, r2, r3
10005750:	d4b8      	bmi.n	100056c4 <__wrap_powf+0xbc>
10005752:	3a16      	subs	r2, #22
10005754:	409a      	lsls	r2, r3
10005756:	3a01      	subs	r2, #1
10005758:	4222      	tst	r2, r4
1000575a:	d1b3      	bne.n	100056c4 <__wrap_powf+0xbc>
1000575c:	2b17      	cmp	r3, #23
1000575e:	d002      	beq.n	10005766 <__wrap_powf+0x15e>
10005760:	40dc      	lsrs	r4, r3
10005762:	07e4      	lsls	r4, r4, #31
10005764:	d5ae      	bpl.n	100056c4 <__wrap_powf+0xbc>
10005766:	4d0d      	ldr	r5, [pc, #52]	@ (1000579c <__wrap_powf+0x194>)
10005768:	e788      	b.n	1000567c <__wrap_powf+0x74>
1000576a:	22ff      	movs	r2, #255	@ 0xff
1000576c:	4013      	ands	r3, r2
1000576e:	3b7f      	subs	r3, #127	@ 0x7f
10005770:	d4a1      	bmi.n	100056b6 <__wrap_powf+0xae>
10005772:	3ae8      	subs	r2, #232	@ 0xe8
10005774:	1ad3      	subs	r3, r2, r3
10005776:	d49e      	bmi.n	100056b6 <__wrap_powf+0xae>
10005778:	3a16      	subs	r2, #22
1000577a:	409a      	lsls	r2, r3
1000577c:	3a01      	subs	r2, #1
1000577e:	4222      	tst	r2, r4
10005780:	d199      	bne.n	100056b6 <__wrap_powf+0xae>
10005782:	2b17      	cmp	r3, #23
10005784:	d002      	beq.n	1000578c <__wrap_powf+0x184>
10005786:	40dc      	lsrs	r4, r3
10005788:	07e4      	lsls	r4, r4, #31
1000578a:	d594      	bpl.n	100056b6 <__wrap_powf+0xae>
1000578c:	2580      	movs	r5, #128	@ 0x80
1000578e:	062d      	lsls	r5, r5, #24
10005790:	e774      	b.n	1000567c <__wrap_powf+0x74>
10005792:	46c0      	nop			@ (mov r8, r8)
10005794:	bf800000 	.word	0xbf800000
10005798:	000001ff 	.word	0x000001ff
1000579c:	ff800000 	.word	0xff800000

100057a0 <float_table_shim_on_use_helper>:
100057a0:	b507      	push	{r0, r1, r2, lr}
100057a2:	4660      	mov	r0, ip
100057a4:	8801      	ldrh	r1, [r0, #0]
100057a6:	0a0a      	lsrs	r2, r1, #8
100057a8:	3002      	adds	r0, #2
100057aa:	2adf      	cmp	r2, #223	@ 0xdf
100057ac:	d1fa      	bne.n	100057a4 <float_table_shim_on_use_helper+0x4>
100057ae:	b2c9      	uxtb	r1, r1
100057b0:	0882      	lsrs	r2, r0, #2
100057b2:	d304      	bcc.n	100057be <float_table_shim_on_use_helper+0x1e>
100057b4:	8802      	ldrh	r2, [r0, #0]
100057b6:	8840      	ldrh	r0, [r0, #2]
100057b8:	0400      	lsls	r0, r0, #16
100057ba:	4310      	orrs	r0, r2
100057bc:	e000      	b.n	100057c0 <float_table_shim_on_use_helper+0x20>
100057be:	6800      	ldr	r0, [r0, #0]
100057c0:	4a01      	ldr	r2, [pc, #4]	@ (100057c8 <float_table_shim_on_use_helper+0x28>)
100057c2:	5050      	str	r0, [r2, r1]
100057c4:	9003      	str	r0, [sp, #12]
100057c6:	bd07      	pop	{r0, r1, r2, pc}
100057c8:	20001318 	.word	0x20001318

100057cc <float2int_shim>:
100057cc:	2100      	movs	r1, #0

100057ce <float2fix_shim>:
100057ce:	15c2      	asrs	r2, r0, #23
100057d0:	3280      	adds	r2, #128	@ 0x80
100057d2:	3280      	adds	r2, #128	@ 0x80
100057d4:	d001      	beq.n	100057da <float2fix_shim+0xc>
100057d6:	4a02      	ldr	r2, [pc, #8]	@ (100057e0 <float2fix_shim+0x12>)
100057d8:	4710      	bx	r2
100057da:	2000      	movs	r0, #0
100057dc:	4770      	bx	lr
100057de:	0000      	.short	0x0000
100057e0:	00002acd 	.word	0x00002acd

100057e4 <float2double_shim>:
100057e4:	0fc3      	lsrs	r3, r0, #31
100057e6:	07db      	lsls	r3, r3, #31
100057e8:	0041      	lsls	r1, r0, #1
100057ea:	0e0a      	lsrs	r2, r1, #24
100057ec:	d007      	beq.n	100057fe <float2double_shim+0x1a>
100057ee:	2aff      	cmp	r2, #255	@ 0xff
100057f0:	d008      	beq.n	10005804 <float2double_shim+0x20>
100057f2:	0909      	lsrs	r1, r1, #4
100057f4:	4a05      	ldr	r2, [pc, #20]	@ (1000580c <float2double_shim+0x28>)
100057f6:	1889      	adds	r1, r1, r2
100057f8:	4319      	orrs	r1, r3
100057fa:	0740      	lsls	r0, r0, #29
100057fc:	4770      	bx	lr
100057fe:	0019      	movs	r1, r3
10005800:	2000      	movs	r0, #0
10005802:	4770      	bx	lr
10005804:	4902      	ldr	r1, [pc, #8]	@ (10005810 <float2double_shim+0x2c>)
10005806:	18c9      	adds	r1, r1, r3
10005808:	e7fa      	b.n	10005800 <float2double_shim+0x1c>
1000580a:	0000      	.short	0x0000
1000580c:	38000000 	.word	0x38000000
10005810:	7ff00000 	.word	0x7ff00000

10005814 <__aeabi_mem_init>:
10005814:	4801      	ldr	r0, [pc, #4]	@ (1000581c <__aeabi_mem_init+0x8>)
10005816:	2104      	movs	r1, #4
10005818:	4b01      	ldr	r3, [pc, #4]	@ (10005820 <__aeabi_mem_init+0xc>)
1000581a:	4718      	bx	r3
1000581c:	20001040 	.word	0x20001040
10005820:	10003f39 	.word	0x10003f39

10005824 <__wrap_memset>:
10005824:	4b01      	ldr	r3, [pc, #4]	@ (1000582c <__wrap_memset+0x8>)
10005826:	681b      	ldr	r3, [r3, #0]
10005828:	4718      	bx	r3
1000582a:	0000      	.short	0x0000
1000582c:	20001040 	.word	0x20001040

10005830 <__wrap___aeabi_memcpy>:
10005830:	4b01      	ldr	r3, [pc, #4]	@ (10005838 <__wrap___aeabi_memcpy+0x8>)
10005832:	685b      	ldr	r3, [r3, #4]
10005834:	4718      	bx	r3
10005836:	0000      	.short	0x0000
10005838:	20001040 	.word	0x20001040

1000583c <_out_null>:
1000583c:	4770      	bx	lr
1000583e:	46c0      	nop			@ (mov r8, r8)

10005840 <_out_rev>:
10005840:	b5f8      	push	{r3, r4, r5, r6, r7, lr}
10005842:	4657      	mov	r7, sl
10005844:	46de      	mov	lr, fp
10005846:	464e      	mov	r6, r9
10005848:	4645      	mov	r5, r8
1000584a:	b5e0      	push	{r5, r6, r7, lr}
1000584c:	4699      	mov	r9, r3
1000584e:	9b0a      	ldr	r3, [sp, #40]	@ 0x28
10005850:	0007      	movs	r7, r0
10005852:	469a      	mov	sl, r3
10005854:	9b0d      	ldr	r3, [sp, #52]	@ 0x34
10005856:	4688      	mov	r8, r1
10005858:	4693      	mov	fp, r2
1000585a:	9c0b      	ldr	r4, [sp, #44]	@ 0x2c
1000585c:	079b      	lsls	r3, r3, #30
1000585e:	d13b      	bne.n	100058d8 <_out_rev+0x98>
10005860:	9b0c      	ldr	r3, [sp, #48]	@ 0x30
10005862:	429c      	cmp	r4, r3
10005864:	d23d      	bcs.n	100058e2 <_out_rev+0xa2>
10005866:	1b1e      	subs	r6, r3, r4
10005868:	940b      	str	r4, [sp, #44]	@ 0x2c
1000586a:	0015      	movs	r5, r2
1000586c:	000c      	movs	r4, r1
1000586e:	445e      	add	r6, fp
10005870:	002a      	movs	r2, r5
10005872:	464b      	mov	r3, r9
10005874:	3501      	adds	r5, #1
10005876:	0021      	movs	r1, r4
10005878:	2020      	movs	r0, #32
1000587a:	47b8      	blx	r7
1000587c:	42b5      	cmp	r5, r6
1000587e:	d1f7      	bne.n	10005870 <_out_rev+0x30>
10005880:	46a0      	mov	r8, r4
10005882:	9c0b      	ldr	r4, [sp, #44]	@ 0x2c
10005884:	2c00      	cmp	r4, #0
10005886:	d020      	beq.n	100058ca <_out_rev+0x8a>
10005888:	4645      	mov	r5, r8
1000588a:	1936      	adds	r6, r6, r4
1000588c:	4653      	mov	r3, sl
1000588e:	1b32      	subs	r2, r6, r4
10005890:	3c01      	subs	r4, #1
10005892:	5d18      	ldrb	r0, [r3, r4]
10005894:	0029      	movs	r1, r5
10005896:	464b      	mov	r3, r9
10005898:	47b8      	blx	r7
1000589a:	2c00      	cmp	r4, #0
1000589c:	d1f6      	bne.n	1000588c <_out_rev+0x4c>
1000589e:	002b      	movs	r3, r5
100058a0:	0035      	movs	r5, r6
100058a2:	4698      	mov	r8, r3
100058a4:	9b0d      	ldr	r3, [sp, #52]	@ 0x34
100058a6:	079b      	lsls	r3, r3, #30
100058a8:	d50f      	bpl.n	100058ca <_out_rev+0x8a>
100058aa:	465b      	mov	r3, fp
100058ac:	1aec      	subs	r4, r5, r3
100058ae:	9b0c      	ldr	r3, [sp, #48]	@ 0x30
100058b0:	42a3      	cmp	r3, r4
100058b2:	d90a      	bls.n	100058ca <_out_rev+0x8a>
100058b4:	4646      	mov	r6, r8
100058b6:	4698      	mov	r8, r3
100058b8:	002a      	movs	r2, r5
100058ba:	464b      	mov	r3, r9
100058bc:	0031      	movs	r1, r6
100058be:	2020      	movs	r0, #32
100058c0:	3401      	adds	r4, #1
100058c2:	47b8      	blx	r7
100058c4:	3501      	adds	r5, #1
100058c6:	4544      	cmp	r4, r8
100058c8:	d3f6      	bcc.n	100058b8 <_out_rev+0x78>
100058ca:	0028      	movs	r0, r5
100058cc:	bcf0      	pop	{r4, r5, r6, r7}
100058ce:	46bb      	mov	fp, r7
100058d0:	46b2      	mov	sl, r6
100058d2:	46a9      	mov	r9, r5
100058d4:	46a0      	mov	r8, r4
100058d6:	bdf8      	pop	{r3, r4, r5, r6, r7, pc}
100058d8:	0016      	movs	r6, r2
100058da:	0015      	movs	r5, r2
100058dc:	2c00      	cmp	r4, #0
100058de:	d1d3      	bne.n	10005888 <_out_rev+0x48>
100058e0:	e7e0      	b.n	100058a4 <_out_rev+0x64>
100058e2:	0016      	movs	r6, r2
100058e4:	0015      	movs	r5, r2
100058e6:	2c00      	cmp	r4, #0
100058e8:	d1ce      	bne.n	10005888 <_out_rev+0x48>
100058ea:	e7ee      	b.n	100058ca <_out_rev+0x8a>

100058ec <_ntoa_format>:
100058ec:	b5f0      	push	{r4, r5, r6, r7, lr}
100058ee:	4645      	mov	r5, r8
100058f0:	46de      	mov	lr, fp
100058f2:	4657      	mov	r7, sl
100058f4:	464e      	mov	r6, r9
100058f6:	b5e0      	push	{r5, r6, r7, lr}
100058f8:	b085      	sub	sp, #20
100058fa:	469c      	mov	ip, r3
100058fc:	ab10      	add	r3, sp, #64	@ 0x40
100058fe:	781b      	ldrb	r3, [r3, #0]
10005900:	9f14      	ldr	r7, [sp, #80]	@ 0x50
10005902:	4693      	mov	fp, r2
10005904:	4698      	mov	r8, r3
10005906:	9c0f      	ldr	r4, [sp, #60]	@ 0x3c
10005908:	9e12      	ldr	r6, [sp, #72]	@ 0x48
1000590a:	9d13      	ldr	r5, [sp, #76]	@ 0x4c
1000590c:	07bb      	lsls	r3, r7, #30
1000590e:	d44c      	bmi.n	100059aa <_ntoa_format+0xbe>
10005910:	2d00      	cmp	r5, #0
10005912:	d142      	bne.n	1000599a <_ntoa_format+0xae>
10005914:	42b4      	cmp	r4, r6
10005916:	d248      	bcs.n	100059aa <_ntoa_format+0xbe>
10005918:	2301      	movs	r3, #1
1000591a:	403b      	ands	r3, r7
1000591c:	4699      	mov	r9, r3
1000591e:	9b0e      	ldr	r3, [sp, #56]	@ 0x38
10005920:	3b01      	subs	r3, #1
10005922:	469a      	mov	sl, r3
10005924:	2330      	movs	r3, #48	@ 0x30
10005926:	e004      	b.n	10005932 <_ntoa_format+0x46>
10005928:	4652      	mov	r2, sl
1000592a:	3401      	adds	r4, #1
1000592c:	5513      	strb	r3, [r2, r4]
1000592e:	42a6      	cmp	r6, r4
10005930:	d901      	bls.n	10005936 <_ntoa_format+0x4a>
10005932:	2c20      	cmp	r4, #32
10005934:	d1f8      	bne.n	10005928 <_ntoa_format+0x3c>
10005936:	464b      	mov	r3, r9
10005938:	2b00      	cmp	r3, #0
1000593a:	d100      	bne.n	1000593e <_ntoa_format+0x52>
1000593c:	e083      	b.n	10005a46 <_ntoa_format+0x15a>
1000593e:	9b0e      	ldr	r3, [sp, #56]	@ 0x38
10005940:	3b01      	subs	r3, #1
10005942:	4699      	mov	r9, r3
10005944:	2330      	movs	r3, #48	@ 0x30
10005946:	42a5      	cmp	r5, r4
10005948:	d805      	bhi.n	10005956 <_ntoa_format+0x6a>
1000594a:	e02e      	b.n	100059aa <_ntoa_format+0xbe>
1000594c:	464a      	mov	r2, r9
1000594e:	3401      	adds	r4, #1
10005950:	5513      	strb	r3, [r2, r4]
10005952:	42ac      	cmp	r4, r5
10005954:	d029      	beq.n	100059aa <_ntoa_format+0xbe>
10005956:	2c20      	cmp	r4, #32
10005958:	d1f8      	bne.n	1000594c <_ntoa_format+0x60>
1000595a:	06fb      	lsls	r3, r7, #27
1000595c:	d50c      	bpl.n	10005978 <_ntoa_format+0x8c>
1000595e:	057b      	lsls	r3, r7, #21
10005960:	d454      	bmi.n	10005a0c <_ntoa_format+0x120>
10005962:	42a6      	cmp	r6, r4
10005964:	d063      	beq.n	10005a2e <_ntoa_format+0x142>
10005966:	42a5      	cmp	r5, r4
10005968:	d061      	beq.n	10005a2e <_ntoa_format+0x142>
1000596a:	9b11      	ldr	r3, [sp, #68]	@ 0x44
1000596c:	2b10      	cmp	r3, #16
1000596e:	d050      	beq.n	10005a12 <_ntoa_format+0x126>
10005970:	2b02      	cmp	r3, #2
10005972:	d057      	beq.n	10005a24 <_ntoa_format+0x138>
10005974:	2c20      	cmp	r4, #32
10005976:	d132      	bne.n	100059de <_ntoa_format+0xf2>
10005978:	2320      	movs	r3, #32
1000597a:	9301      	str	r3, [sp, #4]
1000597c:	9b0e      	ldr	r3, [sp, #56]	@ 0x38
1000597e:	465a      	mov	r2, fp
10005980:	9300      	str	r3, [sp, #0]
10005982:	9703      	str	r7, [sp, #12]
10005984:	4663      	mov	r3, ip
10005986:	9502      	str	r5, [sp, #8]
10005988:	f7ff ff5a 	bl	10005840 <_out_rev>
1000598c:	b005      	add	sp, #20
1000598e:	bcf0      	pop	{r4, r5, r6, r7}
10005990:	46bb      	mov	fp, r7
10005992:	46b2      	mov	sl, r6
10005994:	46a9      	mov	r9, r5
10005996:	46a0      	mov	r8, r4
10005998:	bdf0      	pop	{r4, r5, r6, r7, pc}
1000599a:	2301      	movs	r3, #1
1000599c:	403b      	ands	r3, r7
1000599e:	4699      	mov	r9, r3
100059a0:	2301      	movs	r3, #1
100059a2:	423b      	tst	r3, r7
100059a4:	d12a      	bne.n	100059fc <_ntoa_format+0x110>
100059a6:	42b4      	cmp	r4, r6
100059a8:	d3b9      	bcc.n	1000591e <_ntoa_format+0x32>
100059aa:	06fb      	lsls	r3, r7, #27
100059ac:	d51c      	bpl.n	100059e8 <_ntoa_format+0xfc>
100059ae:	057b      	lsls	r3, r7, #21
100059b0:	d4db      	bmi.n	1000596a <_ntoa_format+0x7e>
100059b2:	2c00      	cmp	r4, #0
100059b4:	d1d5      	bne.n	10005962 <_ntoa_format+0x76>
100059b6:	9b11      	ldr	r3, [sp, #68]	@ 0x44
100059b8:	2b10      	cmp	r3, #16
100059ba:	d05b      	beq.n	10005a74 <_ntoa_format+0x188>
100059bc:	9b11      	ldr	r3, [sp, #68]	@ 0x44
100059be:	2b02      	cmp	r3, #2
100059c0:	d06b      	beq.n	10005a9a <_ntoa_format+0x1ae>
100059c2:	2330      	movs	r3, #48	@ 0x30
100059c4:	2401      	movs	r4, #1
100059c6:	9a0e      	ldr	r2, [sp, #56]	@ 0x38
100059c8:	7013      	strb	r3, [r2, #0]
100059ca:	4643      	mov	r3, r8
100059cc:	2b00      	cmp	r3, #0
100059ce:	d110      	bne.n	100059f2 <_ntoa_format+0x106>
100059d0:	077b      	lsls	r3, r7, #29
100059d2:	d53e      	bpl.n	10005a52 <_ntoa_format+0x166>
100059d4:	262b      	movs	r6, #43	@ 0x2b
100059d6:	9a0e      	ldr	r2, [sp, #56]	@ 0x38
100059d8:	1c63      	adds	r3, r4, #1
100059da:	5516      	strb	r6, [r2, r4]
100059dc:	e7cd      	b.n	1000597a <_ntoa_format+0x8e>
100059de:	0023      	movs	r3, r4
100059e0:	3401      	adds	r4, #1
100059e2:	2630      	movs	r6, #48	@ 0x30
100059e4:	9a0e      	ldr	r2, [sp, #56]	@ 0x38
100059e6:	54d6      	strb	r6, [r2, r3]
100059e8:	2c20      	cmp	r4, #32
100059ea:	d0c5      	beq.n	10005978 <_ntoa_format+0x8c>
100059ec:	4643      	mov	r3, r8
100059ee:	2b00      	cmp	r3, #0
100059f0:	d0ee      	beq.n	100059d0 <_ntoa_format+0xe4>
100059f2:	262d      	movs	r6, #45	@ 0x2d
100059f4:	9a0e      	ldr	r2, [sp, #56]	@ 0x38
100059f6:	1c63      	adds	r3, r4, #1
100059f8:	5516      	strb	r6, [r2, r4]
100059fa:	e7be      	b.n	1000597a <_ntoa_format+0x8e>
100059fc:	4643      	mov	r3, r8
100059fe:	2b00      	cmp	r3, #0
10005a00:	d02f      	beq.n	10005a62 <_ntoa_format+0x176>
10005a02:	3d01      	subs	r5, #1
10005a04:	42b4      	cmp	r4, r6
10005a06:	d200      	bcs.n	10005a0a <_ntoa_format+0x11e>
10005a08:	e789      	b.n	1000591e <_ntoa_format+0x32>
10005a0a:	e798      	b.n	1000593e <_ntoa_format+0x52>
10005a0c:	9b11      	ldr	r3, [sp, #68]	@ 0x44
10005a0e:	2b10      	cmp	r3, #16
10005a10:	d1b2      	bne.n	10005978 <_ntoa_format+0x8c>
10005a12:	06bb      	lsls	r3, r7, #26
10005a14:	d537      	bpl.n	10005a86 <_ntoa_format+0x19a>
10005a16:	2c20      	cmp	r4, #32
10005a18:	d0ae      	beq.n	10005978 <_ntoa_format+0x8c>
10005a1a:	2358      	movs	r3, #88	@ 0x58
10005a1c:	9a0e      	ldr	r2, [sp, #56]	@ 0x38
10005a1e:	5513      	strb	r3, [r2, r4]
10005a20:	3401      	adds	r4, #1
10005a22:	e7a7      	b.n	10005974 <_ntoa_format+0x88>
10005a24:	2c20      	cmp	r4, #32
10005a26:	d0a7      	beq.n	10005978 <_ntoa_format+0x8c>
10005a28:	0023      	movs	r3, r4
10005a2a:	3401      	adds	r4, #1
10005a2c:	e007      	b.n	10005a3e <_ntoa_format+0x152>
10005a2e:	1e63      	subs	r3, r4, #1
10005a30:	2c01      	cmp	r4, #1
10005a32:	d0c0      	beq.n	100059b6 <_ntoa_format+0xca>
10005a34:	9a11      	ldr	r2, [sp, #68]	@ 0x44
10005a36:	2a10      	cmp	r2, #16
10005a38:	d031      	beq.n	10005a9e <_ntoa_format+0x1b2>
10005a3a:	2a02      	cmp	r2, #2
10005a3c:	d1d1      	bne.n	100059e2 <_ntoa_format+0xf6>
10005a3e:	2662      	movs	r6, #98	@ 0x62
10005a40:	9a0e      	ldr	r2, [sp, #56]	@ 0x38
10005a42:	54d6      	strb	r6, [r2, r3]
10005a44:	e796      	b.n	10005974 <_ntoa_format+0x88>
10005a46:	06fb      	lsls	r3, r7, #27
10005a48:	d5ce      	bpl.n	100059e8 <_ntoa_format+0xfc>
10005a4a:	057b      	lsls	r3, r7, #21
10005a4c:	d400      	bmi.n	10005a50 <_ntoa_format+0x164>
10005a4e:	e788      	b.n	10005962 <_ntoa_format+0x76>
10005a50:	e78b      	b.n	1000596a <_ntoa_format+0x7e>
10005a52:	0023      	movs	r3, r4
10005a54:	073e      	lsls	r6, r7, #28
10005a56:	d590      	bpl.n	1000597a <_ntoa_format+0x8e>
10005a58:	2620      	movs	r6, #32
10005a5a:	9a0e      	ldr	r2, [sp, #56]	@ 0x38
10005a5c:	3301      	adds	r3, #1
10005a5e:	5516      	strb	r6, [r2, r4]
10005a60:	e78b      	b.n	1000597a <_ntoa_format+0x8e>
10005a62:	230c      	movs	r3, #12
10005a64:	403b      	ands	r3, r7
10005a66:	1e5a      	subs	r2, r3, #1
10005a68:	4193      	sbcs	r3, r2
10005a6a:	1aed      	subs	r5, r5, r3
10005a6c:	42b4      	cmp	r4, r6
10005a6e:	d200      	bcs.n	10005a72 <_ntoa_format+0x186>
10005a70:	e755      	b.n	1000591e <_ntoa_format+0x32>
10005a72:	e764      	b.n	1000593e <_ntoa_format+0x52>
10005a74:	06bb      	lsls	r3, r7, #26
10005a76:	d40e      	bmi.n	10005a96 <_ntoa_format+0x1aa>
10005a78:	2378      	movs	r3, #120	@ 0x78
10005a7a:	9a0e      	ldr	r2, [sp, #56]	@ 0x38
10005a7c:	2402      	movs	r4, #2
10005a7e:	7013      	strb	r3, [r2, #0]
10005a80:	2330      	movs	r3, #48	@ 0x30
10005a82:	7053      	strb	r3, [r2, #1]
10005a84:	e7a1      	b.n	100059ca <_ntoa_format+0xde>
10005a86:	2c20      	cmp	r4, #32
10005a88:	d100      	bne.n	10005a8c <_ntoa_format+0x1a0>
10005a8a:	e775      	b.n	10005978 <_ntoa_format+0x8c>
10005a8c:	2378      	movs	r3, #120	@ 0x78
10005a8e:	9a0e      	ldr	r2, [sp, #56]	@ 0x38
10005a90:	5513      	strb	r3, [r2, r4]
10005a92:	3401      	adds	r4, #1
10005a94:	e76e      	b.n	10005974 <_ntoa_format+0x88>
10005a96:	2358      	movs	r3, #88	@ 0x58
10005a98:	e7ef      	b.n	10005a7a <_ntoa_format+0x18e>
10005a9a:	3360      	adds	r3, #96	@ 0x60
10005a9c:	e7ed      	b.n	10005a7a <_ntoa_format+0x18e>
10005a9e:	9a0e      	ldr	r2, [sp, #56]	@ 0x38
10005aa0:	1ea6      	subs	r6, r4, #2
10005aa2:	4691      	mov	r9, r2
10005aa4:	444e      	add	r6, r9
10005aa6:	06ba      	lsls	r2, r7, #26
10005aa8:	d502      	bpl.n	10005ab0 <_ntoa_format+0x1c4>
10005aaa:	2258      	movs	r2, #88	@ 0x58
10005aac:	7032      	strb	r2, [r6, #0]
10005aae:	e798      	b.n	100059e2 <_ntoa_format+0xf6>
10005ab0:	2278      	movs	r2, #120	@ 0x78
10005ab2:	7032      	strb	r2, [r6, #0]
10005ab4:	e795      	b.n	100059e2 <_ntoa_format+0xf6>
10005ab6:	46c0      	nop			@ (mov r8, r8)

10005ab8 <_out_char>:
10005ab8:	b510      	push	{r4, lr}
10005aba:	2800      	cmp	r0, #0
10005abc:	d100      	bne.n	10005ac0 <_out_char+0x8>
10005abe:	bd10      	pop	{r4, pc}
10005ac0:	f001 fc7e 	bl	100073c0 <__wrap_putchar>
10005ac4:	e7fb      	b.n	10005abe <_out_char+0x6>
10005ac6:	46c0      	nop			@ (mov r8, r8)

10005ac8 <_out_fct>:
10005ac8:	000b      	movs	r3, r1
10005aca:	b510      	push	{r4, lr}
10005acc:	2800      	cmp	r0, #0
10005ace:	d002      	beq.n	10005ad6 <_out_fct+0xe>
10005ad0:	6849      	ldr	r1, [r1, #4]
10005ad2:	681b      	ldr	r3, [r3, #0]
10005ad4:	4798      	blx	r3
10005ad6:	bd10      	pop	{r4, pc}

10005ad8 <_ftoa>:
10005ad8:	b5f0      	push	{r4, r5, r6, r7, lr}
10005ada:	4657      	mov	r7, sl
10005adc:	46de      	mov	lr, fp
10005ade:	464e      	mov	r6, r9
10005ae0:	4645      	mov	r5, r8
10005ae2:	b5e0      	push	{r5, r6, r7, lr}
10005ae4:	b095      	sub	sp, #84	@ 0x54
10005ae6:	4683      	mov	fp, r0
10005ae8:	000f      	movs	r7, r1
10005aea:	4692      	mov	sl, r2
10005aec:	4698      	mov	r8, r3
10005aee:	9a1e      	ldr	r2, [sp, #120]	@ 0x78
10005af0:	9b1f      	ldr	r3, [sp, #124]	@ 0x7c
10005af2:	0010      	movs	r0, r2
10005af4:	0019      	movs	r1, r3
10005af6:	9e20      	ldr	r6, [sp, #128]	@ 0x80
10005af8:	f7fe fe37 	bl	1000476a <__wrap___aeabi_dcmpun>
10005afc:	2800      	cmp	r0, #0
10005afe:	d000      	beq.n	10005b02 <_ftoa+0x2a>
10005b00:	e1ea      	b.n	10005ed8 <_ftoa+0x400>
10005b02:	981e      	ldr	r0, [sp, #120]	@ 0x78
10005b04:	991f      	ldr	r1, [sp, #124]	@ 0x7c
10005b06:	2201      	movs	r2, #1
10005b08:	4bc5      	ldr	r3, [pc, #788]	@ (10005e20 <_ftoa+0x348>)
10005b0a:	4252      	negs	r2, r2
10005b0c:	f7fe fe12 	bl	10004734 <__wrap___aeabi_dcmplt>
10005b10:	2800      	cmp	r0, #0
10005b12:	d000      	beq.n	10005b16 <_ftoa+0x3e>
10005b14:	e114      	b.n	10005d40 <_ftoa+0x268>
10005b16:	981e      	ldr	r0, [sp, #120]	@ 0x78
10005b18:	991f      	ldr	r1, [sp, #124]	@ 0x7c
10005b1a:	2201      	movs	r2, #1
10005b1c:	4bc1      	ldr	r3, [pc, #772]	@ (10005e24 <_ftoa+0x34c>)
10005b1e:	4252      	negs	r2, r2
10005b20:	f7fe fe1e 	bl	10004760 <__wrap___aeabi_dcmpgt>
10005b24:	2800      	cmp	r0, #0
10005b26:	d000      	beq.n	10005b2a <_ftoa+0x52>
10005b28:	e0e9      	b.n	10005cfe <_ftoa+0x226>
10005b2a:	981e      	ldr	r0, [sp, #120]	@ 0x78
10005b2c:	991f      	ldr	r1, [sp, #124]	@ 0x7c
10005b2e:	2200      	movs	r2, #0
10005b30:	4bbd      	ldr	r3, [pc, #756]	@ (10005e28 <_ftoa+0x350>)
10005b32:	f7fe fe15 	bl	10004760 <__wrap___aeabi_dcmpgt>
10005b36:	2800      	cmp	r0, #0
10005b38:	d000      	beq.n	10005b3c <_ftoa+0x64>
10005b3a:	e0c8      	b.n	10005cce <_ftoa+0x1f6>
10005b3c:	981e      	ldr	r0, [sp, #120]	@ 0x78
10005b3e:	991f      	ldr	r1, [sp, #124]	@ 0x7c
10005b40:	2200      	movs	r2, #0
10005b42:	4bba      	ldr	r3, [pc, #744]	@ (10005e2c <_ftoa+0x354>)
10005b44:	f7fe fdf6 	bl	10004734 <__wrap___aeabi_dcmplt>
10005b48:	2800      	cmp	r0, #0
10005b4a:	d000      	beq.n	10005b4e <_ftoa+0x76>
10005b4c:	e0bf      	b.n	10005cce <_ftoa+0x1f6>
10005b4e:	981e      	ldr	r0, [sp, #120]	@ 0x78
10005b50:	991f      	ldr	r1, [sp, #124]	@ 0x7c
10005b52:	2200      	movs	r2, #0
10005b54:	2300      	movs	r3, #0
10005b56:	f7fe fded 	bl	10004734 <__wrap___aeabi_dcmplt>
10005b5a:	2800      	cmp	r0, #0
10005b5c:	d000      	beq.n	10005b60 <_ftoa+0x88>
10005b5e:	e0e4      	b.n	10005d2a <_ftoa+0x252>
10005b60:	2300      	movs	r3, #0
10005b62:	930b      	str	r3, [sp, #44]	@ 0x2c
10005b64:	9b22      	ldr	r3, [sp, #136]	@ 0x88
10005b66:	055b      	lsls	r3, r3, #21
10005b68:	d400      	bmi.n	10005b6c <_ftoa+0x94>
10005b6a:	2606      	movs	r6, #6
10005b6c:	2400      	movs	r4, #0
10005b6e:	2330      	movs	r3, #48	@ 0x30
10005b70:	e007      	b.n	10005b82 <_ftoa+0xaa>
10005b72:	2117      	movs	r1, #23
10005b74:	aa06      	add	r2, sp, #24
10005b76:	3401      	adds	r4, #1
10005b78:	1852      	adds	r2, r2, r1
10005b7a:	5513      	strb	r3, [r2, r4]
10005b7c:	3e01      	subs	r6, #1
10005b7e:	2c20      	cmp	r4, #32
10005b80:	d001      	beq.n	10005b86 <_ftoa+0xae>
10005b82:	2e09      	cmp	r6, #9
10005b84:	d8f5      	bhi.n	10005b72 <_ftoa+0x9a>
10005b86:	981e      	ldr	r0, [sp, #120]	@ 0x78
10005b88:	991f      	ldr	r1, [sp, #124]	@ 0x7c
10005b8a:	f7fe fe17 	bl	100047bc <__wrap___aeabi_d2iz>
10005b8e:	4ba8      	ldr	r3, [pc, #672]	@ (10005e30 <_ftoa+0x358>)
10005b90:	00f2      	lsls	r2, r6, #3
10005b92:	189b      	adds	r3, r3, r2
10005b94:	681a      	ldr	r2, [r3, #0]
10005b96:	685b      	ldr	r3, [r3, #4]
10005b98:	0005      	movs	r5, r0
10005b9a:	9208      	str	r2, [sp, #32]
10005b9c:	9309      	str	r3, [sp, #36]	@ 0x24
10005b9e:	f7fe fdf5 	bl	1000478c <__wrap___aeabi_i2d>
10005ba2:	0002      	movs	r2, r0
10005ba4:	000b      	movs	r3, r1
10005ba6:	981e      	ldr	r0, [sp, #120]	@ 0x78
10005ba8:	991f      	ldr	r1, [sp, #124]	@ 0x7c
10005baa:	f7fe fd50 	bl	1000464e <__wrap___aeabi_dsub>
10005bae:	9a08      	ldr	r2, [sp, #32]
10005bb0:	9b09      	ldr	r3, [sp, #36]	@ 0x24
10005bb2:	f7fe fd7c 	bl	100046ae <__wrap___aeabi_dmul>
10005bb6:	9006      	str	r0, [sp, #24]
10005bb8:	9107      	str	r1, [sp, #28]
10005bba:	f7fe fe23 	bl	10004804 <__wrap___aeabi_d2uiz>
10005bbe:	4681      	mov	r9, r0
10005bc0:	f7fe fde0 	bl	10004784 <__wrap___aeabi_ui2d>
10005bc4:	0002      	movs	r2, r0
10005bc6:	000b      	movs	r3, r1
10005bc8:	9806      	ldr	r0, [sp, #24]
10005bca:	9907      	ldr	r1, [sp, #28]
10005bcc:	f7fe fd3f 	bl	1000464e <__wrap___aeabi_dsub>
10005bd0:	2200      	movs	r2, #0
10005bd2:	4b98      	ldr	r3, [pc, #608]	@ (10005e34 <_ftoa+0x35c>)
10005bd4:	9006      	str	r0, [sp, #24]
10005bd6:	9107      	str	r1, [sp, #28]
10005bd8:	f7fe fdc2 	bl	10004760 <__wrap___aeabi_dcmpgt>
10005bdc:	2800      	cmp	r0, #0
10005bde:	d100      	bne.n	10005be2 <_ftoa+0x10a>
10005be0:	e10d      	b.n	10005dfe <_ftoa+0x326>
10005be2:	2301      	movs	r3, #1
10005be4:	469c      	mov	ip, r3
10005be6:	44e1      	add	r9, ip
10005be8:	4648      	mov	r0, r9
10005bea:	f7fe fdcb 	bl	10004784 <__wrap___aeabi_ui2d>
10005bee:	0002      	movs	r2, r0
10005bf0:	000b      	movs	r3, r1
10005bf2:	9808      	ldr	r0, [sp, #32]
10005bf4:	9909      	ldr	r1, [sp, #36]	@ 0x24
10005bf6:	f7fe fda3 	bl	10004740 <__wrap___aeabi_dcmple>
10005bfa:	2800      	cmp	r0, #0
10005bfc:	d002      	beq.n	10005c04 <_ftoa+0x12c>
10005bfe:	2300      	movs	r3, #0
10005c00:	4699      	mov	r9, r3
10005c02:	3501      	adds	r5, #1
10005c04:	2e00      	cmp	r6, #0
10005c06:	d100      	bne.n	10005c0a <_ftoa+0x132>
10005c08:	e0d9      	b.n	10005dbe <_ftoa+0x2e6>
10005c0a:	9506      	str	r5, [sp, #24]
10005c0c:	464d      	mov	r5, r9
10005c0e:	46b9      	mov	r9, r7
10005c10:	e014      	b.n	10005c3c <_ftoa+0x164>
10005c12:	aa06      	add	r2, sp, #24
10005c14:	4694      	mov	ip, r2
10005c16:	2317      	movs	r3, #23
10005c18:	210a      	movs	r1, #10
10005c1a:	4463      	add	r3, ip
10005c1c:	0028      	movs	r0, r5
10005c1e:	3401      	adds	r4, #1
10005c20:	191f      	adds	r7, r3, r4
10005c22:	f7fe fad9 	bl	100041d8 <__wrap___aeabi_uidiv>
10005c26:	3130      	adds	r1, #48	@ 0x30
10005c28:	7039      	strb	r1, [r7, #0]
10005c2a:	0028      	movs	r0, r5
10005c2c:	210a      	movs	r1, #10
10005c2e:	3e01      	subs	r6, #1
10005c30:	f7fe fad2 	bl	100041d8 <__wrap___aeabi_uidiv>
10005c34:	2d09      	cmp	r5, #9
10005c36:	d800      	bhi.n	10005c3a <_ftoa+0x162>
10005c38:	e117      	b.n	10005e6a <_ftoa+0x392>
10005c3a:	0005      	movs	r5, r0
10005c3c:	2c20      	cmp	r4, #32
10005c3e:	d1e8      	bne.n	10005c12 <_ftoa+0x13a>
10005c40:	464f      	mov	r7, r9
10005c42:	9d06      	ldr	r5, [sp, #24]
10005c44:	2420      	movs	r4, #32
10005c46:	ae0c      	add	r6, sp, #48	@ 0x30
10005c48:	aa06      	add	r2, sp, #24
10005c4a:	2317      	movs	r3, #23
10005c4c:	4694      	mov	ip, r2
10005c4e:	4463      	add	r3, ip
10005c50:	4699      	mov	r9, r3
10005c52:	465b      	mov	r3, fp
10005c54:	46b3      	mov	fp, r6
10005c56:	9306      	str	r3, [sp, #24]
10005c58:	e00f      	b.n	10005c7a <_ftoa+0x1a2>
10005c5a:	464b      	mov	r3, r9
10005c5c:	0028      	movs	r0, r5
10005c5e:	210a      	movs	r1, #10
10005c60:	3401      	adds	r4, #1
10005c62:	18e6      	adds	r6, r4, r3
10005c64:	f7fe fa90 	bl	10004188 <__wrap___aeabi_idiv>
10005c68:	3130      	adds	r1, #48	@ 0x30
10005c6a:	0028      	movs	r0, r5
10005c6c:	7031      	strb	r1, [r6, #0]
10005c6e:	210a      	movs	r1, #10
10005c70:	f7fe fa8a 	bl	10004188 <__wrap___aeabi_idiv>
10005c74:	1e05      	subs	r5, r0, #0
10005c76:	d100      	bne.n	10005c7a <_ftoa+0x1a2>
10005c78:	e0e4      	b.n	10005e44 <_ftoa+0x36c>
10005c7a:	2c20      	cmp	r4, #32
10005c7c:	d1ed      	bne.n	10005c5a <_ftoa+0x182>
10005c7e:	9b06      	ldr	r3, [sp, #24]
10005c80:	465e      	mov	r6, fp
10005c82:	469b      	mov	fp, r3
10005c84:	2303      	movs	r3, #3
10005c86:	9a22      	ldr	r2, [sp, #136]	@ 0x88
10005c88:	4013      	ands	r3, r2
10005c8a:	2b01      	cmp	r3, #1
10005c8c:	d118      	bne.n	10005cc0 <_ftoa+0x1e8>
10005c8e:	9b21      	ldr	r3, [sp, #132]	@ 0x84
10005c90:	2b00      	cmp	r3, #0
10005c92:	d015      	beq.n	10005cc0 <_ftoa+0x1e8>
10005c94:	9b0b      	ldr	r3, [sp, #44]	@ 0x2c
10005c96:	2b00      	cmp	r3, #0
10005c98:	d100      	bne.n	10005c9c <_ftoa+0x1c4>
10005c9a:	e0fd      	b.n	10005e98 <_ftoa+0x3c0>
10005c9c:	9b21      	ldr	r3, [sp, #132]	@ 0x84
10005c9e:	3b01      	subs	r3, #1
10005ca0:	9321      	str	r3, [sp, #132]	@ 0x84
10005ca2:	2b20      	cmp	r3, #32
10005ca4:	d90c      	bls.n	10005cc0 <_ftoa+0x1e8>
10005ca6:	2330      	movs	r3, #48	@ 0x30
10005ca8:	9a21      	ldr	r2, [sp, #132]	@ 0x84
10005caa:	e007      	b.n	10005cbc <_ftoa+0x1e4>
10005cac:	2017      	movs	r0, #23
10005cae:	a906      	add	r1, sp, #24
10005cb0:	3401      	adds	r4, #1
10005cb2:	1809      	adds	r1, r1, r0
10005cb4:	550b      	strb	r3, [r1, r4]
10005cb6:	4294      	cmp	r4, r2
10005cb8:	d300      	bcc.n	10005cbc <_ftoa+0x1e4>
10005cba:	e0cc      	b.n	10005e56 <_ftoa+0x37e>
10005cbc:	2c20      	cmp	r4, #32
10005cbe:	d1f5      	bne.n	10005cac <_ftoa+0x1d4>
10005cc0:	9b22      	ldr	r3, [sp, #136]	@ 0x88
10005cc2:	9401      	str	r4, [sp, #4]
10005cc4:	9303      	str	r3, [sp, #12]
10005cc6:	9b21      	ldr	r3, [sp, #132]	@ 0x84
10005cc8:	9600      	str	r6, [sp, #0]
10005cca:	9302      	str	r3, [sp, #8]
10005ccc:	e022      	b.n	10005d14 <_ftoa+0x23c>
10005cce:	9b22      	ldr	r3, [sp, #136]	@ 0x88
10005cd0:	4652      	mov	r2, sl
10005cd2:	9304      	str	r3, [sp, #16]
10005cd4:	9b21      	ldr	r3, [sp, #132]	@ 0x84
10005cd6:	0039      	movs	r1, r7
10005cd8:	9303      	str	r3, [sp, #12]
10005cda:	4658      	mov	r0, fp
10005cdc:	9b1e      	ldr	r3, [sp, #120]	@ 0x78
10005cde:	9c1f      	ldr	r4, [sp, #124]	@ 0x7c
10005ce0:	9602      	str	r6, [sp, #8]
10005ce2:	9300      	str	r3, [sp, #0]
10005ce4:	9401      	str	r4, [sp, #4]
10005ce6:	4643      	mov	r3, r8
10005ce8:	f000 f94a 	bl	10005f80 <_etoa>
10005cec:	0004      	movs	r4, r0
10005cee:	0020      	movs	r0, r4
10005cf0:	b015      	add	sp, #84	@ 0x54
10005cf2:	bcf0      	pop	{r4, r5, r6, r7}
10005cf4:	46bb      	mov	fp, r7
10005cf6:	46b2      	mov	sl, r6
10005cf8:	46a9      	mov	r9, r5
10005cfa:	46a0      	mov	r8, r4
10005cfc:	bdf0      	pop	{r4, r5, r6, r7, pc}
10005cfe:	9b22      	ldr	r3, [sp, #136]	@ 0x88
10005d00:	075b      	lsls	r3, r3, #29
10005d02:	d40f      	bmi.n	10005d24 <_ftoa+0x24c>
10005d04:	2203      	movs	r2, #3
10005d06:	4b4c      	ldr	r3, [pc, #304]	@ (10005e38 <_ftoa+0x360>)
10005d08:	9922      	ldr	r1, [sp, #136]	@ 0x88
10005d0a:	9201      	str	r2, [sp, #4]
10005d0c:	9103      	str	r1, [sp, #12]
10005d0e:	9921      	ldr	r1, [sp, #132]	@ 0x84
10005d10:	9300      	str	r3, [sp, #0]
10005d12:	9102      	str	r1, [sp, #8]
10005d14:	4643      	mov	r3, r8
10005d16:	4652      	mov	r2, sl
10005d18:	0039      	movs	r1, r7
10005d1a:	4658      	mov	r0, fp
10005d1c:	f7ff fd90 	bl	10005840 <_out_rev>
10005d20:	0004      	movs	r4, r0
10005d22:	e7e4      	b.n	10005cee <_ftoa+0x216>
10005d24:	2204      	movs	r2, #4
10005d26:	4b45      	ldr	r3, [pc, #276]	@ (10005e3c <_ftoa+0x364>)
10005d28:	e7ee      	b.n	10005d08 <_ftoa+0x230>
10005d2a:	9a1e      	ldr	r2, [sp, #120]	@ 0x78
10005d2c:	9b1f      	ldr	r3, [sp, #124]	@ 0x7c
10005d2e:	2000      	movs	r0, #0
10005d30:	2100      	movs	r1, #0
10005d32:	f7fe fc8c 	bl	1000464e <__wrap___aeabi_dsub>
10005d36:	2301      	movs	r3, #1
10005d38:	901e      	str	r0, [sp, #120]	@ 0x78
10005d3a:	911f      	str	r1, [sp, #124]	@ 0x7c
10005d3c:	930b      	str	r3, [sp, #44]	@ 0x2c
10005d3e:	e711      	b.n	10005b64 <_ftoa+0x8c>
10005d40:	9b22      	ldr	r3, [sp, #136]	@ 0x88
10005d42:	4654      	mov	r4, sl
10005d44:	079b      	lsls	r3, r3, #30
10005d46:	d111      	bne.n	10005d6c <_ftoa+0x294>
10005d48:	9b21      	ldr	r3, [sp, #132]	@ 0x84
10005d4a:	2b04      	cmp	r3, #4
10005d4c:	d90e      	bls.n	10005d6c <_ftoa+0x294>
10005d4e:	9b21      	ldr	r3, [sp, #132]	@ 0x84
10005d50:	4655      	mov	r5, sl
10005d52:	469c      	mov	ip, r3
10005d54:	465e      	mov	r6, fp
10005d56:	3c04      	subs	r4, #4
10005d58:	4464      	add	r4, ip
10005d5a:	002a      	movs	r2, r5
10005d5c:	4643      	mov	r3, r8
10005d5e:	3501      	adds	r5, #1
10005d60:	0039      	movs	r1, r7
10005d62:	2020      	movs	r0, #32
10005d64:	47b0      	blx	r6
10005d66:	42a5      	cmp	r5, r4
10005d68:	d1f7      	bne.n	10005d5a <_ftoa+0x282>
10005d6a:	46b3      	mov	fp, r6
10005d6c:	4d34      	ldr	r5, [pc, #208]	@ (10005e40 <_ftoa+0x368>)
10005d6e:	0026      	movs	r6, r4
10005d70:	1f2b      	subs	r3, r5, #4
10005d72:	4699      	mov	r9, r3
10005d74:	465b      	mov	r3, fp
10005d76:	46a3      	mov	fp, r4
10005d78:	001c      	movs	r4, r3
10005d7a:	0032      	movs	r2, r6
10005d7c:	78e8      	ldrb	r0, [r5, #3]
10005d7e:	4643      	mov	r3, r8
10005d80:	0039      	movs	r1, r7
10005d82:	3d01      	subs	r5, #1
10005d84:	47a0      	blx	r4
10005d86:	3601      	adds	r6, #1
10005d88:	454d      	cmp	r5, r9
10005d8a:	d1f6      	bne.n	10005d7a <_ftoa+0x2a2>
10005d8c:	0023      	movs	r3, r4
10005d8e:	465c      	mov	r4, fp
10005d90:	469b      	mov	fp, r3
10005d92:	9b22      	ldr	r3, [sp, #136]	@ 0x88
10005d94:	3404      	adds	r4, #4
10005d96:	079b      	lsls	r3, r3, #30
10005d98:	d5a9      	bpl.n	10005cee <_ftoa+0x216>
10005d9a:	4653      	mov	r3, sl
10005d9c:	9a21      	ldr	r2, [sp, #132]	@ 0x84
10005d9e:	1ae3      	subs	r3, r4, r3
10005da0:	429a      	cmp	r2, r3
10005da2:	d9a4      	bls.n	10005cee <_ftoa+0x216>
10005da4:	465e      	mov	r6, fp
10005da6:	0015      	movs	r5, r2
10005da8:	0022      	movs	r2, r4
10005daa:	4643      	mov	r3, r8
10005dac:	0039      	movs	r1, r7
10005dae:	2020      	movs	r0, #32
10005db0:	47b0      	blx	r6
10005db2:	4653      	mov	r3, sl
10005db4:	3401      	adds	r4, #1
10005db6:	1ae3      	subs	r3, r4, r3
10005db8:	429d      	cmp	r5, r3
10005dba:	d8f5      	bhi.n	10005da8 <_ftoa+0x2d0>
10005dbc:	e797      	b.n	10005cee <_ftoa+0x216>
10005dbe:	0028      	movs	r0, r5
10005dc0:	f7fe fce4 	bl	1000478c <__wrap___aeabi_i2d>
10005dc4:	0002      	movs	r2, r0
10005dc6:	000b      	movs	r3, r1
10005dc8:	981e      	ldr	r0, [sp, #120]	@ 0x78
10005dca:	991f      	ldr	r1, [sp, #124]	@ 0x7c
10005dcc:	f7fe fc3f 	bl	1000464e <__wrap___aeabi_dsub>
10005dd0:	2200      	movs	r2, #0
10005dd2:	4b18      	ldr	r3, [pc, #96]	@ (10005e34 <_ftoa+0x35c>)
10005dd4:	9006      	str	r0, [sp, #24]
10005dd6:	9107      	str	r1, [sp, #28]
10005dd8:	f7fe fcac 	bl	10004734 <__wrap___aeabi_dcmplt>
10005ddc:	ae0c      	add	r6, sp, #48	@ 0x30
10005dde:	2800      	cmp	r0, #0
10005de0:	d000      	beq.n	10005de4 <_ftoa+0x30c>
10005de2:	e731      	b.n	10005c48 <_ftoa+0x170>
10005de4:	9806      	ldr	r0, [sp, #24]
10005de6:	9907      	ldr	r1, [sp, #28]
10005de8:	2200      	movs	r2, #0
10005dea:	4b12      	ldr	r3, [pc, #72]	@ (10005e34 <_ftoa+0x35c>)
10005dec:	f7fe fcb8 	bl	10004760 <__wrap___aeabi_dcmpgt>
10005df0:	2800      	cmp	r0, #0
10005df2:	d000      	beq.n	10005df6 <_ftoa+0x31e>
10005df4:	e728      	b.n	10005c48 <_ftoa+0x170>
10005df6:	2301      	movs	r3, #1
10005df8:	3501      	adds	r5, #1
10005dfa:	439d      	bics	r5, r3
10005dfc:	e724      	b.n	10005c48 <_ftoa+0x170>
10005dfe:	2200      	movs	r2, #0
10005e00:	9806      	ldr	r0, [sp, #24]
10005e02:	9907      	ldr	r1, [sp, #28]
10005e04:	4b0b      	ldr	r3, [pc, #44]	@ (10005e34 <_ftoa+0x35c>)
10005e06:	f7fe fc95 	bl	10004734 <__wrap___aeabi_dcmplt>
10005e0a:	2800      	cmp	r0, #0
10005e0c:	d000      	beq.n	10005e10 <_ftoa+0x338>
10005e0e:	e6f9      	b.n	10005c04 <_ftoa+0x12c>
10005e10:	464b      	mov	r3, r9
10005e12:	2b00      	cmp	r3, #0
10005e14:	d15c      	bne.n	10005ed0 <_ftoa+0x3f8>
10005e16:	2301      	movs	r3, #1
10005e18:	469c      	mov	ip, r3
10005e1a:	44e1      	add	r9, ip
10005e1c:	e6f2      	b.n	10005c04 <_ftoa+0x12c>
10005e1e:	46c0      	nop			@ (mov r8, r8)
10005e20:	ffefffff 	.word	0xffefffff
10005e24:	7fefffff 	.word	0x7fefffff
10005e28:	41cdcd65 	.word	0x41cdcd65
10005e2c:	c1cdcd65 	.word	0xc1cdcd65
10005e30:	1000d5c0 	.word	0x1000d5c0
10005e34:	3fe00000 	.word	0x3fe00000
10005e38:	1000b224 	.word	0x1000b224
10005e3c:	1000b21c 	.word	0x1000b21c
10005e40:	1000b22c 	.word	0x1000b22c
10005e44:	9b06      	ldr	r3, [sp, #24]
10005e46:	465e      	mov	r6, fp
10005e48:	469b      	mov	fp, r3
10005e4a:	2303      	movs	r3, #3
10005e4c:	9a22      	ldr	r2, [sp, #136]	@ 0x88
10005e4e:	4013      	ands	r3, r2
10005e50:	2b01      	cmp	r3, #1
10005e52:	d100      	bne.n	10005e56 <_ftoa+0x37e>
10005e54:	e081      	b.n	10005f5a <_ftoa+0x482>
10005e56:	2c20      	cmp	r4, #32
10005e58:	d100      	bne.n	10005e5c <_ftoa+0x384>
10005e5a:	e731      	b.n	10005cc0 <_ftoa+0x1e8>
10005e5c:	9b0b      	ldr	r3, [sp, #44]	@ 0x2c
10005e5e:	2b00      	cmp	r3, #0
10005e60:	d027      	beq.n	10005eb2 <_ftoa+0x3da>
10005e62:	232d      	movs	r3, #45	@ 0x2d
10005e64:	5533      	strb	r3, [r6, r4]
10005e66:	3401      	adds	r4, #1
10005e68:	e72a      	b.n	10005cc0 <_ftoa+0x1e8>
10005e6a:	464f      	mov	r7, r9
10005e6c:	9d06      	ldr	r5, [sp, #24]
10005e6e:	2c20      	cmp	r4, #32
10005e70:	d100      	bne.n	10005e74 <_ftoa+0x39c>
10005e72:	e6e7      	b.n	10005c44 <_ftoa+0x16c>
10005e74:	2230      	movs	r2, #48	@ 0x30
10005e76:	1933      	adds	r3, r6, r4
10005e78:	e007      	b.n	10005e8a <_ftoa+0x3b2>
10005e7a:	2017      	movs	r0, #23
10005e7c:	a906      	add	r1, sp, #24
10005e7e:	3401      	adds	r4, #1
10005e80:	1809      	adds	r1, r1, r0
10005e82:	550a      	strb	r2, [r1, r4]
10005e84:	2c20      	cmp	r4, #32
10005e86:	d100      	bne.n	10005e8a <_ftoa+0x3b2>
10005e88:	e6dc      	b.n	10005c44 <_ftoa+0x16c>
10005e8a:	42a3      	cmp	r3, r4
10005e8c:	d1f5      	bne.n	10005e7a <_ftoa+0x3a2>
10005e8e:	222e      	movs	r2, #46	@ 0x2e
10005e90:	ae0c      	add	r6, sp, #48	@ 0x30
10005e92:	3401      	adds	r4, #1
10005e94:	54f2      	strb	r2, [r6, r3]
10005e96:	e6d7      	b.n	10005c48 <_ftoa+0x170>
10005e98:	230c      	movs	r3, #12
10005e9a:	9a22      	ldr	r2, [sp, #136]	@ 0x88
10005e9c:	4213      	tst	r3, r2
10005e9e:	d057      	beq.n	10005f50 <_ftoa+0x478>
10005ea0:	9b21      	ldr	r3, [sp, #132]	@ 0x84
10005ea2:	3b01      	subs	r3, #1
10005ea4:	9321      	str	r3, [sp, #132]	@ 0x84
10005ea6:	42a3      	cmp	r3, r4
10005ea8:	d900      	bls.n	10005eac <_ftoa+0x3d4>
10005eaa:	e6fc      	b.n	10005ca6 <_ftoa+0x1ce>
10005eac:	2c20      	cmp	r4, #32
10005eae:	d100      	bne.n	10005eb2 <_ftoa+0x3da>
10005eb0:	e706      	b.n	10005cc0 <_ftoa+0x1e8>
10005eb2:	9b22      	ldr	r3, [sp, #136]	@ 0x88
10005eb4:	075b      	lsls	r3, r3, #29
10005eb6:	d503      	bpl.n	10005ec0 <_ftoa+0x3e8>
10005eb8:	232b      	movs	r3, #43	@ 0x2b
10005eba:	5533      	strb	r3, [r6, r4]
10005ebc:	3401      	adds	r4, #1
10005ebe:	e6ff      	b.n	10005cc0 <_ftoa+0x1e8>
10005ec0:	9b22      	ldr	r3, [sp, #136]	@ 0x88
10005ec2:	071b      	lsls	r3, r3, #28
10005ec4:	d400      	bmi.n	10005ec8 <_ftoa+0x3f0>
10005ec6:	e6fb      	b.n	10005cc0 <_ftoa+0x1e8>
10005ec8:	2320      	movs	r3, #32
10005eca:	5533      	strb	r3, [r6, r4]
10005ecc:	3401      	adds	r4, #1
10005ece:	e6f7      	b.n	10005cc0 <_ftoa+0x1e8>
10005ed0:	07db      	lsls	r3, r3, #31
10005ed2:	d400      	bmi.n	10005ed6 <_ftoa+0x3fe>
10005ed4:	e696      	b.n	10005c04 <_ftoa+0x12c>
10005ed6:	e79e      	b.n	10005e16 <_ftoa+0x33e>
10005ed8:	9b22      	ldr	r3, [sp, #136]	@ 0x88
10005eda:	4655      	mov	r5, sl
10005edc:	079b      	lsls	r3, r3, #30
10005ede:	d111      	bne.n	10005f04 <_ftoa+0x42c>
10005ee0:	9b21      	ldr	r3, [sp, #132]	@ 0x84
10005ee2:	2b03      	cmp	r3, #3
10005ee4:	d90e      	bls.n	10005f04 <_ftoa+0x42c>
10005ee6:	9b21      	ldr	r3, [sp, #132]	@ 0x84
10005ee8:	4654      	mov	r4, sl
10005eea:	469c      	mov	ip, r3
10005eec:	465e      	mov	r6, fp
10005eee:	3d03      	subs	r5, #3
10005ef0:	4465      	add	r5, ip
10005ef2:	0022      	movs	r2, r4
10005ef4:	4643      	mov	r3, r8
10005ef6:	3401      	adds	r4, #1
10005ef8:	0039      	movs	r1, r7
10005efa:	2020      	movs	r0, #32
10005efc:	47b0      	blx	r6
10005efe:	42ac      	cmp	r4, r5
10005f00:	d1f7      	bne.n	10005ef2 <_ftoa+0x41a>
10005f02:	46b3      	mov	fp, r6
10005f04:	46b9      	mov	r9, r7
10005f06:	465f      	mov	r7, fp
10005f08:	4e1c      	ldr	r6, [pc, #112]	@ (10005f7c <_ftoa+0x4a4>)
10005f0a:	1cec      	adds	r4, r5, #3
10005f0c:	002a      	movs	r2, r5
10005f0e:	78b0      	ldrb	r0, [r6, #2]
10005f10:	4643      	mov	r3, r8
10005f12:	4649      	mov	r1, r9
10005f14:	3501      	adds	r5, #1
10005f16:	47b8      	blx	r7
10005f18:	3e01      	subs	r6, #1
10005f1a:	42ac      	cmp	r4, r5
10005f1c:	d1f6      	bne.n	10005f0c <_ftoa+0x434>
10005f1e:	9b22      	ldr	r3, [sp, #136]	@ 0x88
10005f20:	46bb      	mov	fp, r7
10005f22:	464f      	mov	r7, r9
10005f24:	079b      	lsls	r3, r3, #30
10005f26:	d400      	bmi.n	10005f2a <_ftoa+0x452>
10005f28:	e6e1      	b.n	10005cee <_ftoa+0x216>
10005f2a:	4653      	mov	r3, sl
10005f2c:	9a21      	ldr	r2, [sp, #132]	@ 0x84
10005f2e:	1ae3      	subs	r3, r4, r3
10005f30:	429a      	cmp	r2, r3
10005f32:	d800      	bhi.n	10005f36 <_ftoa+0x45e>
10005f34:	e6db      	b.n	10005cee <_ftoa+0x216>
10005f36:	465e      	mov	r6, fp
10005f38:	0015      	movs	r5, r2
10005f3a:	0022      	movs	r2, r4
10005f3c:	4643      	mov	r3, r8
10005f3e:	0039      	movs	r1, r7
10005f40:	2020      	movs	r0, #32
10005f42:	47b0      	blx	r6
10005f44:	4653      	mov	r3, sl
10005f46:	3401      	adds	r4, #1
10005f48:	1ae3      	subs	r3, r4, r3
10005f4a:	42ab      	cmp	r3, r5
10005f4c:	d3f5      	bcc.n	10005f3a <_ftoa+0x462>
10005f4e:	e6ce      	b.n	10005cee <_ftoa+0x216>
10005f50:	9b21      	ldr	r3, [sp, #132]	@ 0x84
10005f52:	42a3      	cmp	r3, r4
10005f54:	d900      	bls.n	10005f58 <_ftoa+0x480>
10005f56:	e6a6      	b.n	10005ca6 <_ftoa+0x1ce>
10005f58:	e6b2      	b.n	10005cc0 <_ftoa+0x1e8>
10005f5a:	9b21      	ldr	r3, [sp, #132]	@ 0x84
10005f5c:	2b00      	cmp	r3, #0
10005f5e:	d100      	bne.n	10005f62 <_ftoa+0x48a>
10005f60:	e779      	b.n	10005e56 <_ftoa+0x37e>
10005f62:	9b0b      	ldr	r3, [sp, #44]	@ 0x2c
10005f64:	2b00      	cmp	r3, #0
10005f66:	d097      	beq.n	10005e98 <_ftoa+0x3c0>
10005f68:	9b21      	ldr	r3, [sp, #132]	@ 0x84
10005f6a:	3b01      	subs	r3, #1
10005f6c:	9321      	str	r3, [sp, #132]	@ 0x84
10005f6e:	429c      	cmp	r4, r3
10005f70:	d200      	bcs.n	10005f74 <_ftoa+0x49c>
10005f72:	e698      	b.n	10005ca6 <_ftoa+0x1ce>
10005f74:	2c20      	cmp	r4, #32
10005f76:	d000      	beq.n	10005f7a <_ftoa+0x4a2>
10005f78:	e773      	b.n	10005e62 <_ftoa+0x38a>
10005f7a:	e6a1      	b.n	10005cc0 <_ftoa+0x1e8>
10005f7c:	1000b228 	.word	0x1000b228

10005f80 <_etoa>:
10005f80:	b5f0      	push	{r4, r5, r6, r7, lr}
10005f82:	46de      	mov	lr, fp
10005f84:	4657      	mov	r7, sl
10005f86:	464e      	mov	r6, r9
10005f88:	4645      	mov	r5, r8
10005f8a:	b5e0      	push	{r5, r6, r7, lr}
10005f8c:	b099      	sub	sp, #100	@ 0x64
10005f8e:	4681      	mov	r9, r0
10005f90:	468b      	mov	fp, r1
10005f92:	4692      	mov	sl, r2
10005f94:	4698      	mov	r8, r3
10005f96:	9a22      	ldr	r2, [sp, #136]	@ 0x88
10005f98:	9b23      	ldr	r3, [sp, #140]	@ 0x8c
10005f9a:	0010      	movs	r0, r2
10005f9c:	0019      	movs	r1, r3
10005f9e:	f7fe fbe4 	bl	1000476a <__wrap___aeabi_dcmpun>
10005fa2:	2800      	cmp	r0, #0
10005fa4:	d000      	beq.n	10005fa8 <_etoa+0x28>
10005fa6:	e0ca      	b.n	1000613e <_etoa+0x1be>
10005fa8:	9822      	ldr	r0, [sp, #136]	@ 0x88
10005faa:	9923      	ldr	r1, [sp, #140]	@ 0x8c
10005fac:	2201      	movs	r2, #1
10005fae:	4b82      	ldr	r3, [pc, #520]	@ (100061b8 <_etoa+0x238>)
10005fb0:	4252      	negs	r2, r2
10005fb2:	f7fe fbd5 	bl	10004760 <__wrap___aeabi_dcmpgt>
10005fb6:	2800      	cmp	r0, #0
10005fb8:	d000      	beq.n	10005fbc <_etoa+0x3c>
10005fba:	e0c0      	b.n	1000613e <_etoa+0x1be>
10005fbc:	9822      	ldr	r0, [sp, #136]	@ 0x88
10005fbe:	9923      	ldr	r1, [sp, #140]	@ 0x8c
10005fc0:	2201      	movs	r2, #1
10005fc2:	4b7e      	ldr	r3, [pc, #504]	@ (100061bc <_etoa+0x23c>)
10005fc4:	4252      	negs	r2, r2
10005fc6:	f7fe fbb5 	bl	10004734 <__wrap___aeabi_dcmplt>
10005fca:	2800      	cmp	r0, #0
10005fcc:	d000      	beq.n	10005fd0 <_etoa+0x50>
10005fce:	e0b6      	b.n	1000613e <_etoa+0x1be>
10005fd0:	9822      	ldr	r0, [sp, #136]	@ 0x88
10005fd2:	9923      	ldr	r1, [sp, #140]	@ 0x8c
10005fd4:	2200      	movs	r2, #0
10005fd6:	2300      	movs	r3, #0
10005fd8:	f7fe fbac 	bl	10004734 <__wrap___aeabi_dcmplt>
10005fdc:	2800      	cmp	r0, #0
10005fde:	d000      	beq.n	10005fe2 <_etoa+0x62>
10005fe0:	e1c9      	b.n	10006376 <_etoa+0x3f6>
10005fe2:	9b22      	ldr	r3, [sp, #136]	@ 0x88
10005fe4:	9c23      	ldr	r4, [sp, #140]	@ 0x8c
10005fe6:	9308      	str	r3, [sp, #32]
10005fe8:	9409      	str	r4, [sp, #36]	@ 0x24
10005fea:	9808      	ldr	r0, [sp, #32]
10005fec:	9909      	ldr	r1, [sp, #36]	@ 0x24
10005fee:	2380      	movs	r3, #128	@ 0x80
10005ff0:	9a26      	ldr	r2, [sp, #152]	@ 0x98
10005ff2:	00db      	lsls	r3, r3, #3
10005ff4:	401a      	ands	r2, r3
10005ff6:	920d      	str	r2, [sp, #52]	@ 0x34
10005ff8:	2280      	movs	r2, #128	@ 0x80
10005ffa:	9c26      	ldr	r4, [sp, #152]	@ 0x98
10005ffc:	0112      	lsls	r2, r2, #4
10005ffe:	4014      	ands	r4, r2
10006000:	0022      	movs	r2, r4
10006002:	940b      	str	r4, [sp, #44]	@ 0x2c
10006004:	9c26      	ldr	r4, [sp, #152]	@ 0x98
10006006:	0007      	movs	r7, r0
10006008:	000e      	movs	r6, r1
1000600a:	421c      	tst	r4, r3
1000600c:	d000      	beq.n	10006010 <_etoa+0x90>
1000600e:	e0ad      	b.n	1000616c <_etoa+0x1ec>
10006010:	000b      	movs	r3, r1
10006012:	4303      	orrs	r3, r0
10006014:	d000      	beq.n	10006018 <_etoa+0x98>
10006016:	e0d5      	b.n	100061c4 <_etoa+0x244>
10006018:	2a00      	cmp	r2, #0
1000601a:	d000      	beq.n	1000601e <_etoa+0x9e>
1000601c:	e20a      	b.n	10006434 <_etoa+0x4b4>
1000601e:	0022      	movs	r2, r4
10006020:	3306      	adds	r3, #6
10006022:	9324      	str	r3, [sp, #144]	@ 0x90
10006024:	2302      	movs	r3, #2
10006026:	4013      	ands	r3, r2
10006028:	930c      	str	r3, [sp, #48]	@ 0x30
1000602a:	2302      	movs	r3, #2
1000602c:	4213      	tst	r3, r2
1000602e:	d000      	beq.n	10006032 <_etoa+0xb2>
10006030:	e202      	b.n	10006438 <_etoa+0x4b8>
10006032:	9b25      	ldr	r3, [sp, #148]	@ 0x94
10006034:	2b04      	cmp	r3, #4
10006036:	d200      	bcs.n	1000603a <_etoa+0xba>
10006038:	e20f      	b.n	1000645a <_etoa+0x4da>
1000603a:	3b04      	subs	r3, #4
1000603c:	930b      	str	r3, [sp, #44]	@ 0x2c
1000603e:	2300      	movs	r3, #0
10006040:	2504      	movs	r5, #4
10006042:	930a      	str	r3, [sp, #40]	@ 0x28
10006044:	2200      	movs	r2, #0
10006046:	9822      	ldr	r0, [sp, #136]	@ 0x88
10006048:	9923      	ldr	r1, [sp, #140]	@ 0x8c
1000604a:	2300      	movs	r3, #0
1000604c:	f7fe fb72 	bl	10004734 <__wrap___aeabi_dcmplt>
10006050:	2800      	cmp	r0, #0
10006052:	d000      	beq.n	10006056 <_etoa+0xd6>
10006054:	e203      	b.n	1000645e <_etoa+0x4de>
10006056:	4b5a      	ldr	r3, [pc, #360]	@ (100061c0 <_etoa+0x240>)
10006058:	9a26      	ldr	r2, [sp, #152]	@ 0x98
1000605a:	4013      	ands	r3, r2
1000605c:	9304      	str	r3, [sp, #16]
1000605e:	9b0b      	ldr	r3, [sp, #44]	@ 0x2c
10006060:	9303      	str	r3, [sp, #12]
10006062:	9b24      	ldr	r3, [sp, #144]	@ 0x90
10006064:	9302      	str	r3, [sp, #8]
10006066:	9b08      	ldr	r3, [sp, #32]
10006068:	9c09      	ldr	r4, [sp, #36]	@ 0x24
1000606a:	9300      	str	r3, [sp, #0]
1000606c:	9401      	str	r4, [sp, #4]
1000606e:	4659      	mov	r1, fp
10006070:	4643      	mov	r3, r8
10006072:	4652      	mov	r2, sl
10006074:	4648      	mov	r0, r9
10006076:	f7ff fd2f 	bl	10005ad8 <_ftoa>
1000607a:	0002      	movs	r2, r0
1000607c:	2020      	movs	r0, #32
1000607e:	9b26      	ldr	r3, [sp, #152]	@ 0x98
10006080:	271f      	movs	r7, #31
10006082:	4003      	ands	r3, r0
10006084:	4259      	negs	r1, r3
10006086:	414b      	adcs	r3, r1
10006088:	425b      	negs	r3, r3
1000608a:	4018      	ands	r0, r3
1000608c:	1c53      	adds	r3, r2, #1
1000608e:	9308      	str	r3, [sp, #32]
10006090:	4659      	mov	r1, fp
10006092:	4643      	mov	r3, r8
10006094:	3045      	adds	r0, #69	@ 0x45
10006096:	47c8      	blx	r9
10006098:	9a0a      	ldr	r2, [sp, #40]	@ 0x28
1000609a:	17d3      	asrs	r3, r2, #31
1000609c:	18d4      	adds	r4, r2, r3
1000609e:	405c      	eors	r4, r3
100060a0:	0fd3      	lsrs	r3, r2, #31
100060a2:	930a      	str	r3, [sp, #40]	@ 0x28
100060a4:	1e6b      	subs	r3, r5, #1
100060a6:	930b      	str	r3, [sp, #44]	@ 0x2c
100060a8:	ab08      	add	r3, sp, #32
100060aa:	469c      	mov	ip, r3
100060ac:	2500      	movs	r5, #0
100060ae:	4467      	add	r7, ip
100060b0:	e001      	b.n	100060b6 <_etoa+0x136>
100060b2:	2d20      	cmp	r5, #32
100060b4:	d00f      	beq.n	100060d6 <_etoa+0x156>
100060b6:	0020      	movs	r0, r4
100060b8:	210a      	movs	r1, #10
100060ba:	f7fe f88d 	bl	100041d8 <__wrap___aeabi_uidiv>
100060be:	3501      	adds	r5, #1
100060c0:	197e      	adds	r6, r7, r5
100060c2:	3130      	adds	r1, #48	@ 0x30
100060c4:	7031      	strb	r1, [r6, #0]
100060c6:	0020      	movs	r0, r4
100060c8:	210a      	movs	r1, #10
100060ca:	f7fe f885 	bl	100041d8 <__wrap___aeabi_uidiv>
100060ce:	0026      	movs	r6, r4
100060d0:	0004      	movs	r4, r0
100060d2:	2e09      	cmp	r6, #9
100060d4:	d8ed      	bhi.n	100060b2 <_etoa+0x132>
100060d6:	2305      	movs	r3, #5
100060d8:	9306      	str	r3, [sp, #24]
100060da:	9b0b      	ldr	r3, [sp, #44]	@ 0x2c
100060dc:	4659      	mov	r1, fp
100060de:	9305      	str	r3, [sp, #20]
100060e0:	2300      	movs	r3, #0
100060e2:	9304      	str	r3, [sp, #16]
100060e4:	330a      	adds	r3, #10
100060e6:	9303      	str	r3, [sp, #12]
100060e8:	9b0a      	ldr	r3, [sp, #40]	@ 0x28
100060ea:	4648      	mov	r0, r9
100060ec:	9302      	str	r3, [sp, #8]
100060ee:	ab10      	add	r3, sp, #64	@ 0x40
100060f0:	9300      	str	r3, [sp, #0]
100060f2:	9a08      	ldr	r2, [sp, #32]
100060f4:	4643      	mov	r3, r8
100060f6:	9501      	str	r5, [sp, #4]
100060f8:	f7ff fbf8 	bl	100058ec <_ntoa_format>
100060fc:	9b0c      	ldr	r3, [sp, #48]	@ 0x30
100060fe:	2b00      	cmp	r3, #0
10006100:	d02d      	beq.n	1000615e <_etoa+0x1de>
10006102:	4653      	mov	r3, sl
10006104:	1ac4      	subs	r4, r0, r3
10006106:	9b25      	ldr	r3, [sp, #148]	@ 0x94
10006108:	42a3      	cmp	r3, r4
1000610a:	d928      	bls.n	1000615e <_etoa+0x1de>
1000610c:	464d      	mov	r5, r9
1000610e:	465f      	mov	r7, fp
10006110:	4681      	mov	r9, r0
10006112:	001e      	movs	r6, r3
10006114:	4653      	mov	r3, sl
10006116:	0039      	movs	r1, r7
10006118:	191a      	adds	r2, r3, r4
1000611a:	2020      	movs	r0, #32
1000611c:	4643      	mov	r3, r8
1000611e:	3401      	adds	r4, #1
10006120:	47a8      	blx	r5
10006122:	42a6      	cmp	r6, r4
10006124:	d8f6      	bhi.n	10006114 <_etoa+0x194>
10006126:	4653      	mov	r3, sl
10006128:	4648      	mov	r0, r9
1000612a:	9925      	ldr	r1, [sp, #148]	@ 0x94
1000612c:	1ac2      	subs	r2, r0, r3
1000612e:	3201      	adds	r2, #1
10006130:	2300      	movs	r3, #0
10006132:	4291      	cmp	r1, r2
10006134:	d300      	bcc.n	10006138 <_etoa+0x1b8>
10006136:	e186      	b.n	10006446 <_etoa+0x4c6>
10006138:	3001      	adds	r0, #1
1000613a:	1818      	adds	r0, r3, r0
1000613c:	e00f      	b.n	1000615e <_etoa+0x1de>
1000613e:	9b26      	ldr	r3, [sp, #152]	@ 0x98
10006140:	9304      	str	r3, [sp, #16]
10006142:	9b25      	ldr	r3, [sp, #148]	@ 0x94
10006144:	9303      	str	r3, [sp, #12]
10006146:	9b24      	ldr	r3, [sp, #144]	@ 0x90
10006148:	9302      	str	r3, [sp, #8]
1000614a:	9b22      	ldr	r3, [sp, #136]	@ 0x88
1000614c:	9c23      	ldr	r4, [sp, #140]	@ 0x8c
1000614e:	9300      	str	r3, [sp, #0]
10006150:	9401      	str	r4, [sp, #4]
10006152:	4643      	mov	r3, r8
10006154:	4652      	mov	r2, sl
10006156:	4659      	mov	r1, fp
10006158:	4648      	mov	r0, r9
1000615a:	f7ff fcbd 	bl	10005ad8 <_ftoa>
1000615e:	b019      	add	sp, #100	@ 0x64
10006160:	bcf0      	pop	{r4, r5, r6, r7}
10006162:	46bb      	mov	fp, r7
10006164:	46b2      	mov	sl, r6
10006166:	46a9      	mov	r9, r5
10006168:	46a0      	mov	r8, r4
1000616a:	bdf0      	pop	{r4, r5, r6, r7, pc}
1000616c:	4301      	orrs	r1, r0
1000616e:	d12b      	bne.n	100061c8 <_etoa+0x248>
10006170:	9b0b      	ldr	r3, [sp, #44]	@ 0x2c
10006172:	0022      	movs	r2, r4
10006174:	2b00      	cmp	r3, #0
10006176:	d100      	bne.n	1000617a <_etoa+0x1fa>
10006178:	e754      	b.n	10006024 <_etoa+0xa4>
1000617a:	2300      	movs	r3, #0
1000617c:	930a      	str	r3, [sp, #40]	@ 0x28
1000617e:	9b24      	ldr	r3, [sp, #144]	@ 0x90
10006180:	9a0a      	ldr	r2, [sp, #40]	@ 0x28
10006182:	2400      	movs	r4, #0
10006184:	4293      	cmp	r3, r2
10006186:	dd00      	ble.n	1000618a <_etoa+0x20a>
10006188:	e185      	b.n	10006496 <_etoa+0x516>
1000618a:	9822      	ldr	r0, [sp, #136]	@ 0x88
1000618c:	9923      	ldr	r1, [sp, #140]	@ 0x8c
1000618e:	2200      	movs	r2, #0
10006190:	2300      	movs	r3, #0
10006192:	f7fe facf 	bl	10004734 <__wrap___aeabi_dcmplt>
10006196:	2800      	cmp	r0, #0
10006198:	d000      	beq.n	1000619c <_etoa+0x21c>
1000619a:	e135      	b.n	10006408 <_etoa+0x488>
1000619c:	9b26      	ldr	r3, [sp, #152]	@ 0x98
1000619e:	4a08      	ldr	r2, [pc, #32]	@ (100061c0 <_etoa+0x240>)
100061a0:	9402      	str	r4, [sp, #8]
100061a2:	401a      	ands	r2, r3
100061a4:	2380      	movs	r3, #128	@ 0x80
100061a6:	00db      	lsls	r3, r3, #3
100061a8:	4313      	orrs	r3, r2
100061aa:	9304      	str	r3, [sp, #16]
100061ac:	9b25      	ldr	r3, [sp, #148]	@ 0x94
100061ae:	9303      	str	r3, [sp, #12]
100061b0:	9b08      	ldr	r3, [sp, #32]
100061b2:	9c09      	ldr	r4, [sp, #36]	@ 0x24
100061b4:	e7cb      	b.n	1000614e <_etoa+0x1ce>
100061b6:	46c0      	nop			@ (mov r8, r8)
100061b8:	7fefffff 	.word	0x7fefffff
100061bc:	ffefffff 	.word	0xffefffff
100061c0:	fffff7ff 	.word	0xfffff7ff
100061c4:	2306      	movs	r3, #6
100061c6:	9324      	str	r3, [sp, #144]	@ 0x90
100061c8:	4bb4      	ldr	r3, [pc, #720]	@ (1000649c <_etoa+0x51c>)
100061ca:	0070      	lsls	r0, r6, #1
100061cc:	469c      	mov	ip, r3
100061ce:	0d40      	lsrs	r0, r0, #21
100061d0:	4460      	add	r0, ip
100061d2:	f7fe fadb 	bl	1000478c <__wrap___aeabi_i2d>
100061d6:	4ab2      	ldr	r2, [pc, #712]	@ (100064a0 <_etoa+0x520>)
100061d8:	4bb2      	ldr	r3, [pc, #712]	@ (100064a4 <_etoa+0x524>)
100061da:	f7fe fa68 	bl	100046ae <__wrap___aeabi_dmul>
100061de:	4ab2      	ldr	r2, [pc, #712]	@ (100064a8 <_etoa+0x528>)
100061e0:	4bb2      	ldr	r3, [pc, #712]	@ (100064ac <_etoa+0x52c>)
100061e2:	f7fe fa3d 	bl	10004660 <__wrap___aeabi_dadd>
100061e6:	0336      	lsls	r6, r6, #12
100061e8:	4bb1      	ldr	r3, [pc, #708]	@ (100064b0 <_etoa+0x530>)
100061ea:	0b36      	lsrs	r6, r6, #12
100061ec:	4333      	orrs	r3, r6
100061ee:	0004      	movs	r4, r0
100061f0:	000d      	movs	r5, r1
100061f2:	0038      	movs	r0, r7
100061f4:	0019      	movs	r1, r3
100061f6:	2200      	movs	r2, #0
100061f8:	4bae      	ldr	r3, [pc, #696]	@ (100064b4 <_etoa+0x534>)
100061fa:	f7fe fa28 	bl	1000464e <__wrap___aeabi_dsub>
100061fe:	4aae      	ldr	r2, [pc, #696]	@ (100064b8 <_etoa+0x538>)
10006200:	4bae      	ldr	r3, [pc, #696]	@ (100064bc <_etoa+0x53c>)
10006202:	f7fe fa54 	bl	100046ae <__wrap___aeabi_dmul>
10006206:	0002      	movs	r2, r0
10006208:	000b      	movs	r3, r1
1000620a:	0020      	movs	r0, r4
1000620c:	0029      	movs	r1, r5
1000620e:	f7fe fa27 	bl	10004660 <__wrap___aeabi_dadd>
10006212:	f7fe fad3 	bl	100047bc <__wrap___aeabi_d2iz>
10006216:	900a      	str	r0, [sp, #40]	@ 0x28
10006218:	f7fe fab8 	bl	1000478c <__wrap___aeabi_i2d>
1000621c:	4aa8      	ldr	r2, [pc, #672]	@ (100064c0 <_etoa+0x540>)
1000621e:	4ba9      	ldr	r3, [pc, #676]	@ (100064c4 <_etoa+0x544>)
10006220:	0004      	movs	r4, r0
10006222:	000d      	movs	r5, r1
10006224:	f7fe fa43 	bl	100046ae <__wrap___aeabi_dmul>
10006228:	2200      	movs	r2, #0
1000622a:	4ba7      	ldr	r3, [pc, #668]	@ (100064c8 <_etoa+0x548>)
1000622c:	f7fe fa18 	bl	10004660 <__wrap___aeabi_dadd>
10006230:	f7fe fac4 	bl	100047bc <__wrap___aeabi_d2iz>
10006234:	4aa5      	ldr	r2, [pc, #660]	@ (100064cc <_etoa+0x54c>)
10006236:	0006      	movs	r6, r0
10006238:	4ba5      	ldr	r3, [pc, #660]	@ (100064d0 <_etoa+0x550>)
1000623a:	0020      	movs	r0, r4
1000623c:	0029      	movs	r1, r5
1000623e:	f7fe fa36 	bl	100046ae <__wrap___aeabi_dmul>
10006242:	0004      	movs	r4, r0
10006244:	0030      	movs	r0, r6
10006246:	000d      	movs	r5, r1
10006248:	960c      	str	r6, [sp, #48]	@ 0x30
1000624a:	f7fe fa9f 	bl	1000478c <__wrap___aeabi_i2d>
1000624e:	4aa1      	ldr	r2, [pc, #644]	@ (100064d4 <_etoa+0x554>)
10006250:	4ba1      	ldr	r3, [pc, #644]	@ (100064d8 <_etoa+0x558>)
10006252:	f7fe fa2c 	bl	100046ae <__wrap___aeabi_dmul>
10006256:	0002      	movs	r2, r0
10006258:	000b      	movs	r3, r1
1000625a:	0020      	movs	r0, r4
1000625c:	0029      	movs	r1, r5
1000625e:	f7fe f9f6 	bl	1000464e <__wrap___aeabi_dsub>
10006262:	0002      	movs	r2, r0
10006264:	000b      	movs	r3, r1
10006266:	0006      	movs	r6, r0
10006268:	000f      	movs	r7, r1
1000626a:	f7fe fa20 	bl	100046ae <__wrap___aeabi_dmul>
1000626e:	0032      	movs	r2, r6
10006270:	0004      	movs	r4, r0
10006272:	000d      	movs	r5, r1
10006274:	003b      	movs	r3, r7
10006276:	0030      	movs	r0, r6
10006278:	0039      	movs	r1, r7
1000627a:	f7fe f9f1 	bl	10004660 <__wrap___aeabi_dadd>
1000627e:	2200      	movs	r2, #0
10006280:	900e      	str	r0, [sp, #56]	@ 0x38
10006282:	910f      	str	r1, [sp, #60]	@ 0x3c
10006284:	4b95      	ldr	r3, [pc, #596]	@ (100064dc <_etoa+0x55c>)
10006286:	0020      	movs	r0, r4
10006288:	0029      	movs	r1, r5
1000628a:	f7fe f9f2 	bl	10004672 <__wrap___aeabi_ddiv>
1000628e:	2200      	movs	r2, #0
10006290:	4b93      	ldr	r3, [pc, #588]	@ (100064e0 <_etoa+0x560>)
10006292:	f7fe f9e5 	bl	10004660 <__wrap___aeabi_dadd>
10006296:	0002      	movs	r2, r0
10006298:	000b      	movs	r3, r1
1000629a:	0020      	movs	r0, r4
1000629c:	0029      	movs	r1, r5
1000629e:	f7fe f9e8 	bl	10004672 <__wrap___aeabi_ddiv>
100062a2:	2200      	movs	r2, #0
100062a4:	4b8f      	ldr	r3, [pc, #572]	@ (100064e4 <_etoa+0x564>)
100062a6:	f7fe f9db 	bl	10004660 <__wrap___aeabi_dadd>
100062aa:	0002      	movs	r2, r0
100062ac:	000b      	movs	r3, r1
100062ae:	0020      	movs	r0, r4
100062b0:	0029      	movs	r1, r5
100062b2:	f7fe f9de 	bl	10004672 <__wrap___aeabi_ddiv>
100062b6:	000d      	movs	r5, r1
100062b8:	2180      	movs	r1, #128	@ 0x80
100062ba:	0004      	movs	r4, r0
100062bc:	0032      	movs	r2, r6
100062be:	003b      	movs	r3, r7
100062c0:	2000      	movs	r0, #0
100062c2:	05c9      	lsls	r1, r1, #23
100062c4:	f7fe f9c3 	bl	1000464e <__wrap___aeabi_dsub>
100062c8:	0002      	movs	r2, r0
100062ca:	000b      	movs	r3, r1
100062cc:	0020      	movs	r0, r4
100062ce:	0029      	movs	r1, r5
100062d0:	f7fe f9c6 	bl	10004660 <__wrap___aeabi_dadd>
100062d4:	0002      	movs	r2, r0
100062d6:	000b      	movs	r3, r1
100062d8:	980e      	ldr	r0, [sp, #56]	@ 0x38
100062da:	990f      	ldr	r1, [sp, #60]	@ 0x3c
100062dc:	f7fe f9c9 	bl	10004672 <__wrap___aeabi_ddiv>
100062e0:	2200      	movs	r2, #0
100062e2:	4b73      	ldr	r3, [pc, #460]	@ (100064b0 <_etoa+0x530>)
100062e4:	f7fe f9bc 	bl	10004660 <__wrap___aeabi_dadd>
100062e8:	4b7f      	ldr	r3, [pc, #508]	@ (100064e8 <_etoa+0x568>)
100062ea:	9c0c      	ldr	r4, [sp, #48]	@ 0x30
100062ec:	469c      	mov	ip, r3
100062ee:	4464      	add	r4, ip
100062f0:	2200      	movs	r2, #0
100062f2:	0523      	lsls	r3, r4, #20
100062f4:	f7fe f9db 	bl	100046ae <__wrap___aeabi_dmul>
100062f8:	0006      	movs	r6, r0
100062fa:	000f      	movs	r7, r1
100062fc:	0002      	movs	r2, r0
100062fe:	000b      	movs	r3, r1
10006300:	9808      	ldr	r0, [sp, #32]
10006302:	9909      	ldr	r1, [sp, #36]	@ 0x24
10006304:	f7fe fa16 	bl	10004734 <__wrap___aeabi_dcmplt>
10006308:	2800      	cmp	r0, #0
1000630a:	d00a      	beq.n	10006322 <_etoa+0x3a2>
1000630c:	9b0a      	ldr	r3, [sp, #40]	@ 0x28
1000630e:	0030      	movs	r0, r6
10006310:	3b01      	subs	r3, #1
10006312:	0039      	movs	r1, r7
10006314:	930a      	str	r3, [sp, #40]	@ 0x28
10006316:	2200      	movs	r2, #0
10006318:	4b71      	ldr	r3, [pc, #452]	@ (100064e0 <_etoa+0x560>)
1000631a:	f7fe f9aa 	bl	10004672 <__wrap___aeabi_ddiv>
1000631e:	0006      	movs	r6, r0
10006320:	000f      	movs	r7, r1
10006322:	9a0a      	ldr	r2, [sp, #40]	@ 0x28
10006324:	0033      	movs	r3, r6
10006326:	3263      	adds	r2, #99	@ 0x63
10006328:	0039      	movs	r1, r7
1000632a:	2ac6      	cmp	r2, #198	@ 0xc6
1000632c:	d812      	bhi.n	10006354 <_etoa+0x3d4>
1000632e:	2202      	movs	r2, #2
10006330:	9826      	ldr	r0, [sp, #152]	@ 0x98
10006332:	2504      	movs	r5, #4
10006334:	4010      	ands	r0, r2
10006336:	9a0b      	ldr	r2, [sp, #44]	@ 0x2c
10006338:	900c      	str	r0, [sp, #48]	@ 0x30
1000633a:	2a00      	cmp	r2, #0
1000633c:	d125      	bne.n	1000638a <_etoa+0x40a>
1000633e:	9b25      	ldr	r3, [sp, #148]	@ 0x94
10006340:	2b04      	cmp	r3, #4
10006342:	d905      	bls.n	10006350 <_etoa+0x3d0>
10006344:	2800      	cmp	r0, #0
10006346:	d000      	beq.n	1000634a <_etoa+0x3ca>
10006348:	e0a1      	b.n	1000648e <_etoa+0x50e>
1000634a:	9b25      	ldr	r3, [sp, #148]	@ 0x94
1000634c:	3b04      	subs	r3, #4
1000634e:	930b      	str	r3, [sp, #44]	@ 0x2c
10006350:	2504      	movs	r5, #4
10006352:	e041      	b.n	100063d8 <_etoa+0x458>
10006354:	2202      	movs	r2, #2
10006356:	9826      	ldr	r0, [sp, #152]	@ 0x98
10006358:	4010      	ands	r0, r2
1000635a:	9a0b      	ldr	r2, [sp, #44]	@ 0x2c
1000635c:	900c      	str	r0, [sp, #48]	@ 0x30
1000635e:	2a00      	cmp	r2, #0
10006360:	d112      	bne.n	10006388 <_etoa+0x408>
10006362:	9b25      	ldr	r3, [sp, #148]	@ 0x94
10006364:	2b05      	cmp	r3, #5
10006366:	d976      	bls.n	10006456 <_etoa+0x4d6>
10006368:	2800      	cmp	r0, #0
1000636a:	d172      	bne.n	10006452 <_etoa+0x4d2>
1000636c:	9b25      	ldr	r3, [sp, #148]	@ 0x94
1000636e:	2505      	movs	r5, #5
10006370:	3b05      	subs	r3, #5
10006372:	930b      	str	r3, [sp, #44]	@ 0x2c
10006374:	e034      	b.n	100063e0 <_etoa+0x460>
10006376:	2280      	movs	r2, #128	@ 0x80
10006378:	0612      	lsls	r2, r2, #24
1000637a:	4694      	mov	ip, r2
1000637c:	9b22      	ldr	r3, [sp, #136]	@ 0x88
1000637e:	9308      	str	r3, [sp, #32]
10006380:	9b23      	ldr	r3, [sp, #140]	@ 0x8c
10006382:	4463      	add	r3, ip
10006384:	9309      	str	r3, [sp, #36]	@ 0x24
10006386:	e630      	b.n	10005fea <_etoa+0x6a>
10006388:	2505      	movs	r5, #5
1000638a:	430b      	orrs	r3, r1
1000638c:	d100      	bne.n	10006390 <_etoa+0x410>
1000638e:	e6f6      	b.n	1000617e <_etoa+0x1fe>
10006390:	9808      	ldr	r0, [sp, #32]
10006392:	9909      	ldr	r1, [sp, #36]	@ 0x24
10006394:	4a55      	ldr	r2, [pc, #340]	@ (100064ec <_etoa+0x56c>)
10006396:	4b56      	ldr	r3, [pc, #344]	@ (100064f0 <_etoa+0x570>)
10006398:	f7fe f9da 	bl	10004750 <__wrap___aeabi_dcmpge>
1000639c:	2800      	cmp	r0, #0
1000639e:	d008      	beq.n	100063b2 <_etoa+0x432>
100063a0:	9808      	ldr	r0, [sp, #32]
100063a2:	9909      	ldr	r1, [sp, #36]	@ 0x24
100063a4:	2200      	movs	r2, #0
100063a6:	4b53      	ldr	r3, [pc, #332]	@ (100064f4 <_etoa+0x574>)
100063a8:	f7fe f9c4 	bl	10004734 <__wrap___aeabi_dcmplt>
100063ac:	2800      	cmp	r0, #0
100063ae:	d000      	beq.n	100063b2 <_etoa+0x432>
100063b0:	e6e5      	b.n	1000617e <_etoa+0x1fe>
100063b2:	9b24      	ldr	r3, [sp, #144]	@ 0x90
100063b4:	2b00      	cmp	r3, #0
100063b6:	d01c      	beq.n	100063f2 <_etoa+0x472>
100063b8:	9b0d      	ldr	r3, [sp, #52]	@ 0x34
100063ba:	2b00      	cmp	r3, #0
100063bc:	d019      	beq.n	100063f2 <_etoa+0x472>
100063be:	9b24      	ldr	r3, [sp, #144]	@ 0x90
100063c0:	3b01      	subs	r3, #1
100063c2:	9324      	str	r3, [sp, #144]	@ 0x90
100063c4:	9b25      	ldr	r3, [sp, #148]	@ 0x94
100063c6:	42ab      	cmp	r3, r5
100063c8:	d904      	bls.n	100063d4 <_etoa+0x454>
100063ca:	9b0c      	ldr	r3, [sp, #48]	@ 0x30
100063cc:	2b00      	cmp	r3, #0
100063ce:	d05a      	beq.n	10006486 <_etoa+0x506>
100063d0:	2302      	movs	r3, #2
100063d2:	930c      	str	r3, [sp, #48]	@ 0x30
100063d4:	2300      	movs	r3, #0
100063d6:	930b      	str	r3, [sp, #44]	@ 0x2c
100063d8:	9b0a      	ldr	r3, [sp, #40]	@ 0x28
100063da:	2b00      	cmp	r3, #0
100063dc:	d100      	bne.n	100063e0 <_etoa+0x460>
100063de:	e631      	b.n	10006044 <_etoa+0xc4>
100063e0:	9808      	ldr	r0, [sp, #32]
100063e2:	9909      	ldr	r1, [sp, #36]	@ 0x24
100063e4:	0032      	movs	r2, r6
100063e6:	003b      	movs	r3, r7
100063e8:	f7fe f943 	bl	10004672 <__wrap___aeabi_ddiv>
100063ec:	9008      	str	r0, [sp, #32]
100063ee:	9109      	str	r1, [sp, #36]	@ 0x24
100063f0:	e628      	b.n	10006044 <_etoa+0xc4>
100063f2:	9b25      	ldr	r3, [sp, #148]	@ 0x94
100063f4:	42ab      	cmp	r3, r5
100063f6:	d9ed      	bls.n	100063d4 <_etoa+0x454>
100063f8:	9b0c      	ldr	r3, [sp, #48]	@ 0x30
100063fa:	2b00      	cmp	r3, #0
100063fc:	d043      	beq.n	10006486 <_etoa+0x506>
100063fe:	2300      	movs	r3, #0
10006400:	930b      	str	r3, [sp, #44]	@ 0x2c
10006402:	3302      	adds	r3, #2
10006404:	930c      	str	r3, [sp, #48]	@ 0x30
10006406:	e7e7      	b.n	100063d8 <_etoa+0x458>
10006408:	2080      	movs	r0, #128	@ 0x80
1000640a:	9b26      	ldr	r3, [sp, #152]	@ 0x98
1000640c:	4a3a      	ldr	r2, [pc, #232]	@ (100064f8 <_etoa+0x578>)
1000640e:	0600      	lsls	r0, r0, #24
10006410:	401a      	ands	r2, r3
10006412:	2380      	movs	r3, #128	@ 0x80
10006414:	4684      	mov	ip, r0
10006416:	9402      	str	r4, [sp, #8]
10006418:	9c08      	ldr	r4, [sp, #32]
1000641a:	9d09      	ldr	r5, [sp, #36]	@ 0x24
1000641c:	0029      	movs	r1, r5
1000641e:	00db      	lsls	r3, r3, #3
10006420:	4313      	orrs	r3, r2
10006422:	9304      	str	r3, [sp, #16]
10006424:	9b25      	ldr	r3, [sp, #148]	@ 0x94
10006426:	4461      	add	r1, ip
10006428:	0022      	movs	r2, r4
1000642a:	9303      	str	r3, [sp, #12]
1000642c:	000b      	movs	r3, r1
1000642e:	9200      	str	r2, [sp, #0]
10006430:	9301      	str	r3, [sp, #4]
10006432:	e68e      	b.n	10006152 <_etoa+0x1d2>
10006434:	2405      	movs	r4, #5
10006436:	e6a8      	b.n	1000618a <_etoa+0x20a>
10006438:	2300      	movs	r3, #0
1000643a:	930b      	str	r3, [sp, #44]	@ 0x2c
1000643c:	930a      	str	r3, [sp, #40]	@ 0x28
1000643e:	3302      	adds	r3, #2
10006440:	2504      	movs	r5, #4
10006442:	930c      	str	r3, [sp, #48]	@ 0x30
10006444:	e5fe      	b.n	10006044 <_etoa+0xc4>
10006446:	4653      	mov	r3, sl
10006448:	468c      	mov	ip, r1
1000644a:	3b01      	subs	r3, #1
1000644c:	4463      	add	r3, ip
1000644e:	1a1b      	subs	r3, r3, r0
10006450:	e672      	b.n	10006138 <_etoa+0x1b8>
10006452:	2302      	movs	r3, #2
10006454:	930c      	str	r3, [sp, #48]	@ 0x30
10006456:	2505      	movs	r5, #5
10006458:	e7c2      	b.n	100063e0 <_etoa+0x460>
1000645a:	2304      	movs	r3, #4
1000645c:	e5ed      	b.n	1000603a <_etoa+0xba>
1000645e:	2080      	movs	r0, #128	@ 0x80
10006460:	9e08      	ldr	r6, [sp, #32]
10006462:	9f09      	ldr	r7, [sp, #36]	@ 0x24
10006464:	0600      	lsls	r0, r0, #24
10006466:	0039      	movs	r1, r7
10006468:	4684      	mov	ip, r0
1000646a:	9a26      	ldr	r2, [sp, #152]	@ 0x98
1000646c:	4b22      	ldr	r3, [pc, #136]	@ (100064f8 <_etoa+0x578>)
1000646e:	4461      	add	r1, ip
10006470:	4013      	ands	r3, r2
10006472:	9304      	str	r3, [sp, #16]
10006474:	9b0b      	ldr	r3, [sp, #44]	@ 0x2c
10006476:	0032      	movs	r2, r6
10006478:	9303      	str	r3, [sp, #12]
1000647a:	9b24      	ldr	r3, [sp, #144]	@ 0x90
1000647c:	9302      	str	r3, [sp, #8]
1000647e:	000b      	movs	r3, r1
10006480:	9200      	str	r2, [sp, #0]
10006482:	9301      	str	r3, [sp, #4]
10006484:	e5f3      	b.n	1000606e <_etoa+0xee>
10006486:	9b25      	ldr	r3, [sp, #148]	@ 0x94
10006488:	1b5b      	subs	r3, r3, r5
1000648a:	930b      	str	r3, [sp, #44]	@ 0x2c
1000648c:	e7a4      	b.n	100063d8 <_etoa+0x458>
1000648e:	2302      	movs	r3, #2
10006490:	2504      	movs	r5, #4
10006492:	930c      	str	r3, [sp, #48]	@ 0x30
10006494:	e7a0      	b.n	100063d8 <_etoa+0x458>
10006496:	1a9c      	subs	r4, r3, r2
10006498:	3c01      	subs	r4, #1
1000649a:	e676      	b.n	1000618a <_etoa+0x20a>
1000649c:	fffffc01 	.word	0xfffffc01
100064a0:	509f79fb 	.word	0x509f79fb
100064a4:	3fd34413 	.word	0x3fd34413
100064a8:	8b60c8b3 	.word	0x8b60c8b3
100064ac:	3fc68a28 	.word	0x3fc68a28
100064b0:	3ff00000 	.word	0x3ff00000
100064b4:	3ff80000 	.word	0x3ff80000
100064b8:	636f4361 	.word	0x636f4361
100064bc:	3fd287a7 	.word	0x3fd287a7
100064c0:	0979a371 	.word	0x0979a371
100064c4:	400a934f 	.word	0x400a934f
100064c8:	3fe00000 	.word	0x3fe00000
100064cc:	bbb55516 	.word	0xbbb55516
100064d0:	40026bb1 	.word	0x40026bb1
100064d4:	fefa39ef 	.word	0xfefa39ef
100064d8:	3fe62e42 	.word	0x3fe62e42
100064dc:	402c0000 	.word	0x402c0000
100064e0:	40240000 	.word	0x40240000
100064e4:	40180000 	.word	0x40180000
100064e8:	000003ff 	.word	0x000003ff
100064ec:	eb1c432d 	.word	0xeb1c432d
100064f0:	3f1a36e2 	.word	0x3f1a36e2
100064f4:	412e8480 	.word	0x412e8480
100064f8:	fffff7ff 	.word	0xfffff7ff

100064fc <_vsnprintf>:
100064fc:	b5f0      	push	{r4, r5, r6, r7, lr}
100064fe:	46de      	mov	lr, fp
10006500:	4657      	mov	r7, sl
10006502:	464e      	mov	r6, r9
10006504:	4645      	mov	r5, r8
10006506:	b5e0      	push	{r5, r6, r7, lr}
10006508:	b0a5      	sub	sp, #148	@ 0x94
1000650a:	001e      	movs	r6, r3
1000650c:	9b2e      	ldr	r3, [sp, #184]	@ 0xb8
1000650e:	4692      	mov	sl, r2
10006510:	930c      	str	r3, [sp, #48]	@ 0x30
10006512:	4acd      	ldr	r2, [pc, #820]	@ (10006848 <_vsnprintf+0x34c>)
10006514:	4bcd      	ldr	r3, [pc, #820]	@ (1000684c <_vsnprintf+0x350>)
10006516:	4680      	mov	r8, r0
10006518:	468b      	mov	fp, r1
1000651a:	601a      	str	r2, [r3, #0]
1000651c:	2900      	cmp	r1, #0
1000651e:	d100      	bne.n	10006522 <_vsnprintf+0x26>
10006520:	e1ea      	b.n	100068f8 <_vsnprintf+0x3fc>
10006522:	2300      	movs	r3, #0
10006524:	7830      	ldrb	r0, [r6, #0]
10006526:	4699      	mov	r9, r3
10006528:	2800      	cmp	r0, #0
1000652a:	d100      	bne.n	1000652e <_vsnprintf+0x32>
1000652c:	e1ec      	b.n	10006908 <_vsnprintf+0x40c>
1000652e:	4bc8      	ldr	r3, [pc, #800]	@ (10006850 <_vsnprintf+0x354>)
10006530:	464c      	mov	r4, r9
10006532:	930b      	str	r3, [sp, #44]	@ 0x2c
10006534:	4bc7      	ldr	r3, [pc, #796]	@ (10006854 <_vsnprintf+0x358>)
10006536:	4645      	mov	r5, r8
10006538:	4657      	mov	r7, sl
1000653a:	930e      	str	r3, [sp, #56]	@ 0x38
1000653c:	e00a      	b.n	10006554 <_vsnprintf+0x58>
1000653e:	1c63      	adds	r3, r4, #1
10006540:	4698      	mov	r8, r3
10006542:	0022      	movs	r2, r4
10006544:	003b      	movs	r3, r7
10006546:	4659      	mov	r1, fp
10006548:	47a8      	blx	r5
1000654a:	4644      	mov	r4, r8
1000654c:	7830      	ldrb	r0, [r6, #0]
1000654e:	2800      	cmp	r0, #0
10006550:	d100      	bne.n	10006554 <_vsnprintf+0x58>
10006552:	e087      	b.n	10006664 <_vsnprintf+0x168>
10006554:	3601      	adds	r6, #1
10006556:	2825      	cmp	r0, #37	@ 0x25
10006558:	d1f1      	bne.n	1000653e <_vsnprintf+0x42>
1000655a:	2308      	movs	r3, #8
1000655c:	469a      	mov	sl, r3
1000655e:	3b04      	subs	r3, #4
10006560:	4699      	mov	r9, r3
10006562:	3b02      	subs	r3, #2
10006564:	4698      	mov	r8, r3
10006566:	3b01      	subs	r3, #1
10006568:	2200      	movs	r2, #0
1000656a:	469c      	mov	ip, r3
1000656c:	940d      	str	r4, [sp, #52]	@ 0x34
1000656e:	7830      	ldrb	r0, [r6, #0]
10006570:	1c71      	adds	r1, r6, #1
10006572:	0003      	movs	r3, r0
10006574:	3b20      	subs	r3, #32
10006576:	b2db      	uxtb	r3, r3
10006578:	2b10      	cmp	r3, #16
1000657a:	d803      	bhi.n	10006584 <_vsnprintf+0x88>
1000657c:	9c0b      	ldr	r4, [sp, #44]	@ 0x2c
1000657e:	009b      	lsls	r3, r3, #2
10006580:	58e3      	ldr	r3, [r4, r3]
10006582:	469f      	mov	pc, r3
10006584:	0003      	movs	r3, r0
10006586:	3b30      	subs	r3, #48	@ 0x30
10006588:	4689      	mov	r9, r1
1000658a:	9c0d      	ldr	r4, [sp, #52]	@ 0x34
1000658c:	2b09      	cmp	r3, #9
1000658e:	d93a      	bls.n	10006606 <_vsnprintf+0x10a>
10006590:	2300      	movs	r3, #0
10006592:	4698      	mov	r8, r3
10006594:	282a      	cmp	r0, #42	@ 0x2a
10006596:	d100      	bne.n	1000659a <_vsnprintf+0x9e>
10006598:	e0c1      	b.n	1000671e <_vsnprintf+0x222>
1000659a:	2300      	movs	r3, #0
1000659c:	469a      	mov	sl, r3
1000659e:	282e      	cmp	r0, #46	@ 0x2e
100065a0:	d04b      	beq.n	1000663a <_vsnprintf+0x13e>
100065a2:	0003      	movs	r3, r0
100065a4:	3b68      	subs	r3, #104	@ 0x68
100065a6:	b2db      	uxtb	r3, r3
100065a8:	2b12      	cmp	r3, #18
100065aa:	d81e      	bhi.n	100065ea <_vsnprintf+0xee>
100065ac:	990e      	ldr	r1, [sp, #56]	@ 0x38
100065ae:	009b      	lsls	r3, r3, #2
100065b0:	58cb      	ldr	r3, [r1, r3]
100065b2:	469f      	mov	pc, r3
100065b4:	4663      	mov	r3, ip
100065b6:	000e      	movs	r6, r1
100065b8:	431a      	orrs	r2, r3
100065ba:	e7d8      	b.n	1000656e <_vsnprintf+0x72>
100065bc:	4643      	mov	r3, r8
100065be:	000e      	movs	r6, r1
100065c0:	431a      	orrs	r2, r3
100065c2:	e7d4      	b.n	1000656e <_vsnprintf+0x72>
100065c4:	464b      	mov	r3, r9
100065c6:	000e      	movs	r6, r1
100065c8:	431a      	orrs	r2, r3
100065ca:	e7d0      	b.n	1000656e <_vsnprintf+0x72>
100065cc:	2310      	movs	r3, #16
100065ce:	000e      	movs	r6, r1
100065d0:	431a      	orrs	r2, r3
100065d2:	e7cc      	b.n	1000656e <_vsnprintf+0x72>
100065d4:	4653      	mov	r3, sl
100065d6:	000e      	movs	r6, r1
100065d8:	431a      	orrs	r2, r3
100065da:	e7c8      	b.n	1000656e <_vsnprintf+0x72>
100065dc:	2380      	movs	r3, #128	@ 0x80
100065de:	005b      	lsls	r3, r3, #1
100065e0:	431a      	orrs	r2, r3
100065e2:	3bff      	subs	r3, #255	@ 0xff
100065e4:	469c      	mov	ip, r3
100065e6:	7870      	ldrb	r0, [r6, #1]
100065e8:	44e1      	add	r9, ip
100065ea:	464e      	mov	r6, r9
100065ec:	2867      	cmp	r0, #103	@ 0x67
100065ee:	d84f      	bhi.n	10006690 <_vsnprintf+0x194>
100065f0:	2824      	cmp	r0, #36	@ 0x24
100065f2:	d9a4      	bls.n	1000653e <_vsnprintf+0x42>
100065f4:	0003      	movs	r3, r0
100065f6:	3b25      	subs	r3, #37	@ 0x25
100065f8:	b2db      	uxtb	r3, r3
100065fa:	2b42      	cmp	r3, #66	@ 0x42
100065fc:	d89f      	bhi.n	1000653e <_vsnprintf+0x42>
100065fe:	4996      	ldr	r1, [pc, #600]	@ (10006858 <_vsnprintf+0x35c>)
10006600:	009b      	lsls	r3, r3, #2
10006602:	58cb      	ldr	r3, [r1, r3]
10006604:	469f      	mov	pc, r3
10006606:	2300      	movs	r3, #0
10006608:	4694      	mov	ip, r2
1000660a:	001e      	movs	r6, r3
1000660c:	e000      	b.n	10006610 <_vsnprintf+0x114>
1000660e:	3101      	adds	r1, #1
10006610:	00b3      	lsls	r3, r6, #2
10006612:	199b      	adds	r3, r3, r6
10006614:	005b      	lsls	r3, r3, #1
10006616:	181e      	adds	r6, r3, r0
10006618:	7808      	ldrb	r0, [r1, #0]
1000661a:	3e30      	subs	r6, #48	@ 0x30
1000661c:	0003      	movs	r3, r0
1000661e:	3b30      	subs	r3, #48	@ 0x30
10006620:	2b09      	cmp	r3, #9
10006622:	d9f4      	bls.n	1000660e <_vsnprintf+0x112>
10006624:	2301      	movs	r3, #1
10006626:	4662      	mov	r2, ip
10006628:	4689      	mov	r9, r1
1000662a:	469c      	mov	ip, r3
1000662c:	2300      	movs	r3, #0
1000662e:	46b0      	mov	r8, r6
10006630:	469a      	mov	sl, r3
10006632:	000e      	movs	r6, r1
10006634:	44e1      	add	r9, ip
10006636:	282e      	cmp	r0, #46	@ 0x2e
10006638:	d1b3      	bne.n	100065a2 <_vsnprintf+0xa6>
1000663a:	2130      	movs	r1, #48	@ 0x30
1000663c:	2080      	movs	r0, #128	@ 0x80
1000663e:	4249      	negs	r1, r1
10006640:	468c      	mov	ip, r1
10006642:	00c0      	lsls	r0, r0, #3
10006644:	4302      	orrs	r2, r0
10006646:	7870      	ldrb	r0, [r6, #1]
10006648:	464b      	mov	r3, r9
1000664a:	4484      	add	ip, r0
1000664c:	4661      	mov	r1, ip
1000664e:	2909      	cmp	r1, #9
10006650:	d800      	bhi.n	10006654 <_vsnprintf+0x158>
10006652:	e16c      	b.n	1000692e <_vsnprintf+0x432>
10006654:	282a      	cmp	r0, #42	@ 0x2a
10006656:	d100      	bne.n	1000665a <_vsnprintf+0x15e>
10006658:	e17a      	b.n	10006950 <_vsnprintf+0x454>
1000665a:	2301      	movs	r3, #1
1000665c:	469c      	mov	ip, r3
1000665e:	464e      	mov	r6, r9
10006660:	44e1      	add	r9, ip
10006662:	e79e      	b.n	100065a2 <_vsnprintf+0xa6>
10006664:	46a1      	mov	r9, r4
10006666:	46a8      	mov	r8, r5
10006668:	46ba      	mov	sl, r7
1000666a:	45ca      	cmp	sl, r9
1000666c:	d803      	bhi.n	10006676 <_vsnprintf+0x17a>
1000666e:	2301      	movs	r3, #1
10006670:	425b      	negs	r3, r3
10006672:	4453      	add	r3, sl
10006674:	4699      	mov	r9, r3
10006676:	4653      	mov	r3, sl
10006678:	464a      	mov	r2, r9
1000667a:	4659      	mov	r1, fp
1000667c:	2000      	movs	r0, #0
1000667e:	47c0      	blx	r8
10006680:	0020      	movs	r0, r4
10006682:	b025      	add	sp, #148	@ 0x94
10006684:	bcf0      	pop	{r4, r5, r6, r7}
10006686:	46bb      	mov	fp, r7
10006688:	46b2      	mov	sl, r6
1000668a:	46a9      	mov	r9, r5
1000668c:	46a0      	mov	r8, r4
1000668e:	bdf0      	pop	{r4, r5, r6, r7, pc}
10006690:	0003      	movs	r3, r0
10006692:	3b69      	subs	r3, #105	@ 0x69
10006694:	b2db      	uxtb	r3, r3
10006696:	930d      	str	r3, [sp, #52]	@ 0x34
10006698:	2b0f      	cmp	r3, #15
1000669a:	d900      	bls.n	1000669e <_vsnprintf+0x1a2>
1000669c:	e74f      	b.n	1000653e <_vsnprintf+0x42>
1000669e:	2101      	movs	r1, #1
100066a0:	4099      	lsls	r1, r3
100066a2:	468c      	mov	ip, r1
100066a4:	496d      	ldr	r1, [pc, #436]	@ (1000685c <_vsnprintf+0x360>)
100066a6:	4689      	mov	r9, r1
100066a8:	4661      	mov	r1, ip
100066aa:	464b      	mov	r3, r9
100066ac:	4019      	ands	r1, r3
100066ae:	910f      	str	r1, [sp, #60]	@ 0x3c
100066b0:	4663      	mov	r3, ip
100066b2:	4649      	mov	r1, r9
100066b4:	420b      	tst	r3, r1
100066b6:	d000      	beq.n	100066ba <_vsnprintf+0x1be>
100066b8:	e128      	b.n	1000690c <_vsnprintf+0x410>
100066ba:	9b0d      	ldr	r3, [sp, #52]	@ 0x34
100066bc:	2b0a      	cmp	r3, #10
100066be:	d03a      	beq.n	10006736 <_vsnprintf+0x23a>
100066c0:	2b07      	cmp	r3, #7
100066c2:	d000      	beq.n	100066c6 <_vsnprintf+0x1ca>
100066c4:	e73b      	b.n	1000653e <_vsnprintf+0x42>
100066c6:	9b0c      	ldr	r3, [sp, #48]	@ 0x30
100066c8:	0019      	movs	r1, r3
100066ca:	c908      	ldmia	r1!, {r3}
100066cc:	4688      	mov	r8, r1
100066ce:	2b00      	cmp	r3, #0
100066d0:	d100      	bne.n	100066d4 <_vsnprintf+0x1d8>
100066d2:	e14b      	b.n	1000696c <_vsnprintf+0x470>
100066d4:	2021      	movs	r0, #33	@ 0x21
100066d6:	4302      	orrs	r2, r0
100066d8:	4691      	mov	r9, r2
100066da:	a914      	add	r1, sp, #80	@ 0x50
100066dc:	468c      	mov	ip, r1
100066de:	221f      	movs	r2, #31
100066e0:	210f      	movs	r1, #15
100066e2:	4462      	add	r2, ip
100066e4:	468c      	mov	ip, r1
100066e6:	4651      	mov	r1, sl
100066e8:	950d      	str	r5, [sp, #52]	@ 0x34
100066ea:	910c      	str	r1, [sp, #48]	@ 0x30
100066ec:	46a2      	mov	sl, r4
100066ee:	0015      	movs	r5, r2
100066f0:	990f      	ldr	r1, [sp, #60]	@ 0x3c
100066f2:	e002      	b.n	100066fa <_vsnprintf+0x1fe>
100066f4:	2920      	cmp	r1, #32
100066f6:	d00c      	beq.n	10006712 <_vsnprintf+0x216>
100066f8:	0013      	movs	r3, r2
100066fa:	4664      	mov	r4, ip
100066fc:	401c      	ands	r4, r3
100066fe:	0020      	movs	r0, r4
10006700:	3037      	adds	r0, #55	@ 0x37
10006702:	2c09      	cmp	r4, #9
10006704:	d800      	bhi.n	10006708 <_vsnprintf+0x20c>
10006706:	3807      	subs	r0, #7
10006708:	3101      	adds	r1, #1
1000670a:	5468      	strb	r0, [r5, r1]
1000670c:	091a      	lsrs	r2, r3, #4
1000670e:	2b0f      	cmp	r3, #15
10006710:	d8f0      	bhi.n	100066f4 <_vsnprintf+0x1f8>
10006712:	9b0c      	ldr	r3, [sp, #48]	@ 0x30
10006714:	4654      	mov	r4, sl
10006716:	9d0d      	ldr	r5, [sp, #52]	@ 0x34
10006718:	469a      	mov	sl, r3
1000671a:	910f      	str	r1, [sp, #60]	@ 0x3c
1000671c:	e133      	b.n	10006986 <_vsnprintf+0x48a>
1000671e:	9b0c      	ldr	r3, [sp, #48]	@ 0x30
10006720:	cb02      	ldmia	r3!, {r1}
10006722:	4688      	mov	r8, r1
10006724:	2900      	cmp	r1, #0
10006726:	db47      	blt.n	100067b8 <_vsnprintf+0x2bc>
10006728:	930c      	str	r3, [sp, #48]	@ 0x30
1000672a:	2301      	movs	r3, #1
1000672c:	469c      	mov	ip, r3
1000672e:	7870      	ldrb	r0, [r6, #1]
10006730:	464e      	mov	r6, r9
10006732:	44e1      	add	r9, ip
10006734:	e731      	b.n	1000659a <_vsnprintf+0x9e>
10006736:	9b0c      	ldr	r3, [sp, #48]	@ 0x30
10006738:	cb02      	ldmia	r3!, {r1}
1000673a:	9314      	str	r3, [sp, #80]	@ 0x50
1000673c:	4653      	mov	r3, sl
1000673e:	2b00      	cmp	r3, #0
10006740:	d100      	bne.n	10006744 <_vsnprintf+0x248>
10006742:	e138      	b.n	100069b6 <_vsnprintf+0x4ba>
10006744:	469c      	mov	ip, r3
10006746:	7808      	ldrb	r0, [r1, #0]
10006748:	000b      	movs	r3, r1
1000674a:	900c      	str	r0, [sp, #48]	@ 0x30
1000674c:	448c      	add	ip, r1
1000674e:	2800      	cmp	r0, #0
10006750:	d101      	bne.n	10006756 <_vsnprintf+0x25a>
10006752:	f000 fc98 	bl	10007086 <_vsnprintf+0xb8a>
10006756:	4689      	mov	r9, r1
10006758:	4661      	mov	r1, ip
1000675a:	4694      	mov	ip, r2
1000675c:	e003      	b.n	10006766 <_vsnprintf+0x26a>
1000675e:	785a      	ldrb	r2, [r3, #1]
10006760:	3301      	adds	r3, #1
10006762:	2a00      	cmp	r2, #0
10006764:	d001      	beq.n	1000676a <_vsnprintf+0x26e>
10006766:	428b      	cmp	r3, r1
10006768:	d1f9      	bne.n	1000675e <_vsnprintf+0x262>
1000676a:	4649      	mov	r1, r9
1000676c:	4662      	mov	r2, ip
1000676e:	1a5b      	subs	r3, r3, r1
10006770:	900c      	str	r0, [sp, #48]	@ 0x30
10006772:	930f      	str	r3, [sp, #60]	@ 0x3c
10006774:	0553      	lsls	r3, r2, #21
10006776:	d500      	bpl.n	1000677a <_vsnprintf+0x27e>
10006778:	e120      	b.n	100069bc <_vsnprintf+0x4c0>
1000677a:	2302      	movs	r3, #2
1000677c:	0018      	movs	r0, r3
1000677e:	4010      	ands	r0, r2
10006780:	900d      	str	r0, [sp, #52]	@ 0x34
10006782:	4213      	tst	r3, r2
10006784:	d100      	bne.n	10006788 <_vsnprintf+0x28c>
10006786:	e3cb      	b.n	10006f20 <_vsnprintf+0xa24>
10006788:	930d      	str	r3, [sp, #52]	@ 0x34
1000678a:	1b0b      	subs	r3, r1, r4
1000678c:	46b1      	mov	r9, r6
1000678e:	469a      	mov	sl, r3
10006790:	465e      	mov	r6, fp
10006792:	980c      	ldr	r0, [sp, #48]	@ 0x30
10006794:	0022      	movs	r2, r4
10006796:	003b      	movs	r3, r7
10006798:	0031      	movs	r1, r6
1000679a:	47a8      	blx	r5
1000679c:	4653      	mov	r3, sl
1000679e:	3401      	adds	r4, #1
100067a0:	5d18      	ldrb	r0, [r3, r4]
100067a2:	2800      	cmp	r0, #0
100067a4:	d1f6      	bne.n	10006794 <_vsnprintf+0x298>
100067a6:	46b3      	mov	fp, r6
100067a8:	464e      	mov	r6, r9
100067aa:	9b0d      	ldr	r3, [sp, #52]	@ 0x34
100067ac:	2b00      	cmp	r3, #0
100067ae:	d000      	beq.n	100067b2 <_vsnprintf+0x2b6>
100067b0:	e1c7      	b.n	10006b42 <_vsnprintf+0x646>
100067b2:	9b14      	ldr	r3, [sp, #80]	@ 0x50
100067b4:	930c      	str	r3, [sp, #48]	@ 0x30
100067b6:	e6c9      	b.n	1000654c <_vsnprintf+0x50>
100067b8:	930c      	str	r3, [sp, #48]	@ 0x30
100067ba:	2301      	movs	r3, #1
100067bc:	469c      	mov	ip, r3
100067be:	3828      	subs	r0, #40	@ 0x28
100067c0:	4249      	negs	r1, r1
100067c2:	4302      	orrs	r2, r0
100067c4:	4688      	mov	r8, r1
100067c6:	7870      	ldrb	r0, [r6, #1]
100067c8:	464e      	mov	r6, r9
100067ca:	44e1      	add	r9, ip
100067cc:	e6e5      	b.n	1000659a <_vsnprintf+0x9e>
100067ce:	7870      	ldrb	r0, [r6, #1]
100067d0:	286c      	cmp	r0, #108	@ 0x6c
100067d2:	d100      	bne.n	100067d6 <_vsnprintf+0x2da>
100067d4:	e17f      	b.n	10006ad6 <_vsnprintf+0x5da>
100067d6:	2380      	movs	r3, #128	@ 0x80
100067d8:	005b      	lsls	r3, r3, #1
100067da:	431a      	orrs	r2, r3
100067dc:	3bff      	subs	r3, #255	@ 0xff
100067de:	469c      	mov	ip, r3
100067e0:	44e1      	add	r9, ip
100067e2:	e702      	b.n	100065ea <_vsnprintf+0xee>
100067e4:	2380      	movs	r3, #128	@ 0x80
100067e6:	009b      	lsls	r3, r3, #2
100067e8:	431a      	orrs	r2, r3
100067ea:	2301      	movs	r3, #1
100067ec:	469c      	mov	ip, r3
100067ee:	7870      	ldrb	r0, [r6, #1]
100067f0:	44e1      	add	r9, ip
100067f2:	e6fa      	b.n	100065ea <_vsnprintf+0xee>
100067f4:	7870      	ldrb	r0, [r6, #1]
100067f6:	2868      	cmp	r0, #104	@ 0x68
100067f8:	d100      	bne.n	100067fc <_vsnprintf+0x300>
100067fa:	e173      	b.n	10006ae4 <_vsnprintf+0x5e8>
100067fc:	2380      	movs	r3, #128	@ 0x80
100067fe:	431a      	orrs	r2, r3
10006800:	3b7f      	subs	r3, #127	@ 0x7f
10006802:	469c      	mov	ip, r3
10006804:	44e1      	add	r9, ip
10006806:	e6f0      	b.n	100065ea <_vsnprintf+0xee>
10006808:	2867      	cmp	r0, #103	@ 0x67
1000680a:	d100      	bne.n	1000680e <_vsnprintf+0x312>
1000680c:	e103      	b.n	10006a16 <_vsnprintf+0x51a>
1000680e:	2847      	cmp	r0, #71	@ 0x47
10006810:	d100      	bne.n	10006814 <_vsnprintf+0x318>
10006812:	e15a      	b.n	10006aca <_vsnprintf+0x5ce>
10006814:	2845      	cmp	r0, #69	@ 0x45
10006816:	d100      	bne.n	1000681a <_vsnprintf+0x31e>
10006818:	e15a      	b.n	10006ad0 <_vsnprintf+0x5d4>
1000681a:	9204      	str	r2, [sp, #16]
1000681c:	2107      	movs	r1, #7
1000681e:	4642      	mov	r2, r8
10006820:	9b0c      	ldr	r3, [sp, #48]	@ 0x30
10006822:	9203      	str	r2, [sp, #12]
10006824:	3307      	adds	r3, #7
10006826:	4652      	mov	r2, sl
10006828:	438b      	bics	r3, r1
1000682a:	0019      	movs	r1, r3
1000682c:	9202      	str	r2, [sp, #8]
1000682e:	c90c      	ldmia	r1!, {r2, r3}
10006830:	0028      	movs	r0, r5
10006832:	9200      	str	r2, [sp, #0]
10006834:	9301      	str	r3, [sp, #4]
10006836:	910c      	str	r1, [sp, #48]	@ 0x30
10006838:	0022      	movs	r2, r4
1000683a:	003b      	movs	r3, r7
1000683c:	4659      	mov	r1, fp
1000683e:	f7ff fb9f 	bl	10005f80 <_etoa>
10006842:	0004      	movs	r4, r0
10006844:	e682      	b.n	1000654c <_vsnprintf+0x50>
10006846:	46c0      	nop			@ (mov r8, r8)
10006848:	100064fd 	.word	0x100064fd
1000684c:	200020dc 	.word	0x200020dc
10006850:	1000d424 	.word	0x1000d424
10006854:	1000d468 	.word	0x1000d468
10006858:	1000d4b4 	.word	0x1000d4b4
1000685c:	00009041 	.word	0x00009041
10006860:	2846      	cmp	r0, #70	@ 0x46
10006862:	d100      	bne.n	10006866 <_vsnprintf+0x36a>
10006864:	e0db      	b.n	10006a1e <_vsnprintf+0x522>
10006866:	9204      	str	r2, [sp, #16]
10006868:	2107      	movs	r1, #7
1000686a:	4642      	mov	r2, r8
1000686c:	9b0c      	ldr	r3, [sp, #48]	@ 0x30
1000686e:	9203      	str	r2, [sp, #12]
10006870:	3307      	adds	r3, #7
10006872:	4652      	mov	r2, sl
10006874:	438b      	bics	r3, r1
10006876:	0019      	movs	r1, r3
10006878:	9202      	str	r2, [sp, #8]
1000687a:	c90c      	ldmia	r1!, {r2, r3}
1000687c:	0028      	movs	r0, r5
1000687e:	9200      	str	r2, [sp, #0]
10006880:	9301      	str	r3, [sp, #4]
10006882:	910c      	str	r1, [sp, #48]	@ 0x30
10006884:	0022      	movs	r2, r4
10006886:	003b      	movs	r3, r7
10006888:	4659      	mov	r1, fp
1000688a:	f7ff f925 	bl	10005ad8 <_ftoa>
1000688e:	0004      	movs	r4, r0
10006890:	e65c      	b.n	1000654c <_vsnprintf+0x50>
10006892:	1c63      	adds	r3, r4, #1
10006894:	4698      	mov	r8, r3
10006896:	0022      	movs	r2, r4
10006898:	003b      	movs	r3, r7
1000689a:	4659      	mov	r1, fp
1000689c:	2025      	movs	r0, #37	@ 0x25
1000689e:	47a8      	blx	r5
100068a0:	4644      	mov	r4, r8
100068a2:	e653      	b.n	1000654c <_vsnprintf+0x50>
100068a4:	9b0c      	ldr	r3, [sp, #48]	@ 0x30
100068a6:	3304      	adds	r3, #4
100068a8:	930d      	str	r3, [sp, #52]	@ 0x34
100068aa:	1c63      	adds	r3, r4, #1
100068ac:	4699      	mov	r9, r3
100068ae:	0792      	lsls	r2, r2, #30
100068b0:	d400      	bmi.n	100068b4 <_vsnprintf+0x3b8>
100068b2:	e122      	b.n	10006afa <_vsnprintf+0x5fe>
100068b4:	9b0c      	ldr	r3, [sp, #48]	@ 0x30
100068b6:	0022      	movs	r2, r4
100068b8:	7818      	ldrb	r0, [r3, #0]
100068ba:	4659      	mov	r1, fp
100068bc:	003b      	movs	r3, r7
100068be:	47a8      	blx	r5
100068c0:	4643      	mov	r3, r8
100068c2:	4444      	add	r4, r8
100068c4:	2b01      	cmp	r3, #1
100068c6:	d800      	bhi.n	100068ca <_vsnprintf+0x3ce>
100068c8:	e285      	b.n	10006dd6 <_vsnprintf+0x8da>
100068ca:	0033      	movs	r3, r6
100068cc:	46b8      	mov	r8, r7
100068ce:	002e      	movs	r6, r5
100068d0:	465f      	mov	r7, fp
100068d2:	0025      	movs	r5, r4
100068d4:	464c      	mov	r4, r9
100068d6:	4699      	mov	r9, r3
100068d8:	0022      	movs	r2, r4
100068da:	4643      	mov	r3, r8
100068dc:	3401      	adds	r4, #1
100068de:	0039      	movs	r1, r7
100068e0:	2020      	movs	r0, #32
100068e2:	47b0      	blx	r6
100068e4:	42ac      	cmp	r4, r5
100068e6:	d1f7      	bne.n	100068d8 <_vsnprintf+0x3dc>
100068e8:	002c      	movs	r4, r5
100068ea:	46bb      	mov	fp, r7
100068ec:	0035      	movs	r5, r6
100068ee:	4647      	mov	r7, r8
100068f0:	464e      	mov	r6, r9
100068f2:	9b0d      	ldr	r3, [sp, #52]	@ 0x34
100068f4:	930c      	str	r3, [sp, #48]	@ 0x30
100068f6:	e629      	b.n	1000654c <_vsnprintf+0x50>
100068f8:	4bdb      	ldr	r3, [pc, #876]	@ (10006c68 <_vsnprintf+0x76c>)
100068fa:	7830      	ldrb	r0, [r6, #0]
100068fc:	4698      	mov	r8, r3
100068fe:	2300      	movs	r3, #0
10006900:	4699      	mov	r9, r3
10006902:	2800      	cmp	r0, #0
10006904:	d000      	beq.n	10006908 <_vsnprintf+0x40c>
10006906:	e612      	b.n	1000652e <_vsnprintf+0x32>
10006908:	2400      	movs	r4, #0
1000690a:	e6ae      	b.n	1000666a <_vsnprintf+0x16e>
1000690c:	286f      	cmp	r0, #111	@ 0x6f
1000690e:	d100      	bne.n	10006912 <_vsnprintf+0x416>
10006910:	e088      	b.n	10006a24 <_vsnprintf+0x528>
10006912:	d800      	bhi.n	10006916 <_vsnprintf+0x41a>
10006914:	e30b      	b.n	10006f2e <_vsnprintf+0xa32>
10006916:	2310      	movs	r3, #16
10006918:	2878      	cmp	r0, #120	@ 0x78
1000691a:	d100      	bne.n	1000691e <_vsnprintf+0x422>
1000691c:	e0cf      	b.n	10006abe <_vsnprintf+0x5c2>
1000691e:	439a      	bics	r2, r3
10006920:	230a      	movs	r3, #10
10006922:	469c      	mov	ip, r3
10006924:	2300      	movs	r3, #0
10006926:	930f      	str	r3, [sp, #60]	@ 0x3c
10006928:	330a      	adds	r3, #10
1000692a:	930d      	str	r3, [sp, #52]	@ 0x34
1000692c:	e080      	b.n	10006a30 <_vsnprintf+0x534>
1000692e:	4656      	mov	r6, sl
10006930:	00b1      	lsls	r1, r6, #2
10006932:	1989      	adds	r1, r1, r6
10006934:	0049      	lsls	r1, r1, #1
10006936:	3301      	adds	r3, #1
10006938:	180e      	adds	r6, r1, r0
1000693a:	7818      	ldrb	r0, [r3, #0]
1000693c:	3e30      	subs	r6, #48	@ 0x30
1000693e:	0001      	movs	r1, r0
10006940:	3930      	subs	r1, #48	@ 0x30
10006942:	2909      	cmp	r1, #9
10006944:	d9f4      	bls.n	10006930 <_vsnprintf+0x434>
10006946:	46b2      	mov	sl, r6
10006948:	001e      	movs	r6, r3
1000694a:	3301      	adds	r3, #1
1000694c:	4699      	mov	r9, r3
1000694e:	e628      	b.n	100065a2 <_vsnprintf+0xa6>
10006950:	9b0c      	ldr	r3, [sp, #48]	@ 0x30
10006952:	3602      	adds	r6, #2
10006954:	cb02      	ldmia	r3!, {r1}
10006956:	468a      	mov	sl, r1
10006958:	43c9      	mvns	r1, r1
1000695a:	4650      	mov	r0, sl
1000695c:	17c9      	asrs	r1, r1, #31
1000695e:	4008      	ands	r0, r1
10006960:	4682      	mov	sl, r0
10006962:	930c      	str	r3, [sp, #48]	@ 0x30
10006964:	7830      	ldrb	r0, [r6, #0]
10006966:	1c73      	adds	r3, r6, #1
10006968:	4699      	mov	r9, r3
1000696a:	e61a      	b.n	100065a2 <_vsnprintf+0xa6>
1000696c:	2310      	movs	r3, #16
1000696e:	0010      	movs	r0, r2
10006970:	4398      	bics	r0, r3
10006972:	3311      	adds	r3, #17
10006974:	4318      	orrs	r0, r3
10006976:	4681      	mov	r9, r0
10006978:	2080      	movs	r0, #128	@ 0x80
1000697a:	0013      	movs	r3, r2
1000697c:	00c0      	lsls	r0, r0, #3
1000697e:	4003      	ands	r3, r0
10006980:	4202      	tst	r2, r0
10006982:	d100      	bne.n	10006986 <_vsnprintf+0x48a>
10006984:	e6a9      	b.n	100066da <_vsnprintf+0x1de>
10006986:	464b      	mov	r3, r9
10006988:	9306      	str	r3, [sp, #24]
1000698a:	2308      	movs	r3, #8
1000698c:	9305      	str	r3, [sp, #20]
1000698e:	4653      	mov	r3, sl
10006990:	9304      	str	r3, [sp, #16]
10006992:	2310      	movs	r3, #16
10006994:	9303      	str	r3, [sp, #12]
10006996:	2300      	movs	r3, #0
10006998:	9302      	str	r3, [sp, #8]
1000699a:	9b0f      	ldr	r3, [sp, #60]	@ 0x3c
1000699c:	0022      	movs	r2, r4
1000699e:	9301      	str	r3, [sp, #4]
100069a0:	ab1c      	add	r3, sp, #112	@ 0x70
100069a2:	9300      	str	r3, [sp, #0]
100069a4:	4659      	mov	r1, fp
100069a6:	003b      	movs	r3, r7
100069a8:	0028      	movs	r0, r5
100069aa:	f7fe ff9f 	bl	100058ec <_ntoa_format>
100069ae:	4643      	mov	r3, r8
100069b0:	0004      	movs	r4, r0
100069b2:	930c      	str	r3, [sp, #48]	@ 0x30
100069b4:	e5ca      	b.n	1000654c <_vsnprintf+0x50>
100069b6:	2301      	movs	r3, #1
100069b8:	425b      	negs	r3, r3
100069ba:	e6c3      	b.n	10006744 <_vsnprintf+0x248>
100069bc:	9b0f      	ldr	r3, [sp, #60]	@ 0x3c
100069be:	4553      	cmp	r3, sl
100069c0:	d901      	bls.n	100069c6 <_vsnprintf+0x4ca>
100069c2:	4653      	mov	r3, sl
100069c4:	930f      	str	r3, [sp, #60]	@ 0x3c
100069c6:	2302      	movs	r3, #2
100069c8:	0018      	movs	r0, r3
100069ca:	4010      	ands	r0, r2
100069cc:	900d      	str	r0, [sp, #52]	@ 0x34
100069ce:	4213      	tst	r3, r2
100069d0:	d100      	bne.n	100069d4 <_vsnprintf+0x4d8>
100069d2:	e1b7      	b.n	10006d44 <_vsnprintf+0x848>
100069d4:	930d      	str	r3, [sp, #52]	@ 0x34
100069d6:	46d1      	mov	r9, sl
100069d8:	1b0b      	subs	r3, r1, r4
100069da:	469a      	mov	sl, r3
100069dc:	0033      	movs	r3, r6
100069de:	44a1      	add	r9, r4
100069e0:	002e      	movs	r6, r5
100069e2:	0022      	movs	r2, r4
100069e4:	464d      	mov	r5, r9
100069e6:	980c      	ldr	r0, [sp, #48]	@ 0x30
100069e8:	46b9      	mov	r9, r7
100069ea:	465f      	mov	r7, fp
100069ec:	469b      	mov	fp, r3
100069ee:	e008      	b.n	10006a02 <_vsnprintf+0x506>
100069f0:	464b      	mov	r3, r9
100069f2:	0039      	movs	r1, r7
100069f4:	1c54      	adds	r4, r2, #1
100069f6:	47b0      	blx	r6
100069f8:	4653      	mov	r3, sl
100069fa:	5d18      	ldrb	r0, [r3, r4]
100069fc:	2800      	cmp	r0, #0
100069fe:	d077      	beq.n	10006af0 <_vsnprintf+0x5f4>
10006a00:	0022      	movs	r2, r4
10006a02:	4295      	cmp	r5, r2
10006a04:	d1f4      	bne.n	100069f0 <_vsnprintf+0x4f4>
10006a06:	465b      	mov	r3, fp
10006a08:	46bb      	mov	fp, r7
10006a0a:	464f      	mov	r7, r9
10006a0c:	46a9      	mov	r9, r5
10006a0e:	0035      	movs	r5, r6
10006a10:	464c      	mov	r4, r9
10006a12:	001e      	movs	r6, r3
10006a14:	e6c9      	b.n	100067aa <_vsnprintf+0x2ae>
10006a16:	2380      	movs	r3, #128	@ 0x80
10006a18:	011b      	lsls	r3, r3, #4
10006a1a:	431a      	orrs	r2, r3
10006a1c:	e6fd      	b.n	1000681a <_vsnprintf+0x31e>
10006a1e:	2320      	movs	r3, #32
10006a20:	431a      	orrs	r2, r3
10006a22:	e720      	b.n	10006866 <_vsnprintf+0x36a>
10006a24:	2308      	movs	r3, #8
10006a26:	469c      	mov	ip, r3
10006a28:	2300      	movs	r3, #0
10006a2a:	930f      	str	r3, [sp, #60]	@ 0x3c
10006a2c:	3308      	adds	r3, #8
10006a2e:	930d      	str	r3, [sp, #52]	@ 0x34
10006a30:	2380      	movs	r3, #128	@ 0x80
10006a32:	0011      	movs	r1, r2
10006a34:	00db      	lsls	r3, r3, #3
10006a36:	4019      	ands	r1, r3
10006a38:	421a      	tst	r2, r3
10006a3a:	d100      	bne.n	10006a3e <_vsnprintf+0x542>
10006a3c:	e116      	b.n	10006c6c <_vsnprintf+0x770>
10006a3e:	230d      	movs	r3, #13
10006a40:	439a      	bics	r2, r3
10006a42:	0010      	movs	r0, r2
10006a44:	2380      	movs	r3, #128	@ 0x80
10006a46:	0002      	movs	r2, r0
10006a48:	009b      	lsls	r3, r3, #2
10006a4a:	401a      	ands	r2, r3
10006a4c:	9214      	str	r2, [sp, #80]	@ 0x50
10006a4e:	4218      	tst	r0, r3
10006a50:	d000      	beq.n	10006a54 <_vsnprintf+0x558>
10006a52:	e1c2      	b.n	10006dda <_vsnprintf+0x8de>
10006a54:	2380      	movs	r3, #128	@ 0x80
10006a56:	0002      	movs	r2, r0
10006a58:	005b      	lsls	r3, r3, #1
10006a5a:	401a      	ands	r2, r3
10006a5c:	4691      	mov	r9, r2
10006a5e:	9a0c      	ldr	r2, [sp, #48]	@ 0x30
10006a60:	3204      	adds	r2, #4
10006a62:	920f      	str	r2, [sp, #60]	@ 0x3c
10006a64:	4218      	tst	r0, r3
10006a66:	d000      	beq.n	10006a6a <_vsnprintf+0x56e>
10006a68:	e2b7      	b.n	10006fda <_vsnprintf+0xade>
10006a6a:	0643      	lsls	r3, r0, #25
10006a6c:	d500      	bpl.n	10006a70 <_vsnprintf+0x574>
10006a6e:	e19f      	b.n	10006db0 <_vsnprintf+0x8b4>
10006a70:	0603      	lsls	r3, r0, #24
10006a72:	d400      	bmi.n	10006a76 <_vsnprintf+0x57a>
10006a74:	e319      	b.n	100070aa <_vsnprintf+0xbae>
10006a76:	9b0c      	ldr	r3, [sp, #48]	@ 0x30
10006a78:	881b      	ldrh	r3, [r3, #0]
10006a7a:	9309      	str	r3, [sp, #36]	@ 0x24
10006a7c:	2b00      	cmp	r3, #0
10006a7e:	d000      	beq.n	10006a82 <_vsnprintf+0x586>
10006a80:	e1fc      	b.n	10006e7c <_vsnprintf+0x980>
10006a82:	3310      	adds	r3, #16
10006a84:	4398      	bics	r0, r3
10006a86:	2900      	cmp	r1, #0
10006a88:	d100      	bne.n	10006a8c <_vsnprintf+0x590>
10006a8a:	e1f7      	b.n	10006e7c <_vsnprintf+0x980>
10006a8c:	2300      	movs	r3, #0
10006a8e:	4699      	mov	r9, r3
10006a90:	4643      	mov	r3, r8
10006a92:	9305      	str	r3, [sp, #20]
10006a94:	4653      	mov	r3, sl
10006a96:	9304      	str	r3, [sp, #16]
10006a98:	9b0d      	ldr	r3, [sp, #52]	@ 0x34
10006a9a:	9006      	str	r0, [sp, #24]
10006a9c:	9303      	str	r3, [sp, #12]
10006a9e:	2300      	movs	r3, #0
10006aa0:	e0d2      	b.n	10006c48 <_vsnprintf+0x74c>
10006aa2:	2858      	cmp	r0, #88	@ 0x58
10006aa4:	d008      	beq.n	10006ab8 <_vsnprintf+0x5bc>
10006aa6:	2862      	cmp	r0, #98	@ 0x62
10006aa8:	d167      	bne.n	10006b7a <_vsnprintf+0x67e>
10006aaa:	2302      	movs	r3, #2
10006aac:	469c      	mov	ip, r3
10006aae:	2300      	movs	r3, #0
10006ab0:	930f      	str	r3, [sp, #60]	@ 0x3c
10006ab2:	3302      	adds	r3, #2
10006ab4:	930d      	str	r3, [sp, #52]	@ 0x34
10006ab6:	e7bb      	b.n	10006a30 <_vsnprintf+0x534>
10006ab8:	2320      	movs	r3, #32
10006aba:	431a      	orrs	r2, r3
10006abc:	3b10      	subs	r3, #16
10006abe:	469c      	mov	ip, r3
10006ac0:	2300      	movs	r3, #0
10006ac2:	930f      	str	r3, [sp, #60]	@ 0x3c
10006ac4:	3310      	adds	r3, #16
10006ac6:	930d      	str	r3, [sp, #52]	@ 0x34
10006ac8:	e7b2      	b.n	10006a30 <_vsnprintf+0x534>
10006aca:	2380      	movs	r3, #128	@ 0x80
10006acc:	011b      	lsls	r3, r3, #4
10006ace:	431a      	orrs	r2, r3
10006ad0:	2320      	movs	r3, #32
10006ad2:	431a      	orrs	r2, r3
10006ad4:	e6a1      	b.n	1000681a <_vsnprintf+0x31e>
10006ad6:	23c0      	movs	r3, #192	@ 0xc0
10006ad8:	009b      	lsls	r3, r3, #2
10006ada:	431a      	orrs	r2, r3
10006adc:	1cf3      	adds	r3, r6, #3
10006ade:	4699      	mov	r9, r3
10006ae0:	78b0      	ldrb	r0, [r6, #2]
10006ae2:	e582      	b.n	100065ea <_vsnprintf+0xee>
10006ae4:	23c0      	movs	r3, #192	@ 0xc0
10006ae6:	431a      	orrs	r2, r3
10006ae8:	1cf3      	adds	r3, r6, #3
10006aea:	4699      	mov	r9, r3
10006aec:	78b0      	ldrb	r0, [r6, #2]
10006aee:	e57c      	b.n	100065ea <_vsnprintf+0xee>
10006af0:	0035      	movs	r5, r6
10006af2:	465e      	mov	r6, fp
10006af4:	46bb      	mov	fp, r7
10006af6:	464f      	mov	r7, r9
10006af8:	e657      	b.n	100067aa <_vsnprintf+0x2ae>
10006afa:	4643      	mov	r3, r8
10006afc:	2b01      	cmp	r3, #1
10006afe:	d800      	bhi.n	10006b02 <_vsnprintf+0x606>
10006b00:	e163      	b.n	10006dca <_vsnprintf+0x8ce>
10006b02:	1e63      	subs	r3, r4, #1
10006b04:	4443      	add	r3, r8
10006b06:	469a      	mov	sl, r3
10006b08:	0033      	movs	r3, r6
10006b0a:	46b9      	mov	r9, r7
10006b0c:	002e      	movs	r6, r5
10006b0e:	465f      	mov	r7, fp
10006b10:	4655      	mov	r5, sl
10006b12:	469b      	mov	fp, r3
10006b14:	46a2      	mov	sl, r4
10006b16:	0022      	movs	r2, r4
10006b18:	464b      	mov	r3, r9
10006b1a:	3401      	adds	r4, #1
10006b1c:	0039      	movs	r1, r7
10006b1e:	2020      	movs	r0, #32
10006b20:	47b0      	blx	r6
10006b22:	42ac      	cmp	r4, r5
10006b24:	d1f7      	bne.n	10006b16 <_vsnprintf+0x61a>
10006b26:	0035      	movs	r5, r6
10006b28:	465e      	mov	r6, fp
10006b2a:	46bb      	mov	fp, r7
10006b2c:	464f      	mov	r7, r9
10006b2e:	46a1      	mov	r9, r4
10006b30:	4654      	mov	r4, sl
10006b32:	9b0c      	ldr	r3, [sp, #48]	@ 0x30
10006b34:	464a      	mov	r2, r9
10006b36:	7818      	ldrb	r0, [r3, #0]
10006b38:	4659      	mov	r1, fp
10006b3a:	003b      	movs	r3, r7
10006b3c:	4444      	add	r4, r8
10006b3e:	47a8      	blx	r5
10006b40:	e6d7      	b.n	100068f2 <_vsnprintf+0x3f6>
10006b42:	46a1      	mov	r9, r4
10006b44:	9b0f      	ldr	r3, [sp, #60]	@ 0x3c
10006b46:	4598      	cmp	r8, r3
10006b48:	d800      	bhi.n	10006b4c <_vsnprintf+0x650>
10006b4a:	e632      	b.n	100067b2 <_vsnprintf+0x2b6>
10006b4c:	4444      	add	r4, r8
10006b4e:	1ae4      	subs	r4, r4, r3
10006b50:	0033      	movs	r3, r6
10006b52:	46b8      	mov	r8, r7
10006b54:	002e      	movs	r6, r5
10006b56:	465f      	mov	r7, fp
10006b58:	0025      	movs	r5, r4
10006b5a:	464c      	mov	r4, r9
10006b5c:	4699      	mov	r9, r3
10006b5e:	0022      	movs	r2, r4
10006b60:	4643      	mov	r3, r8
10006b62:	3401      	adds	r4, #1
10006b64:	0039      	movs	r1, r7
10006b66:	2020      	movs	r0, #32
10006b68:	47b0      	blx	r6
10006b6a:	42ac      	cmp	r4, r5
10006b6c:	d1f7      	bne.n	10006b5e <_vsnprintf+0x662>
10006b6e:	002c      	movs	r4, r5
10006b70:	46bb      	mov	fp, r7
10006b72:	0035      	movs	r5, r6
10006b74:	4647      	mov	r7, r8
10006b76:	464e      	mov	r6, r9
10006b78:	e61b      	b.n	100067b2 <_vsnprintf+0x2b6>
10006b7a:	2380      	movs	r3, #128	@ 0x80
10006b7c:	0010      	movs	r0, r2
10006b7e:	00db      	lsls	r3, r3, #3
10006b80:	4018      	ands	r0, r3
10006b82:	421a      	tst	r2, r3
10006b84:	d100      	bne.n	10006b88 <_vsnprintf+0x68c>
10006b86:	e10f      	b.n	10006da8 <_vsnprintf+0x8ac>
10006b88:	2111      	movs	r1, #17
10006b8a:	0018      	movs	r0, r3
10006b8c:	438a      	bics	r2, r1
10006b8e:	920d      	str	r2, [sp, #52]	@ 0x34
10006b90:	9a0d      	ldr	r2, [sp, #52]	@ 0x34
10006b92:	2380      	movs	r3, #128	@ 0x80
10006b94:	0011      	movs	r1, r2
10006b96:	009b      	lsls	r3, r3, #2
10006b98:	4019      	ands	r1, r3
10006b9a:	468c      	mov	ip, r1
10006b9c:	421a      	tst	r2, r3
10006b9e:	d169      	bne.n	10006c74 <_vsnprintf+0x778>
10006ba0:	2380      	movs	r3, #128	@ 0x80
10006ba2:	0011      	movs	r1, r2
10006ba4:	005b      	lsls	r3, r3, #1
10006ba6:	4019      	ands	r1, r3
10006ba8:	4689      	mov	r9, r1
10006baa:	990c      	ldr	r1, [sp, #48]	@ 0x30
10006bac:	3104      	adds	r1, #4
10006bae:	910f      	str	r1, [sp, #60]	@ 0x3c
10006bb0:	421a      	tst	r2, r3
10006bb2:	d000      	beq.n	10006bb6 <_vsnprintf+0x6ba>
10006bb4:	e1ca      	b.n	10006f4c <_vsnprintf+0xa50>
10006bb6:	0013      	movs	r3, r2
10006bb8:	065b      	lsls	r3, r3, #25
10006bba:	d500      	bpl.n	10006bbe <_vsnprintf+0x6c2>
10006bbc:	e0f0      	b.n	10006da0 <_vsnprintf+0x8a4>
10006bbe:	0013      	movs	r3, r2
10006bc0:	061b      	lsls	r3, r3, #24
10006bc2:	d400      	bmi.n	10006bc6 <_vsnprintf+0x6ca>
10006bc4:	e259      	b.n	1000707a <_vsnprintf+0xb7e>
10006bc6:	9b0c      	ldr	r3, [sp, #48]	@ 0x30
10006bc8:	2200      	movs	r2, #0
10006bca:	5e9b      	ldrsh	r3, [r3, r2]
10006bcc:	17d9      	asrs	r1, r3, #31
10006bce:	185a      	adds	r2, r3, r1
10006bd0:	404a      	eors	r2, r1
10006bd2:	b292      	uxth	r2, r2
10006bd4:	0fd9      	lsrs	r1, r3, #31
10006bd6:	910c      	str	r1, [sp, #48]	@ 0x30
10006bd8:	2b00      	cmp	r3, #0
10006bda:	d100      	bne.n	10006bde <_vsnprintf+0x6e2>
10006bdc:	e1f9      	b.n	10006fd2 <_vsnprintf+0xad6>
10006bde:	0010      	movs	r0, r2
10006be0:	aa14      	add	r2, sp, #80	@ 0x50
10006be2:	4694      	mov	ip, r2
10006be4:	4642      	mov	r2, r8
10006be6:	231f      	movs	r3, #31
10006be8:	9214      	str	r2, [sp, #80]	@ 0x50
10006bea:	4652      	mov	r2, sl
10006bec:	4463      	add	r3, ip
10006bee:	46a8      	mov	r8, r5
10006bf0:	9416      	str	r4, [sp, #88]	@ 0x58
10006bf2:	464d      	mov	r5, r9
10006bf4:	0004      	movs	r4, r0
10006bf6:	46b9      	mov	r9, r7
10006bf8:	46b2      	mov	sl, r6
10006bfa:	001f      	movs	r7, r3
10006bfc:	9215      	str	r2, [sp, #84]	@ 0x54
10006bfe:	e001      	b.n	10006c04 <_vsnprintf+0x708>
10006c00:	2d20      	cmp	r5, #32
10006c02:	d00f      	beq.n	10006c24 <_vsnprintf+0x728>
10006c04:	0020      	movs	r0, r4
10006c06:	210a      	movs	r1, #10
10006c08:	f7fd fae6 	bl	100041d8 <__wrap___aeabi_uidiv>
10006c0c:	3501      	adds	r5, #1
10006c0e:	197e      	adds	r6, r7, r5
10006c10:	3130      	adds	r1, #48	@ 0x30
10006c12:	7031      	strb	r1, [r6, #0]
10006c14:	0020      	movs	r0, r4
10006c16:	210a      	movs	r1, #10
10006c18:	f7fd fade 	bl	100041d8 <__wrap___aeabi_uidiv>
10006c1c:	0026      	movs	r6, r4
10006c1e:	0004      	movs	r4, r0
10006c20:	2e09      	cmp	r6, #9
10006c22:	d8ed      	bhi.n	10006c00 <_vsnprintf+0x704>
10006c24:	9b14      	ldr	r3, [sp, #80]	@ 0x50
10006c26:	464f      	mov	r7, r9
10006c28:	46a9      	mov	r9, r5
10006c2a:	4645      	mov	r5, r8
10006c2c:	4698      	mov	r8, r3
10006c2e:	9b15      	ldr	r3, [sp, #84]	@ 0x54
10006c30:	4656      	mov	r6, sl
10006c32:	469a      	mov	sl, r3
10006c34:	9c16      	ldr	r4, [sp, #88]	@ 0x58
10006c36:	9b0d      	ldr	r3, [sp, #52]	@ 0x34
10006c38:	9306      	str	r3, [sp, #24]
10006c3a:	4643      	mov	r3, r8
10006c3c:	9305      	str	r3, [sp, #20]
10006c3e:	4653      	mov	r3, sl
10006c40:	9304      	str	r3, [sp, #16]
10006c42:	230a      	movs	r3, #10
10006c44:	9303      	str	r3, [sp, #12]
10006c46:	9b0c      	ldr	r3, [sp, #48]	@ 0x30
10006c48:	9302      	str	r3, [sp, #8]
10006c4a:	464b      	mov	r3, r9
10006c4c:	9301      	str	r3, [sp, #4]
10006c4e:	ab1c      	add	r3, sp, #112	@ 0x70
10006c50:	0022      	movs	r2, r4
10006c52:	9300      	str	r3, [sp, #0]
10006c54:	4659      	mov	r1, fp
10006c56:	003b      	movs	r3, r7
10006c58:	0028      	movs	r0, r5
10006c5a:	f7fe fe47 	bl	100058ec <_ntoa_format>
10006c5e:	9b0f      	ldr	r3, [sp, #60]	@ 0x3c
10006c60:	0004      	movs	r4, r0
10006c62:	930c      	str	r3, [sp, #48]	@ 0x30
10006c64:	e472      	b.n	1000654c <_vsnprintf+0x50>
10006c66:	46c0      	nop			@ (mov r8, r8)
10006c68:	1000583d 	.word	0x1000583d
10006c6c:	230c      	movs	r3, #12
10006c6e:	439a      	bics	r2, r3
10006c70:	0010      	movs	r0, r2
10006c72:	e6e7      	b.n	10006a44 <_vsnprintf+0x548>
10006c74:	2207      	movs	r2, #7
10006c76:	9b0c      	ldr	r3, [sp, #48]	@ 0x30
10006c78:	3307      	adds	r3, #7
10006c7a:	4393      	bics	r3, r2
10006c7c:	3201      	adds	r2, #1
10006c7e:	4694      	mov	ip, r2
10006c80:	449c      	add	ip, r3
10006c82:	4662      	mov	r2, ip
10006c84:	920c      	str	r2, [sp, #48]	@ 0x30
10006c86:	cb0c      	ldmia	r3, {r2, r3}
10006c88:	0fd9      	lsrs	r1, r3, #31
10006c8a:	910f      	str	r1, [sp, #60]	@ 0x3c
10006c8c:	0011      	movs	r1, r2
10006c8e:	4319      	orrs	r1, r3
10006c90:	d100      	bne.n	10006c94 <_vsnprintf+0x798>
10006c92:	e091      	b.n	10006db8 <_vsnprintf+0x8bc>
10006c94:	17d9      	asrs	r1, r3, #31
10006c96:	9113      	str	r1, [sp, #76]	@ 0x4c
10006c98:	9112      	str	r1, [sp, #72]	@ 0x48
10006c9a:	4051      	eors	r1, r2
10006c9c:	9110      	str	r1, [sp, #64]	@ 0x40
10006c9e:	9913      	ldr	r1, [sp, #76]	@ 0x4c
10006ca0:	4059      	eors	r1, r3
10006ca2:	9111      	str	r1, [sp, #68]	@ 0x44
10006ca4:	9810      	ldr	r0, [sp, #64]	@ 0x40
10006ca6:	9911      	ldr	r1, [sp, #68]	@ 0x44
10006ca8:	9a12      	ldr	r2, [sp, #72]	@ 0x48
10006caa:	9b13      	ldr	r3, [sp, #76]	@ 0x4c
10006cac:	1a80      	subs	r0, r0, r2
10006cae:	4199      	sbcs	r1, r3
10006cb0:	9010      	str	r0, [sp, #64]	@ 0x40
10006cb2:	9111      	str	r1, [sp, #68]	@ 0x44
10006cb4:	aa14      	add	r2, sp, #80	@ 0x50
10006cb6:	2300      	movs	r3, #0
10006cb8:	4694      	mov	ip, r2
10006cba:	4642      	mov	r2, r8
10006cbc:	4699      	mov	r9, r3
10006cbe:	9214      	str	r2, [sp, #80]	@ 0x50
10006cc0:	4652      	mov	r2, sl
10006cc2:	331f      	adds	r3, #31
10006cc4:	4463      	add	r3, ip
10006cc6:	46a8      	mov	r8, r5
10006cc8:	46b2      	mov	sl, r6
10006cca:	9416      	str	r4, [sp, #88]	@ 0x58
10006ccc:	464e      	mov	r6, r9
10006cce:	9c10      	ldr	r4, [sp, #64]	@ 0x40
10006cd0:	9d11      	ldr	r5, [sp, #68]	@ 0x44
10006cd2:	46b9      	mov	r9, r7
10006cd4:	9215      	str	r2, [sp, #84]	@ 0x54
10006cd6:	001f      	movs	r7, r3
10006cd8:	e001      	b.n	10006cde <_vsnprintf+0x7e2>
10006cda:	2e20      	cmp	r6, #32
10006cdc:	d010      	beq.n	10006d00 <_vsnprintf+0x804>
10006cde:	0020      	movs	r0, r4
10006ce0:	0029      	movs	r1, r5
10006ce2:	220a      	movs	r2, #10
10006ce4:	2300      	movs	r3, #0
10006ce6:	f7fd fab5 	bl	10004254 <__wrap___aeabi_uldivmod>
10006cea:	3601      	adds	r6, #1
10006cec:	3230      	adds	r2, #48	@ 0x30
10006cee:	002b      	movs	r3, r5
10006cf0:	55ba      	strb	r2, [r7, r6]
10006cf2:	000d      	movs	r5, r1
10006cf4:	0022      	movs	r2, r4
10006cf6:	0004      	movs	r4, r0
10006cf8:	2b00      	cmp	r3, #0
10006cfa:	d1ee      	bne.n	10006cda <_vsnprintf+0x7de>
10006cfc:	2a09      	cmp	r2, #9
10006cfe:	d8ec      	bhi.n	10006cda <_vsnprintf+0x7de>
10006d00:	9b14      	ldr	r3, [sp, #80]	@ 0x50
10006d02:	9410      	str	r4, [sp, #64]	@ 0x40
10006d04:	9511      	str	r5, [sp, #68]	@ 0x44
10006d06:	4645      	mov	r5, r8
10006d08:	4698      	mov	r8, r3
10006d0a:	9b15      	ldr	r3, [sp, #84]	@ 0x54
10006d0c:	464f      	mov	r7, r9
10006d0e:	46b1      	mov	r9, r6
10006d10:	4656      	mov	r6, sl
10006d12:	469a      	mov	sl, r3
10006d14:	9c16      	ldr	r4, [sp, #88]	@ 0x58
10006d16:	9b0d      	ldr	r3, [sp, #52]	@ 0x34
10006d18:	9306      	str	r3, [sp, #24]
10006d1a:	4643      	mov	r3, r8
10006d1c:	9305      	str	r3, [sp, #20]
10006d1e:	4653      	mov	r3, sl
10006d20:	9304      	str	r3, [sp, #16]
10006d22:	230a      	movs	r3, #10
10006d24:	9303      	str	r3, [sp, #12]
10006d26:	9b0f      	ldr	r3, [sp, #60]	@ 0x3c
10006d28:	9302      	str	r3, [sp, #8]
10006d2a:	464b      	mov	r3, r9
10006d2c:	9301      	str	r3, [sp, #4]
10006d2e:	ab1c      	add	r3, sp, #112	@ 0x70
10006d30:	0022      	movs	r2, r4
10006d32:	9300      	str	r3, [sp, #0]
10006d34:	4659      	mov	r1, fp
10006d36:	003b      	movs	r3, r7
10006d38:	0028      	movs	r0, r5
10006d3a:	f7fe fdd7 	bl	100058ec <_ntoa_format>
10006d3e:	0004      	movs	r4, r0
10006d40:	f7ff fc04 	bl	1000654c <_vsnprintf+0x50>
10006d44:	9b0f      	ldr	r3, [sp, #60]	@ 0x3c
10006d46:	4598      	cmp	r8, r3
10006d48:	d800      	bhi.n	10006d4c <_vsnprintf+0x850>
10006d4a:	e1c1      	b.n	100070d0 <_vsnprintf+0xbd4>
10006d4c:	2380      	movs	r3, #128	@ 0x80
10006d4e:	00db      	lsls	r3, r3, #3
10006d50:	930d      	str	r3, [sp, #52]	@ 0x34
10006d52:	4643      	mov	r3, r8
10006d54:	9a0f      	ldr	r2, [sp, #60]	@ 0x3c
10006d56:	191b      	adds	r3, r3, r4
10006d58:	1a9b      	subs	r3, r3, r2
10006d5a:	4699      	mov	r9, r3
10006d5c:	0033      	movs	r3, r6
10006d5e:	002e      	movs	r6, r5
10006d60:	464d      	mov	r5, r9
10006d62:	46b9      	mov	r9, r7
10006d64:	465f      	mov	r7, fp
10006d66:	469b      	mov	fp, r3
10006d68:	910c      	str	r1, [sp, #48]	@ 0x30
10006d6a:	0022      	movs	r2, r4
10006d6c:	464b      	mov	r3, r9
10006d6e:	3401      	adds	r4, #1
10006d70:	0039      	movs	r1, r7
10006d72:	2020      	movs	r0, #32
10006d74:	47b0      	blx	r6
10006d76:	42ac      	cmp	r4, r5
10006d78:	d1f7      	bne.n	10006d6a <_vsnprintf+0x86e>
10006d7a:	4643      	mov	r3, r8
10006d7c:	990c      	ldr	r1, [sp, #48]	@ 0x30
10006d7e:	3301      	adds	r3, #1
10006d80:	930f      	str	r3, [sp, #60]	@ 0x3c
10006d82:	780b      	ldrb	r3, [r1, #0]
10006d84:	0035      	movs	r5, r6
10006d86:	930c      	str	r3, [sp, #48]	@ 0x30
10006d88:	465e      	mov	r6, fp
10006d8a:	46bb      	mov	fp, r7
10006d8c:	464f      	mov	r7, r9
10006d8e:	2b00      	cmp	r3, #0
10006d90:	d100      	bne.n	10006d94 <_vsnprintf+0x898>
10006d92:	e50e      	b.n	100067b2 <_vsnprintf+0x2b6>
10006d94:	9b0d      	ldr	r3, [sp, #52]	@ 0x34
10006d96:	2b00      	cmp	r3, #0
10006d98:	d100      	bne.n	10006d9c <_vsnprintf+0x8a0>
10006d9a:	e4f6      	b.n	1000678a <_vsnprintf+0x28e>
10006d9c:	2300      	movs	r3, #0
10006d9e:	e619      	b.n	100069d4 <_vsnprintf+0x4d8>
10006da0:	9b0c      	ldr	r3, [sp, #48]	@ 0x30
10006da2:	781b      	ldrb	r3, [r3, #0]
10006da4:	001a      	movs	r2, r3
10006da6:	e715      	b.n	10006bd4 <_vsnprintf+0x6d8>
10006da8:	2310      	movs	r3, #16
10006daa:	439a      	bics	r2, r3
10006dac:	920d      	str	r2, [sp, #52]	@ 0x34
10006dae:	e6ef      	b.n	10006b90 <_vsnprintf+0x694>
10006db0:	9b0c      	ldr	r3, [sp, #48]	@ 0x30
10006db2:	781b      	ldrb	r3, [r3, #0]
10006db4:	9309      	str	r3, [sp, #36]	@ 0x24
10006db6:	e661      	b.n	10006a7c <_vsnprintf+0x580>
10006db8:	2300      	movs	r3, #0
10006dba:	4699      	mov	r9, r3
10006dbc:	2800      	cmp	r0, #0
10006dbe:	d1aa      	bne.n	10006d16 <_vsnprintf+0x81a>
10006dc0:	2200      	movs	r2, #0
10006dc2:	2300      	movs	r3, #0
10006dc4:	9210      	str	r2, [sp, #64]	@ 0x40
10006dc6:	9311      	str	r3, [sp, #68]	@ 0x44
10006dc8:	e774      	b.n	10006cb4 <_vsnprintf+0x7b8>
10006dca:	9b0c      	ldr	r3, [sp, #48]	@ 0x30
10006dcc:	0022      	movs	r2, r4
10006dce:	7818      	ldrb	r0, [r3, #0]
10006dd0:	4659      	mov	r1, fp
10006dd2:	003b      	movs	r3, r7
10006dd4:	47a8      	blx	r5
10006dd6:	464c      	mov	r4, r9
10006dd8:	e58b      	b.n	100068f2 <_vsnprintf+0x3f6>
10006dda:	9a0c      	ldr	r2, [sp, #48]	@ 0x30
10006ddc:	3bfa      	subs	r3, #250	@ 0xfa
10006dde:	3bff      	subs	r3, #255	@ 0xff
10006de0:	3207      	adds	r2, #7
10006de2:	439a      	bics	r2, r3
10006de4:	3301      	adds	r3, #1
10006de6:	4699      	mov	r9, r3
10006de8:	4491      	add	r9, r2
10006dea:	464b      	mov	r3, r9
10006dec:	930c      	str	r3, [sp, #48]	@ 0x30
10006dee:	6813      	ldr	r3, [r2, #0]
10006df0:	6852      	ldr	r2, [r2, #4]
10006df2:	9215      	str	r2, [sp, #84]	@ 0x54
10006df4:	431a      	orrs	r2, r3
10006df6:	d106      	bne.n	10006e06 <_vsnprintf+0x90a>
10006df8:	3210      	adds	r2, #16
10006dfa:	4390      	bics	r0, r2
10006dfc:	2200      	movs	r2, #0
10006dfe:	9209      	str	r2, [sp, #36]	@ 0x24
10006e00:	2900      	cmp	r1, #0
10006e02:	d000      	beq.n	10006e06 <_vsnprintf+0x90a>
10006e04:	e081      	b.n	10006f0a <_vsnprintf+0xa0e>
10006e06:	2261      	movs	r2, #97	@ 0x61
10006e08:	0681      	lsls	r1, r0, #26
10006e0a:	d500      	bpl.n	10006e0e <_vsnprintf+0x912>
10006e0c:	2241      	movs	r2, #65	@ 0x41
10006e0e:	b2d2      	uxtb	r2, r2
10006e10:	920a      	str	r2, [sp, #40]	@ 0x28
10006e12:	aa14      	add	r2, sp, #80	@ 0x50
10006e14:	4691      	mov	r9, r2
10006e16:	9a0a      	ldr	r2, [sp, #40]	@ 0x28
10006e18:	2100      	movs	r1, #0
10006e1a:	3a0a      	subs	r2, #10
10006e1c:	9214      	str	r2, [sp, #80]	@ 0x50
10006e1e:	4642      	mov	r2, r8
10006e20:	9217      	str	r2, [sp, #92]	@ 0x5c
10006e22:	4652      	mov	r2, sl
10006e24:	9218      	str	r2, [sp, #96]	@ 0x60
10006e26:	465a      	mov	r2, fp
10006e28:	9109      	str	r1, [sp, #36]	@ 0x24
10006e2a:	46b3      	mov	fp, r6
10006e2c:	311f      	adds	r1, #31
10006e2e:	001e      	movs	r6, r3
10006e30:	9b0f      	ldr	r3, [sp, #60]	@ 0x3c
10006e32:	4449      	add	r1, r9
10006e34:	46ba      	mov	sl, r7
10006e36:	9419      	str	r4, [sp, #100]	@ 0x64
10006e38:	951a      	str	r5, [sp, #104]	@ 0x68
10006e3a:	2400      	movs	r4, #0
10006e3c:	4667      	mov	r7, ip
10006e3e:	4698      	mov	r8, r3
10006e40:	4689      	mov	r9, r1
10006e42:	9d15      	ldr	r5, [sp, #84]	@ 0x54
10006e44:	9016      	str	r0, [sp, #88]	@ 0x58
10006e46:	921b      	str	r2, [sp, #108]	@ 0x6c
10006e48:	e00a      	b.n	10006e60 <_vsnprintf+0x964>
10006e4a:	3230      	adds	r2, #48	@ 0x30
10006e4c:	b2d2      	uxtb	r2, r2
10006e4e:	464b      	mov	r3, r9
10006e50:	3401      	adds	r4, #1
10006e52:	551a      	strb	r2, [r3, r4]
10006e54:	45a8      	cmp	r8, r5
10006e56:	d04a      	beq.n	10006eee <_vsnprintf+0x9f2>
10006e58:	2c20      	cmp	r4, #32
10006e5a:	d04a      	beq.n	10006ef2 <_vsnprintf+0x9f6>
10006e5c:	0006      	movs	r6, r0
10006e5e:	000d      	movs	r5, r1
10006e60:	003a      	movs	r2, r7
10006e62:	2300      	movs	r3, #0
10006e64:	0030      	movs	r0, r6
10006e66:	0029      	movs	r1, r5
10006e68:	f7fd f9f4 	bl	10004254 <__wrap___aeabi_uldivmod>
10006e6c:	b2d2      	uxtb	r2, r2
10006e6e:	2a09      	cmp	r2, #9
10006e70:	d9eb      	bls.n	10006e4a <_vsnprintf+0x94e>
10006e72:	9b14      	ldr	r3, [sp, #80]	@ 0x50
10006e74:	469c      	mov	ip, r3
10006e76:	4462      	add	r2, ip
10006e78:	b2d2      	uxtb	r2, r2
10006e7a:	e7e8      	b.n	10006e4e <_vsnprintf+0x952>
10006e7c:	2361      	movs	r3, #97	@ 0x61
10006e7e:	0682      	lsls	r2, r0, #26
10006e80:	d500      	bpl.n	10006e84 <_vsnprintf+0x988>
10006e82:	2341      	movs	r3, #65	@ 0x41
10006e84:	b2db      	uxtb	r3, r3
10006e86:	3b0a      	subs	r3, #10
10006e88:	930c      	str	r3, [sp, #48]	@ 0x30
10006e8a:	4643      	mov	r3, r8
10006e8c:	a914      	add	r1, sp, #80	@ 0x50
10006e8e:	221f      	movs	r2, #31
10006e90:	468c      	mov	ip, r1
10006e92:	9315      	str	r3, [sp, #84]	@ 0x54
10006e94:	4653      	mov	r3, sl
10006e96:	4462      	add	r2, ip
10006e98:	46a0      	mov	r8, r4
10006e9a:	46b2      	mov	sl, r6
10006e9c:	464c      	mov	r4, r9
10006e9e:	9717      	str	r7, [sp, #92]	@ 0x5c
10006ea0:	46a9      	mov	r9, r5
10006ea2:	0017      	movs	r7, r2
10006ea4:	9d09      	ldr	r5, [sp, #36]	@ 0x24
10006ea6:	9e0d      	ldr	r6, [sp, #52]	@ 0x34
10006ea8:	9014      	str	r0, [sp, #80]	@ 0x50
10006eaa:	9316      	str	r3, [sp, #88]	@ 0x58
10006eac:	e008      	b.n	10006ec0 <_vsnprintf+0x9c4>
10006eae:	3330      	adds	r3, #48	@ 0x30
10006eb0:	b2db      	uxtb	r3, r3
10006eb2:	3401      	adds	r4, #1
10006eb4:	553b      	strb	r3, [r7, r4]
10006eb6:	42b5      	cmp	r5, r6
10006eb8:	d30e      	bcc.n	10006ed8 <_vsnprintf+0x9dc>
10006eba:	2c20      	cmp	r4, #32
10006ebc:	d00c      	beq.n	10006ed8 <_vsnprintf+0x9dc>
10006ebe:	0005      	movs	r5, r0
10006ec0:	0031      	movs	r1, r6
10006ec2:	0028      	movs	r0, r5
10006ec4:	f7fd f988 	bl	100041d8 <__wrap___aeabi_uidiv>
10006ec8:	b2cb      	uxtb	r3, r1
10006eca:	2909      	cmp	r1, #9
10006ecc:	d9ef      	bls.n	10006eae <_vsnprintf+0x9b2>
10006ece:	9a0c      	ldr	r2, [sp, #48]	@ 0x30
10006ed0:	4694      	mov	ip, r2
10006ed2:	4463      	add	r3, ip
10006ed4:	b2db      	uxtb	r3, r3
10006ed6:	e7ec      	b.n	10006eb2 <_vsnprintf+0x9b6>
10006ed8:	9b15      	ldr	r3, [sp, #84]	@ 0x54
10006eda:	464d      	mov	r5, r9
10006edc:	46a1      	mov	r9, r4
10006ede:	4644      	mov	r4, r8
10006ee0:	4698      	mov	r8, r3
10006ee2:	9b16      	ldr	r3, [sp, #88]	@ 0x58
10006ee4:	4656      	mov	r6, sl
10006ee6:	9814      	ldr	r0, [sp, #80]	@ 0x50
10006ee8:	469a      	mov	sl, r3
10006eea:	9f17      	ldr	r7, [sp, #92]	@ 0x5c
10006eec:	e5d0      	b.n	10006a90 <_vsnprintf+0x594>
10006eee:	42b7      	cmp	r7, r6
10006ef0:	d9b2      	bls.n	10006e58 <_vsnprintf+0x95c>
10006ef2:	9b17      	ldr	r3, [sp, #92]	@ 0x5c
10006ef4:	4657      	mov	r7, sl
10006ef6:	4698      	mov	r8, r3
10006ef8:	9b18      	ldr	r3, [sp, #96]	@ 0x60
10006efa:	465e      	mov	r6, fp
10006efc:	469a      	mov	sl, r3
10006efe:	9b1b      	ldr	r3, [sp, #108]	@ 0x6c
10006f00:	9409      	str	r4, [sp, #36]	@ 0x24
10006f02:	469b      	mov	fp, r3
10006f04:	9816      	ldr	r0, [sp, #88]	@ 0x58
10006f06:	9c19      	ldr	r4, [sp, #100]	@ 0x64
10006f08:	9d1a      	ldr	r5, [sp, #104]	@ 0x68
10006f0a:	4643      	mov	r3, r8
10006f0c:	9305      	str	r3, [sp, #20]
10006f0e:	4653      	mov	r3, sl
10006f10:	9304      	str	r3, [sp, #16]
10006f12:	9b0d      	ldr	r3, [sp, #52]	@ 0x34
10006f14:	9006      	str	r0, [sp, #24]
10006f16:	9303      	str	r3, [sp, #12]
10006f18:	2300      	movs	r3, #0
10006f1a:	9302      	str	r3, [sp, #8]
10006f1c:	9b09      	ldr	r3, [sp, #36]	@ 0x24
10006f1e:	e705      	b.n	10006d2c <_vsnprintf+0x830>
10006f20:	9b0f      	ldr	r3, [sp, #60]	@ 0x3c
10006f22:	4598      	cmp	r8, r3
10006f24:	d900      	bls.n	10006f28 <_vsnprintf+0xa2c>
10006f26:	e714      	b.n	10006d52 <_vsnprintf+0x856>
10006f28:	3301      	adds	r3, #1
10006f2a:	930f      	str	r3, [sp, #60]	@ 0x3c
10006f2c:	e42d      	b.n	1000678a <_vsnprintf+0x28e>
10006f2e:	2310      	movs	r3, #16
10006f30:	0011      	movs	r1, r2
10006f32:	4399      	bics	r1, r3
10006f34:	910d      	str	r1, [sp, #52]	@ 0x34
10006f36:	2869      	cmp	r0, #105	@ 0x69
10006f38:	d000      	beq.n	10006f3c <_vsnprintf+0xa40>
10006f3a:	e0ba      	b.n	100070b2 <_vsnprintf+0xbb6>
10006f3c:	2380      	movs	r3, #128	@ 0x80
10006f3e:	0010      	movs	r0, r2
10006f40:	00db      	lsls	r3, r3, #3
10006f42:	4018      	ands	r0, r3
10006f44:	421a      	tst	r2, r3
10006f46:	d100      	bne.n	10006f4a <_vsnprintf+0xa4e>
10006f48:	e622      	b.n	10006b90 <_vsnprintf+0x694>
10006f4a:	e61d      	b.n	10006b88 <_vsnprintf+0x68c>
10006f4c:	9b0c      	ldr	r3, [sp, #48]	@ 0x30
10006f4e:	681b      	ldr	r3, [r3, #0]
10006f50:	0fda      	lsrs	r2, r3, #31
10006f52:	0011      	movs	r1, r2
10006f54:	2b00      	cmp	r3, #0
10006f56:	d100      	bne.n	10006f5a <_vsnprintf+0xa5e>
10006f58:	e08c      	b.n	10007074 <_vsnprintf+0xb78>
10006f5a:	17da      	asrs	r2, r3, #31
10006f5c:	1898      	adds	r0, r3, r2
10006f5e:	4050      	eors	r0, r2
10006f60:	aa14      	add	r2, sp, #80	@ 0x50
10006f62:	4691      	mov	r9, r2
10006f64:	4642      	mov	r2, r8
10006f66:	231f      	movs	r3, #31
10006f68:	9214      	str	r2, [sp, #80]	@ 0x50
10006f6a:	4652      	mov	r2, sl
10006f6c:	444b      	add	r3, r9
10006f6e:	46a0      	mov	r8, r4
10006f70:	46a9      	mov	r9, r5
10006f72:	9716      	str	r7, [sp, #88]	@ 0x58
10006f74:	0004      	movs	r4, r0
10006f76:	4665      	mov	r5, ip
10006f78:	46b2      	mov	sl, r6
10006f7a:	001f      	movs	r7, r3
10006f7c:	910c      	str	r1, [sp, #48]	@ 0x30
10006f7e:	9215      	str	r2, [sp, #84]	@ 0x54
10006f80:	e001      	b.n	10006f86 <_vsnprintf+0xa8a>
10006f82:	2d20      	cmp	r5, #32
10006f84:	d00f      	beq.n	10006fa6 <_vsnprintf+0xaaa>
10006f86:	0020      	movs	r0, r4
10006f88:	210a      	movs	r1, #10
10006f8a:	f7fd f925 	bl	100041d8 <__wrap___aeabi_uidiv>
10006f8e:	3501      	adds	r5, #1
10006f90:	197e      	adds	r6, r7, r5
10006f92:	3130      	adds	r1, #48	@ 0x30
10006f94:	7031      	strb	r1, [r6, #0]
10006f96:	0020      	movs	r0, r4
10006f98:	210a      	movs	r1, #10
10006f9a:	f7fd f91d 	bl	100041d8 <__wrap___aeabi_uidiv>
10006f9e:	0026      	movs	r6, r4
10006fa0:	0004      	movs	r4, r0
10006fa2:	2e09      	cmp	r6, #9
10006fa4:	d8ed      	bhi.n	10006f82 <_vsnprintf+0xa86>
10006fa6:	9b14      	ldr	r3, [sp, #80]	@ 0x50
10006fa8:	4644      	mov	r4, r8
10006faa:	4698      	mov	r8, r3
10006fac:	9b0c      	ldr	r3, [sp, #48]	@ 0x30
10006fae:	46ac      	mov	ip, r5
10006fb0:	0019      	movs	r1, r3
10006fb2:	9b15      	ldr	r3, [sp, #84]	@ 0x54
10006fb4:	4656      	mov	r6, sl
10006fb6:	464d      	mov	r5, r9
10006fb8:	469a      	mov	sl, r3
10006fba:	9f16      	ldr	r7, [sp, #88]	@ 0x58
10006fbc:	9b0d      	ldr	r3, [sp, #52]	@ 0x34
10006fbe:	9102      	str	r1, [sp, #8]
10006fc0:	9306      	str	r3, [sp, #24]
10006fc2:	4643      	mov	r3, r8
10006fc4:	9305      	str	r3, [sp, #20]
10006fc6:	4653      	mov	r3, sl
10006fc8:	9304      	str	r3, [sp, #16]
10006fca:	230a      	movs	r3, #10
10006fcc:	9303      	str	r3, [sp, #12]
10006fce:	4663      	mov	r3, ip
10006fd0:	e63c      	b.n	10006c4c <_vsnprintf+0x750>
10006fd2:	2800      	cmp	r0, #0
10006fd4:	d000      	beq.n	10006fd8 <_vsnprintf+0xadc>
10006fd6:	e62e      	b.n	10006c36 <_vsnprintf+0x73a>
10006fd8:	e602      	b.n	10006be0 <_vsnprintf+0x6e4>
10006fda:	9b0c      	ldr	r3, [sp, #48]	@ 0x30
10006fdc:	681b      	ldr	r3, [r3, #0]
10006fde:	4699      	mov	r9, r3
10006fe0:	2b00      	cmp	r3, #0
10006fe2:	d103      	bne.n	10006fec <_vsnprintf+0xaf0>
10006fe4:	3310      	adds	r3, #16
10006fe6:	4398      	bics	r0, r3
10006fe8:	2900      	cmp	r1, #0
10006fea:	d138      	bne.n	1000705e <_vsnprintf+0xb62>
10006fec:	2361      	movs	r3, #97	@ 0x61
10006fee:	0682      	lsls	r2, r0, #26
10006ff0:	d500      	bpl.n	10006ff4 <_vsnprintf+0xaf8>
10006ff2:	2341      	movs	r3, #65	@ 0x41
10006ff4:	b2db      	uxtb	r3, r3
10006ff6:	3b0a      	subs	r3, #10
10006ff8:	930c      	str	r3, [sp, #48]	@ 0x30
10006ffa:	4643      	mov	r3, r8
10006ffc:	9316      	str	r3, [sp, #88]	@ 0x58
10006ffe:	4653      	mov	r3, sl
10007000:	a914      	add	r1, sp, #80	@ 0x50
10007002:	221f      	movs	r2, #31
10007004:	468c      	mov	ip, r1
10007006:	9317      	str	r3, [sp, #92]	@ 0x5c
10007008:	002b      	movs	r3, r5
1000700a:	4462      	add	r2, ip
1000700c:	46a0      	mov	r8, r4
1000700e:	464d      	mov	r5, r9
10007010:	46b2      	mov	sl, r6
10007012:	9718      	str	r7, [sp, #96]	@ 0x60
10007014:	4699      	mov	r9, r3
10007016:	0017      	movs	r7, r2
10007018:	9c14      	ldr	r4, [sp, #80]	@ 0x50
1000701a:	9e0d      	ldr	r6, [sp, #52]	@ 0x34
1000701c:	9015      	str	r0, [sp, #84]	@ 0x54
1000701e:	e008      	b.n	10007032 <_vsnprintf+0xb36>
10007020:	3330      	adds	r3, #48	@ 0x30
10007022:	b2db      	uxtb	r3, r3
10007024:	3401      	adds	r4, #1
10007026:	553b      	strb	r3, [r7, r4]
10007028:	42b5      	cmp	r5, r6
1000702a:	d30e      	bcc.n	1000704a <_vsnprintf+0xb4e>
1000702c:	2c20      	cmp	r4, #32
1000702e:	d00c      	beq.n	1000704a <_vsnprintf+0xb4e>
10007030:	0005      	movs	r5, r0
10007032:	0031      	movs	r1, r6
10007034:	0028      	movs	r0, r5
10007036:	f7fd f8cf 	bl	100041d8 <__wrap___aeabi_uidiv>
1000703a:	b2cb      	uxtb	r3, r1
1000703c:	2909      	cmp	r1, #9
1000703e:	d9ef      	bls.n	10007020 <_vsnprintf+0xb24>
10007040:	9a0c      	ldr	r2, [sp, #48]	@ 0x30
10007042:	4694      	mov	ip, r2
10007044:	4463      	add	r3, ip
10007046:	b2db      	uxtb	r3, r3
10007048:	e7ec      	b.n	10007024 <_vsnprintf+0xb28>
1000704a:	9b16      	ldr	r3, [sp, #88]	@ 0x58
1000704c:	9414      	str	r4, [sp, #80]	@ 0x50
1000704e:	4644      	mov	r4, r8
10007050:	4698      	mov	r8, r3
10007052:	9b17      	ldr	r3, [sp, #92]	@ 0x5c
10007054:	4656      	mov	r6, sl
10007056:	464d      	mov	r5, r9
10007058:	469a      	mov	sl, r3
1000705a:	9815      	ldr	r0, [sp, #84]	@ 0x54
1000705c:	9f18      	ldr	r7, [sp, #96]	@ 0x60
1000705e:	4643      	mov	r3, r8
10007060:	9305      	str	r3, [sp, #20]
10007062:	4653      	mov	r3, sl
10007064:	9304      	str	r3, [sp, #16]
10007066:	9b0d      	ldr	r3, [sp, #52]	@ 0x34
10007068:	9006      	str	r0, [sp, #24]
1000706a:	9303      	str	r3, [sp, #12]
1000706c:	2300      	movs	r3, #0
1000706e:	9302      	str	r3, [sp, #8]
10007070:	9b14      	ldr	r3, [sp, #80]	@ 0x50
10007072:	e5eb      	b.n	10006c4c <_vsnprintf+0x750>
10007074:	2800      	cmp	r0, #0
10007076:	d1a1      	bne.n	10006fbc <_vsnprintf+0xac0>
10007078:	e772      	b.n	10006f60 <_vsnprintf+0xa64>
1000707a:	9b0c      	ldr	r3, [sp, #48]	@ 0x30
1000707c:	681b      	ldr	r3, [r3, #0]
1000707e:	17d9      	asrs	r1, r3, #31
10007080:	185a      	adds	r2, r3, r1
10007082:	404a      	eors	r2, r1
10007084:	e5a6      	b.n	10006bd4 <_vsnprintf+0x6d8>
10007086:	2380      	movs	r3, #128	@ 0x80
10007088:	0010      	movs	r0, r2
1000708a:	00db      	lsls	r3, r3, #3
1000708c:	4018      	ands	r0, r3
1000708e:	469c      	mov	ip, r3
10007090:	900f      	str	r0, [sp, #60]	@ 0x3c
10007092:	421a      	tst	r2, r3
10007094:	d00f      	beq.n	100070b6 <_vsnprintf+0xbba>
10007096:	2002      	movs	r0, #2
10007098:	0003      	movs	r3, r0
1000709a:	4013      	ands	r3, r2
1000709c:	930f      	str	r3, [sp, #60]	@ 0x3c
1000709e:	4210      	tst	r0, r2
100070a0:	d019      	beq.n	100070d6 <_vsnprintf+0xbda>
100070a2:	2300      	movs	r3, #0
100070a4:	46a1      	mov	r9, r4
100070a6:	930f      	str	r3, [sp, #60]	@ 0x3c
100070a8:	e54c      	b.n	10006b44 <_vsnprintf+0x648>
100070aa:	9b0c      	ldr	r3, [sp, #48]	@ 0x30
100070ac:	681b      	ldr	r3, [r3, #0]
100070ae:	9309      	str	r3, [sp, #36]	@ 0x24
100070b0:	e4e4      	b.n	10006a7c <_vsnprintf+0x580>
100070b2:	000a      	movs	r2, r1
100070b4:	e434      	b.n	10006920 <_vsnprintf+0x424>
100070b6:	2302      	movs	r3, #2
100070b8:	0018      	movs	r0, r3
100070ba:	4010      	ands	r0, r2
100070bc:	900d      	str	r0, [sp, #52]	@ 0x34
100070be:	4213      	tst	r3, r2
100070c0:	d000      	beq.n	100070c4 <_vsnprintf+0xbc8>
100070c2:	e53e      	b.n	10006b42 <_vsnprintf+0x646>
100070c4:	4643      	mov	r3, r8
100070c6:	2b00      	cmp	r3, #0
100070c8:	d000      	beq.n	100070cc <_vsnprintf+0xbd0>
100070ca:	e642      	b.n	10006d52 <_vsnprintf+0x856>
100070cc:	f7ff fb71 	bl	100067b2 <_vsnprintf+0x2b6>
100070d0:	3301      	adds	r3, #1
100070d2:	930f      	str	r3, [sp, #60]	@ 0x3c
100070d4:	e47f      	b.n	100069d6 <_vsnprintf+0x4da>
100070d6:	4663      	mov	r3, ip
100070d8:	930d      	str	r3, [sp, #52]	@ 0x34
100070da:	e7f3      	b.n	100070c4 <_vsnprintf+0xbc8>

100070dc <vfctprintf>:
100070dc:	b510      	push	{r4, lr}
100070de:	000c      	movs	r4, r1
100070e0:	b084      	sub	sp, #16
100070e2:	9403      	str	r4, [sp, #12]
100070e4:	2401      	movs	r4, #1
100070e6:	a902      	add	r1, sp, #8
100070e8:	9002      	str	r0, [sp, #8]
100070ea:	9300      	str	r3, [sp, #0]
100070ec:	4803      	ldr	r0, [pc, #12]	@ (100070fc <vfctprintf+0x20>)
100070ee:	0013      	movs	r3, r2
100070f0:	4262      	negs	r2, r4
100070f2:	f7ff fa03 	bl	100064fc <_vsnprintf>
100070f6:	b004      	add	sp, #16
100070f8:	bd10      	pop	{r4, pc}
100070fa:	46c0      	nop			@ (mov r8, r8)
100070fc:	10005ac9 	.word	0x10005ac9

10007100 <weak_raw_vprintf>:
10007100:	b510      	push	{r4, lr}
10007102:	4a09      	ldr	r2, [pc, #36]	@ (10007128 <weak_raw_vprintf+0x28>)
10007104:	0003      	movs	r3, r0
10007106:	6814      	ldr	r4, [r2, #0]
10007108:	b084      	sub	sp, #16
1000710a:	2c00      	cmp	r4, #0
1000710c:	d008      	beq.n	10007120 <weak_raw_vprintf+0x20>
1000710e:	2201      	movs	r2, #1
10007110:	9100      	str	r1, [sp, #0]
10007112:	4806      	ldr	r0, [pc, #24]	@ (1000712c <weak_raw_vprintf+0x2c>)
10007114:	4252      	negs	r2, r2
10007116:	a903      	add	r1, sp, #12
10007118:	47a0      	blx	r4
1000711a:	2001      	movs	r0, #1
1000711c:	b004      	add	sp, #16
1000711e:	bd10      	pop	{r4, pc}
10007120:	f000 f998 	bl	10007454 <__wrap_puts>
10007124:	2000      	movs	r0, #0
10007126:	e7f9      	b.n	1000711c <weak_raw_vprintf+0x1c>
10007128:	200020dc 	.word	0x200020dc
1000712c:	10005ab9 	.word	0x10005ab9

10007130 <_exit>:
10007130:	be00      	bkpt	0x0000
10007132:	e7fd      	b.n	10007130 <_exit>

10007134 <exit>:
10007134:	b510      	push	{r4, lr}
10007136:	f7ff fffb 	bl	10007130 <_exit>
1000713a:	46c0      	nop			@ (mov r8, r8)

1000713c <runtime_init>:
1000713c:	b570      	push	{r4, r5, r6, lr}
1000713e:	f7fc ff4b 	bl	10003fd8 <runtime_run_initializers>
10007142:	4d07      	ldr	r5, [pc, #28]	@ (10007160 <runtime_init+0x24>)
10007144:	4e07      	ldr	r6, [pc, #28]	@ (10007164 <runtime_init+0x28>)
10007146:	42b5      	cmp	r5, r6
10007148:	d209      	bcs.n	1000715e <runtime_init+0x22>
1000714a:	2400      	movs	r4, #0
1000714c:	3e01      	subs	r6, #1
1000714e:	1b76      	subs	r6, r6, r5
10007150:	08b6      	lsrs	r6, r6, #2
10007152:	cd08      	ldmia	r5!, {r3}
10007154:	4798      	blx	r3
10007156:	0023      	movs	r3, r4
10007158:	3401      	adds	r4, #1
1000715a:	42b3      	cmp	r3, r6
1000715c:	d1f9      	bne.n	10007152 <runtime_init+0x16>
1000715e:	bd70      	pop	{r4, r5, r6, pc}
10007160:	10009e7c 	.word	0x10009e7c
10007164:	10009e88 	.word	0x10009e88

10007168 <stdio_out_chars_no_crlf>:
10007168:	0003      	movs	r3, r0
1000716a:	b510      	push	{r4, lr}
1000716c:	0008      	movs	r0, r1
1000716e:	0011      	movs	r1, r2
10007170:	681b      	ldr	r3, [r3, #0]
10007172:	4798      	blx	r3
10007174:	bd10      	pop	{r4, pc}
10007176:	46c0      	nop			@ (mov r8, r8)

10007178 <stdio_out_chars_crlf>:
10007178:	b5f0      	push	{r4, r5, r6, r7, lr}
1000717a:	46c6      	mov	lr, r8
1000717c:	b500      	push	{lr}
1000717e:	7d43      	ldrb	r3, [r0, #21]
10007180:	0007      	movs	r7, r0
10007182:	000c      	movs	r4, r1
10007184:	0016      	movs	r6, r2
10007186:	2b00      	cmp	r3, #0
10007188:	d046      	beq.n	10007218 <stdio_out_chars_crlf+0xa0>
1000718a:	2a00      	cmp	r2, #0
1000718c:	dd17      	ble.n	100071be <stdio_out_chars_crlf+0x46>
1000718e:	780b      	ldrb	r3, [r1, #0]
10007190:	2b0a      	cmp	r3, #10
10007192:	d024      	beq.n	100071de <stdio_out_chars_crlf+0x66>
10007194:	2300      	movs	r3, #0
10007196:	4698      	mov	r8, r3
10007198:	2e01      	cmp	r6, #1
1000719a:	d013      	beq.n	100071c4 <stdio_out_chars_crlf+0x4c>
1000719c:	2501      	movs	r5, #1
1000719e:	0029      	movs	r1, r5
100071a0:	5c63      	ldrb	r3, [r4, r1]
100071a2:	3501      	adds	r5, #1
100071a4:	2b0a      	cmp	r3, #10
100071a6:	d026      	beq.n	100071f6 <stdio_out_chars_crlf+0x7e>
100071a8:	42b5      	cmp	r5, r6
100071aa:	d1f8      	bne.n	1000719e <stdio_out_chars_crlf+0x26>
100071ac:	4546      	cmp	r6, r8
100071ae:	dc09      	bgt.n	100071c4 <stdio_out_chars_crlf+0x4c>
100071b0:	19a4      	adds	r4, r4, r6
100071b2:	3c01      	subs	r4, #1
100071b4:	7823      	ldrb	r3, [r4, #0]
100071b6:	3b0d      	subs	r3, #13
100071b8:	425a      	negs	r2, r3
100071ba:	4153      	adcs	r3, r2
100071bc:	753b      	strb	r3, [r7, #20]
100071be:	bc80      	pop	{r7}
100071c0:	46b8      	mov	r8, r7
100071c2:	bdf0      	pop	{r4, r5, r6, r7, pc}
100071c4:	4643      	mov	r3, r8
100071c6:	18e0      	adds	r0, r4, r3
100071c8:	19a4      	adds	r4, r4, r6
100071ca:	1af1      	subs	r1, r6, r3
100071cc:	3c01      	subs	r4, #1
100071ce:	683b      	ldr	r3, [r7, #0]
100071d0:	4798      	blx	r3
100071d2:	7823      	ldrb	r3, [r4, #0]
100071d4:	3b0d      	subs	r3, #13
100071d6:	425a      	negs	r2, r3
100071d8:	4153      	adcs	r3, r2
100071da:	753b      	strb	r3, [r7, #20]
100071dc:	e7ef      	b.n	100071be <stdio_out_chars_crlf+0x46>
100071de:	7d03      	ldrb	r3, [r0, #20]
100071e0:	2b00      	cmp	r3, #0
100071e2:	d1d7      	bne.n	10007194 <stdio_out_chars_crlf+0x1c>
100071e4:	2102      	movs	r1, #2
100071e6:	480f      	ldr	r0, [pc, #60]	@ (10007224 <stdio_out_chars_crlf+0xac>)
100071e8:	683b      	ldr	r3, [r7, #0]
100071ea:	4798      	blx	r3
100071ec:	2e01      	cmp	r6, #1
100071ee:	d0df      	beq.n	100071b0 <stdio_out_chars_crlf+0x38>
100071f0:	2301      	movs	r3, #1
100071f2:	4698      	mov	r8, r3
100071f4:	e7d2      	b.n	1000719c <stdio_out_chars_crlf+0x24>
100071f6:	1e63      	subs	r3, r4, #1
100071f8:	5c5b      	ldrb	r3, [r3, r1]
100071fa:	2b0d      	cmp	r3, #13
100071fc:	d0d4      	beq.n	100071a8 <stdio_out_chars_crlf+0x30>
100071fe:	4588      	cmp	r8, r1
10007200:	da04      	bge.n	1000720c <stdio_out_chars_crlf+0x94>
10007202:	4643      	mov	r3, r8
10007204:	1ac9      	subs	r1, r1, r3
10007206:	18e0      	adds	r0, r4, r3
10007208:	683b      	ldr	r3, [r7, #0]
1000720a:	4798      	blx	r3
1000720c:	2102      	movs	r1, #2
1000720e:	4805      	ldr	r0, [pc, #20]	@ (10007224 <stdio_out_chars_crlf+0xac>)
10007210:	683b      	ldr	r3, [r7, #0]
10007212:	46a8      	mov	r8, r5
10007214:	4798      	blx	r3
10007216:	e7c7      	b.n	100071a8 <stdio_out_chars_crlf+0x30>
10007218:	6803      	ldr	r3, [r0, #0]
1000721a:	0011      	movs	r1, r2
1000721c:	0020      	movs	r0, r4
1000721e:	4798      	blx	r3
10007220:	e7cd      	b.n	100071be <stdio_out_chars_crlf+0x46>
10007222:	46c0      	nop			@ (mov r8, r8)
10007224:	1000d610 	.word	0x1000d610

10007228 <stdio_buffered_printer>:
10007228:	b5f0      	push	{r4, r5, r6, r7, lr}
1000722a:	46c6      	mov	lr, r8
1000722c:	680b      	ldr	r3, [r1, #0]
1000722e:	0006      	movs	r6, r0
10007230:	000c      	movs	r4, r1
10007232:	b500      	push	{lr}
10007234:	2b80      	cmp	r3, #128	@ 0x80
10007236:	d006      	beq.n	10007246 <stdio_buffered_printer+0x1e>
10007238:	1c5a      	adds	r2, r3, #1
1000723a:	6022      	str	r2, [r4, #0]
1000723c:	18e4      	adds	r4, r4, r3
1000723e:	7126      	strb	r6, [r4, #4]
10007240:	bc80      	pop	{r7}
10007242:	46b8      	mov	r8, r7
10007244:	bdf0      	pop	{r4, r5, r6, r7, pc}
10007246:	4b0f      	ldr	r3, [pc, #60]	@ (10007284 <stdio_buffered_printer+0x5c>)
10007248:	681d      	ldr	r5, [r3, #0]
1000724a:	2d00      	cmp	r5, #0
1000724c:	d016      	beq.n	1000727c <stdio_buffered_printer+0x54>
1000724e:	1d0b      	adds	r3, r1, #4
10007250:	4698      	mov	r8, r3
10007252:	4f0d      	ldr	r7, [pc, #52]	@ (10007288 <stdio_buffered_printer+0x60>)
10007254:	e002      	b.n	1000725c <stdio_buffered_printer+0x34>
10007256:	692d      	ldr	r5, [r5, #16]
10007258:	2d00      	cmp	r5, #0
1000725a:	d00f      	beq.n	1000727c <stdio_buffered_printer+0x54>
1000725c:	682b      	ldr	r3, [r5, #0]
1000725e:	2b00      	cmp	r3, #0
10007260:	d0f9      	beq.n	10007256 <stdio_buffered_printer+0x2e>
10007262:	683b      	ldr	r3, [r7, #0]
10007264:	2b00      	cmp	r3, #0
10007266:	d001      	beq.n	1000726c <stdio_buffered_printer+0x44>
10007268:	42ab      	cmp	r3, r5
1000726a:	d1f4      	bne.n	10007256 <stdio_buffered_printer+0x2e>
1000726c:	0028      	movs	r0, r5
1000726e:	4641      	mov	r1, r8
10007270:	6822      	ldr	r2, [r4, #0]
10007272:	f7ff ff81 	bl	10007178 <stdio_out_chars_crlf>
10007276:	692d      	ldr	r5, [r5, #16]
10007278:	2d00      	cmp	r5, #0
1000727a:	d1ef      	bne.n	1000725c <stdio_buffered_printer+0x34>
1000727c:	2201      	movs	r2, #1
1000727e:	2300      	movs	r3, #0
10007280:	e7db      	b.n	1000723a <stdio_buffered_printer+0x12>
10007282:	46c0      	nop			@ (mov r8, r8)
10007284:	20001cd0 	.word	0x20001cd0
10007288:	20001cd8 	.word	0x20001cd8

1000728c <stdio_put_string>:
1000728c:	b5f0      	push	{r4, r5, r6, r7, lr}
1000728e:	4645      	mov	r5, r8
10007290:	46de      	mov	lr, fp
10007292:	464e      	mov	r6, r9
10007294:	4657      	mov	r7, sl
10007296:	b5e0      	push	{r5, r6, r7, lr}
10007298:	b083      	sub	sp, #12
1000729a:	4691      	mov	r9, r2
1000729c:	001c      	movs	r4, r3
1000729e:	4680      	mov	r8, r0
100072a0:	000d      	movs	r5, r1
100072a2:	f7fc fa21 	bl	100036e8 <time_us_64>
100072a6:	2300      	movs	r3, #0
100072a8:	4a30      	ldr	r2, [pc, #192]	@ (1000736c <stdio_put_string+0xe0>)
100072aa:	1812      	adds	r2, r2, r0
100072ac:	414b      	adcs	r3, r1
100072ae:	2b00      	cmp	r3, #0
100072b0:	da02      	bge.n	100072b8 <stdio_put_string+0x2c>
100072b2:	2201      	movs	r2, #1
100072b4:	4b2e      	ldr	r3, [pc, #184]	@ (10007370 <stdio_put_string+0xe4>)
100072b6:	4252      	negs	r2, r2
100072b8:	492e      	ldr	r1, [pc, #184]	@ (10007374 <stdio_put_string+0xe8>)
100072ba:	0008      	movs	r0, r1
100072bc:	468a      	mov	sl, r1
100072be:	f002 fda7 	bl	10009e10 <__mutex_try_enter_block_until_veneer>
100072c2:	0007      	movs	r7, r0
100072c4:	1c6b      	adds	r3, r5, #1
100072c6:	d103      	bne.n	100072d0 <stdio_put_string+0x44>
100072c8:	4640      	mov	r0, r8
100072ca:	f002 fd27 	bl	10009d1c <strlen>
100072ce:	0005      	movs	r5, r0
100072d0:	2c00      	cmp	r4, #0
100072d2:	d027      	beq.n	10007324 <stdio_put_string+0x98>
100072d4:	4e28      	ldr	r6, [pc, #160]	@ (10007378 <stdio_put_string+0xec>)
100072d6:	4b29      	ldr	r3, [pc, #164]	@ (1000737c <stdio_put_string+0xf0>)
100072d8:	681c      	ldr	r4, [r3, #0]
100072da:	2c00      	cmp	r4, #0
100072dc:	d018      	beq.n	10007310 <stdio_put_string+0x84>
100072de:	464b      	mov	r3, r9
100072e0:	2b00      	cmp	r3, #0
100072e2:	d121      	bne.n	10007328 <stdio_put_string+0x9c>
100072e4:	4b26      	ldr	r3, [pc, #152]	@ (10007380 <stdio_put_string+0xf4>)
100072e6:	4699      	mov	r9, r3
100072e8:	e002      	b.n	100072f0 <stdio_put_string+0x64>
100072ea:	6924      	ldr	r4, [r4, #16]
100072ec:	2c00      	cmp	r4, #0
100072ee:	d00f      	beq.n	10007310 <stdio_put_string+0x84>
100072f0:	6823      	ldr	r3, [r4, #0]
100072f2:	2b00      	cmp	r3, #0
100072f4:	d0f9      	beq.n	100072ea <stdio_put_string+0x5e>
100072f6:	464b      	mov	r3, r9
100072f8:	681b      	ldr	r3, [r3, #0]
100072fa:	2b00      	cmp	r3, #0
100072fc:	d001      	beq.n	10007302 <stdio_put_string+0x76>
100072fe:	429c      	cmp	r4, r3
10007300:	d1f3      	bne.n	100072ea <stdio_put_string+0x5e>
10007302:	0020      	movs	r0, r4
10007304:	002a      	movs	r2, r5
10007306:	4641      	mov	r1, r8
10007308:	47b0      	blx	r6
1000730a:	6924      	ldr	r4, [r4, #16]
1000730c:	2c00      	cmp	r4, #0
1000730e:	d1ef      	bne.n	100072f0 <stdio_put_string+0x64>
10007310:	2f00      	cmp	r7, #0
10007312:	d126      	bne.n	10007362 <stdio_put_string+0xd6>
10007314:	0028      	movs	r0, r5
10007316:	b003      	add	sp, #12
10007318:	bcf0      	pop	{r4, r5, r6, r7}
1000731a:	46bb      	mov	fp, r7
1000731c:	46b2      	mov	sl, r6
1000731e:	46a9      	mov	r9, r5
10007320:	46a0      	mov	r8, r4
10007322:	bdf0      	pop	{r4, r5, r6, r7, pc}
10007324:	4e17      	ldr	r6, [pc, #92]	@ (10007384 <stdio_put_string+0xf8>)
10007326:	e7d6      	b.n	100072d6 <stdio_put_string+0x4a>
10007328:	4b15      	ldr	r3, [pc, #84]	@ (10007380 <stdio_put_string+0xf4>)
1000732a:	4699      	mov	r9, r3
1000732c:	230a      	movs	r3, #10
1000732e:	469b      	mov	fp, r3
10007330:	e002      	b.n	10007338 <stdio_put_string+0xac>
10007332:	6924      	ldr	r4, [r4, #16]
10007334:	2c00      	cmp	r4, #0
10007336:	d0eb      	beq.n	10007310 <stdio_put_string+0x84>
10007338:	6823      	ldr	r3, [r4, #0]
1000733a:	2b00      	cmp	r3, #0
1000733c:	d0f9      	beq.n	10007332 <stdio_put_string+0xa6>
1000733e:	464b      	mov	r3, r9
10007340:	681b      	ldr	r3, [r3, #0]
10007342:	2b00      	cmp	r3, #0
10007344:	d001      	beq.n	1000734a <stdio_put_string+0xbe>
10007346:	42a3      	cmp	r3, r4
10007348:	d1f3      	bne.n	10007332 <stdio_put_string+0xa6>
1000734a:	002a      	movs	r2, r5
1000734c:	4641      	mov	r1, r8
1000734e:	0020      	movs	r0, r4
10007350:	47b0      	blx	r6
10007352:	466b      	mov	r3, sp
10007354:	465a      	mov	r2, fp
10007356:	0020      	movs	r0, r4
10007358:	71da      	strb	r2, [r3, #7]
1000735a:	1dd9      	adds	r1, r3, #7
1000735c:	2201      	movs	r2, #1
1000735e:	47b0      	blx	r6
10007360:	e7e7      	b.n	10007332 <stdio_put_string+0xa6>
10007362:	4650      	mov	r0, sl
10007364:	f002 fd14 	bl	10009d90 <__mutex_exit_veneer>
10007368:	e7d4      	b.n	10007314 <stdio_put_string+0x88>
1000736a:	46c0      	nop			@ (mov r8, r8)
1000736c:	000f4240 	.word	0x000f4240
10007370:	7fffffff 	.word	0x7fffffff
10007374:	20001088 	.word	0x20001088
10007378:	10007179 	.word	0x10007179
1000737c:	20001cd0 	.word	0x20001cd0
10007380:	20001cd8 	.word	0x20001cd8
10007384:	10007169 	.word	0x10007169

10007388 <stdio_set_driver_enabled>:
10007388:	4a0a      	ldr	r2, [pc, #40]	@ (100073b4 <stdio_set_driver_enabled+0x2c>)
1000738a:	6813      	ldr	r3, [r2, #0]
1000738c:	2b00      	cmp	r3, #0
1000738e:	d105      	bne.n	1000739c <stdio_set_driver_enabled+0x14>
10007390:	e00c      	b.n	100073ac <stdio_set_driver_enabled+0x24>
10007392:	001a      	movs	r2, r3
10007394:	691b      	ldr	r3, [r3, #16]
10007396:	3210      	adds	r2, #16
10007398:	2b00      	cmp	r3, #0
1000739a:	d007      	beq.n	100073ac <stdio_set_driver_enabled+0x24>
1000739c:	4283      	cmp	r3, r0
1000739e:	d1f8      	bne.n	10007392 <stdio_set_driver_enabled+0xa>
100073a0:	2900      	cmp	r1, #0
100073a2:	d102      	bne.n	100073aa <stdio_set_driver_enabled+0x22>
100073a4:	6918      	ldr	r0, [r3, #16]
100073a6:	6010      	str	r0, [r2, #0]
100073a8:	6119      	str	r1, [r3, #16]
100073aa:	4770      	bx	lr
100073ac:	2900      	cmp	r1, #0
100073ae:	d0fc      	beq.n	100073aa <stdio_set_driver_enabled+0x22>
100073b0:	6010      	str	r0, [r2, #0]
100073b2:	e7fa      	b.n	100073aa <stdio_set_driver_enabled+0x22>
100073b4:	20001cd0 	.word	0x20001cd0

100073b8 <stdio_init_all>:
100073b8:	b510      	push	{r4, lr}
100073ba:	f000 faf1 	bl	100079a0 <stdio_usb_init>
100073be:	bd10      	pop	{r4, pc}

100073c0 <__wrap_putchar>:
100073c0:	b5f0      	push	{r4, r5, r6, r7, lr}
100073c2:	46ce      	mov	lr, r9
100073c4:	4647      	mov	r7, r8
100073c6:	b580      	push	{r7, lr}
100073c8:	b083      	sub	sp, #12
100073ca:	466b      	mov	r3, sp
100073cc:	0006      	movs	r6, r0
100073ce:	1ddd      	adds	r5, r3, #7
100073d0:	7028      	strb	r0, [r5, #0]
100073d2:	f7fc f989 	bl	100036e8 <time_us_64>
100073d6:	2300      	movs	r3, #0
100073d8:	4a19      	ldr	r2, [pc, #100]	@ (10007440 <__wrap_putchar+0x80>)
100073da:	1812      	adds	r2, r2, r0
100073dc:	414b      	adcs	r3, r1
100073de:	2b00      	cmp	r3, #0
100073e0:	da02      	bge.n	100073e8 <__wrap_putchar+0x28>
100073e2:	2201      	movs	r2, #1
100073e4:	4b17      	ldr	r3, [pc, #92]	@ (10007444 <__wrap_putchar+0x84>)
100073e6:	4252      	negs	r2, r2
100073e8:	4917      	ldr	r1, [pc, #92]	@ (10007448 <__wrap_putchar+0x88>)
100073ea:	0008      	movs	r0, r1
100073ec:	4688      	mov	r8, r1
100073ee:	f002 fd0f 	bl	10009e10 <__mutex_try_enter_block_until_veneer>
100073f2:	4b16      	ldr	r3, [pc, #88]	@ (1000744c <__wrap_putchar+0x8c>)
100073f4:	4681      	mov	r9, r0
100073f6:	681c      	ldr	r4, [r3, #0]
100073f8:	2c00      	cmp	r4, #0
100073fa:	d014      	beq.n	10007426 <__wrap_putchar+0x66>
100073fc:	4f14      	ldr	r7, [pc, #80]	@ (10007450 <__wrap_putchar+0x90>)
100073fe:	e002      	b.n	10007406 <__wrap_putchar+0x46>
10007400:	6924      	ldr	r4, [r4, #16]
10007402:	2c00      	cmp	r4, #0
10007404:	d00f      	beq.n	10007426 <__wrap_putchar+0x66>
10007406:	6823      	ldr	r3, [r4, #0]
10007408:	2b00      	cmp	r3, #0
1000740a:	d0f9      	beq.n	10007400 <__wrap_putchar+0x40>
1000740c:	683b      	ldr	r3, [r7, #0]
1000740e:	2b00      	cmp	r3, #0
10007410:	d001      	beq.n	10007416 <__wrap_putchar+0x56>
10007412:	429c      	cmp	r4, r3
10007414:	d1f4      	bne.n	10007400 <__wrap_putchar+0x40>
10007416:	0020      	movs	r0, r4
10007418:	2201      	movs	r2, #1
1000741a:	0029      	movs	r1, r5
1000741c:	f7ff feac 	bl	10007178 <stdio_out_chars_crlf>
10007420:	6924      	ldr	r4, [r4, #16]
10007422:	2c00      	cmp	r4, #0
10007424:	d1ef      	bne.n	10007406 <__wrap_putchar+0x46>
10007426:	464b      	mov	r3, r9
10007428:	2b00      	cmp	r3, #0
1000742a:	d105      	bne.n	10007438 <__wrap_putchar+0x78>
1000742c:	0030      	movs	r0, r6
1000742e:	b003      	add	sp, #12
10007430:	bcc0      	pop	{r6, r7}
10007432:	46b9      	mov	r9, r7
10007434:	46b0      	mov	r8, r6
10007436:	bdf0      	pop	{r4, r5, r6, r7, pc}
10007438:	4640      	mov	r0, r8
1000743a:	f002 fca9 	bl	10009d90 <__mutex_exit_veneer>
1000743e:	e7f5      	b.n	1000742c <__wrap_putchar+0x6c>
10007440:	000f4240 	.word	0x000f4240
10007444:	7fffffff 	.word	0x7fffffff
10007448:	20001088 	.word	0x20001088
1000744c:	20001cd0 	.word	0x20001cd0
10007450:	20001cd8 	.word	0x20001cd8

10007454 <__wrap_puts>:
10007454:	b570      	push	{r4, r5, r6, lr}
10007456:	0004      	movs	r4, r0
10007458:	f002 fc60 	bl	10009d1c <strlen>
1000745c:	2301      	movs	r3, #1
1000745e:	0001      	movs	r1, r0
10007460:	0005      	movs	r5, r0
10007462:	2201      	movs	r2, #1
10007464:	0020      	movs	r0, r4
10007466:	f7ff ff11 	bl	1000728c <stdio_put_string>
1000746a:	4b08      	ldr	r3, [pc, #32]	@ (1000748c <__wrap_puts+0x38>)
1000746c:	681c      	ldr	r4, [r3, #0]
1000746e:	2c00      	cmp	r4, #0
10007470:	d006      	beq.n	10007480 <__wrap_puts+0x2c>
10007472:	6863      	ldr	r3, [r4, #4]
10007474:	2b00      	cmp	r3, #0
10007476:	d005      	beq.n	10007484 <__wrap_puts+0x30>
10007478:	4798      	blx	r3
1000747a:	6924      	ldr	r4, [r4, #16]
1000747c:	2c00      	cmp	r4, #0
1000747e:	d1f8      	bne.n	10007472 <__wrap_puts+0x1e>
10007480:	0028      	movs	r0, r5
10007482:	bd70      	pop	{r4, r5, r6, pc}
10007484:	6924      	ldr	r4, [r4, #16]
10007486:	2c00      	cmp	r4, #0
10007488:	d1f3      	bne.n	10007472 <__wrap_puts+0x1e>
1000748a:	e7f9      	b.n	10007480 <__wrap_puts+0x2c>
1000748c:	20001cd0 	.word	0x20001cd0

10007490 <__wrap_vprintf>:
10007490:	b5f0      	push	{r4, r5, r6, r7, lr}
10007492:	46ce      	mov	lr, r9
10007494:	4647      	mov	r7, r8
10007496:	b580      	push	{r7, lr}
10007498:	b0a3      	sub	sp, #140	@ 0x8c
1000749a:	0004      	movs	r4, r0
1000749c:	000d      	movs	r5, r1
1000749e:	f7fc f923 	bl	100036e8 <time_us_64>
100074a2:	2300      	movs	r3, #0
100074a4:	4a27      	ldr	r2, [pc, #156]	@ (10007544 <__wrap_vprintf+0xb4>)
100074a6:	1812      	adds	r2, r2, r0
100074a8:	414b      	adcs	r3, r1
100074aa:	2b00      	cmp	r3, #0
100074ac:	da02      	bge.n	100074b4 <__wrap_vprintf+0x24>
100074ae:	2201      	movs	r2, #1
100074b0:	4b25      	ldr	r3, [pc, #148]	@ (10007548 <__wrap_vprintf+0xb8>)
100074b2:	4252      	negs	r2, r2
100074b4:	4e25      	ldr	r6, [pc, #148]	@ (1000754c <__wrap_vprintf+0xbc>)
100074b6:	0030      	movs	r0, r6
100074b8:	f002 fcaa 	bl	10009e10 <__mutex_try_enter_block_until_veneer>
100074bc:	2300      	movs	r3, #0
100074be:	0022      	movs	r2, r4
100074c0:	9301      	str	r3, [sp, #4]
100074c2:	0007      	movs	r7, r0
100074c4:	002b      	movs	r3, r5
100074c6:	4822      	ldr	r0, [pc, #136]	@ (10007550 <__wrap_vprintf+0xc0>)
100074c8:	a901      	add	r1, sp, #4
100074ca:	f7ff fe07 	bl	100070dc <vfctprintf>
100074ce:	4b21      	ldr	r3, [pc, #132]	@ (10007554 <__wrap_vprintf+0xc4>)
100074d0:	4680      	mov	r8, r0
100074d2:	4699      	mov	r9, r3
100074d4:	681c      	ldr	r4, [r3, #0]
100074d6:	9b01      	ldr	r3, [sp, #4]
100074d8:	2b00      	cmp	r3, #0
100074da:	d01a      	beq.n	10007512 <__wrap_vprintf+0x82>
100074dc:	2c00      	cmp	r4, #0
100074de:	d02f      	beq.n	10007540 <__wrap_vprintf+0xb0>
100074e0:	4d1d      	ldr	r5, [pc, #116]	@ (10007558 <__wrap_vprintf+0xc8>)
100074e2:	e002      	b.n	100074ea <__wrap_vprintf+0x5a>
100074e4:	6924      	ldr	r4, [r4, #16]
100074e6:	2c00      	cmp	r4, #0
100074e8:	d00f      	beq.n	1000750a <__wrap_vprintf+0x7a>
100074ea:	6823      	ldr	r3, [r4, #0]
100074ec:	2b00      	cmp	r3, #0
100074ee:	d0f9      	beq.n	100074e4 <__wrap_vprintf+0x54>
100074f0:	682b      	ldr	r3, [r5, #0]
100074f2:	2b00      	cmp	r3, #0
100074f4:	d001      	beq.n	100074fa <__wrap_vprintf+0x6a>
100074f6:	42a3      	cmp	r3, r4
100074f8:	d1f4      	bne.n	100074e4 <__wrap_vprintf+0x54>
100074fa:	0020      	movs	r0, r4
100074fc:	9a01      	ldr	r2, [sp, #4]
100074fe:	a902      	add	r1, sp, #8
10007500:	f7ff fe3a 	bl	10007178 <stdio_out_chars_crlf>
10007504:	6924      	ldr	r4, [r4, #16]
10007506:	2c00      	cmp	r4, #0
10007508:	d1ef      	bne.n	100074ea <__wrap_vprintf+0x5a>
1000750a:	464b      	mov	r3, r9
1000750c:	681c      	ldr	r4, [r3, #0]
1000750e:	2300      	movs	r3, #0
10007510:	9301      	str	r3, [sp, #4]
10007512:	2c00      	cmp	r4, #0
10007514:	d006      	beq.n	10007524 <__wrap_vprintf+0x94>
10007516:	6863      	ldr	r3, [r4, #4]
10007518:	2b00      	cmp	r3, #0
1000751a:	d00b      	beq.n	10007534 <__wrap_vprintf+0xa4>
1000751c:	4798      	blx	r3
1000751e:	6924      	ldr	r4, [r4, #16]
10007520:	2c00      	cmp	r4, #0
10007522:	d1f8      	bne.n	10007516 <__wrap_vprintf+0x86>
10007524:	2f00      	cmp	r7, #0
10007526:	d107      	bne.n	10007538 <__wrap_vprintf+0xa8>
10007528:	4640      	mov	r0, r8
1000752a:	b023      	add	sp, #140	@ 0x8c
1000752c:	bcc0      	pop	{r6, r7}
1000752e:	46b9      	mov	r9, r7
10007530:	46b0      	mov	r8, r6
10007532:	bdf0      	pop	{r4, r5, r6, r7, pc}
10007534:	6924      	ldr	r4, [r4, #16]
10007536:	e7ec      	b.n	10007512 <__wrap_vprintf+0x82>
10007538:	0030      	movs	r0, r6
1000753a:	f002 fc29 	bl	10009d90 <__mutex_exit_veneer>
1000753e:	e7f3      	b.n	10007528 <__wrap_vprintf+0x98>
10007540:	9401      	str	r4, [sp, #4]
10007542:	e7ef      	b.n	10007524 <__wrap_vprintf+0x94>
10007544:	000f4240 	.word	0x000f4240
10007548:	7fffffff 	.word	0x7fffffff
1000754c:	20001088 	.word	0x20001088
10007550:	10007229 	.word	0x10007229
10007554:	20001cd0 	.word	0x20001cd0
10007558:	20001cd8 	.word	0x20001cd8

1000755c <__wrap_printf>:
1000755c:	b40f      	push	{r0, r1, r2, r3}
1000755e:	b500      	push	{lr}
10007560:	b083      	sub	sp, #12
10007562:	a904      	add	r1, sp, #16
10007564:	c901      	ldmia	r1!, {r0}
10007566:	9101      	str	r1, [sp, #4]
10007568:	f7ff ff92 	bl	10007490 <__wrap_vprintf>
1000756c:	b003      	add	sp, #12
1000756e:	bc08      	pop	{r3}
10007570:	b004      	add	sp, #16
10007572:	4718      	bx	r3

10007574 <resetd_init>:
10007574:	4770      	bx	lr
10007576:	46c0      	nop			@ (mov r8, r8)

10007578 <resetd_reset>:
10007578:	2200      	movs	r2, #0
1000757a:	4b01      	ldr	r3, [pc, #4]	@ (10007580 <resetd_reset+0x8>)
1000757c:	701a      	strb	r2, [r3, #0]
1000757e:	4770      	bx	lr
10007580:	20002146 	.word	0x20002146

10007584 <resetd_open>:
10007584:	794b      	ldrb	r3, [r1, #5]
10007586:	2000      	movs	r0, #0
10007588:	2bff      	cmp	r3, #255	@ 0xff
1000758a:	d10b      	bne.n	100075a4 <resetd_open+0x20>
1000758c:	798b      	ldrb	r3, [r1, #6]
1000758e:	2b00      	cmp	r3, #0
10007590:	d108      	bne.n	100075a4 <resetd_open+0x20>
10007592:	79cb      	ldrb	r3, [r1, #7]
10007594:	2b01      	cmp	r3, #1
10007596:	d105      	bne.n	100075a4 <resetd_open+0x20>
10007598:	2a08      	cmp	r2, #8
1000759a:	d903      	bls.n	100075a4 <resetd_open+0x20>
1000759c:	4b02      	ldr	r3, [pc, #8]	@ (100075a8 <resetd_open+0x24>)
1000759e:	788a      	ldrb	r2, [r1, #2]
100075a0:	3009      	adds	r0, #9
100075a2:	701a      	strb	r2, [r3, #0]
100075a4:	4770      	bx	lr
100075a6:	46c0      	nop			@ (mov r8, r8)
100075a8:	20002146 	.word	0x20002146

100075ac <resetd_xfer_cb>:
100075ac:	2001      	movs	r0, #1
100075ae:	4770      	bx	lr

100075b0 <resetd_control_xfer_cb>:
100075b0:	b510      	push	{r4, lr}
100075b2:	2901      	cmp	r1, #1
100075b4:	d113      	bne.n	100075de <resetd_control_xfer_cb+0x2e>
100075b6:	4912      	ldr	r1, [pc, #72]	@ (10007600 <resetd_control_xfer_cb+0x50>)
100075b8:	7953      	ldrb	r3, [r2, #5]
100075ba:	7910      	ldrb	r0, [r2, #4]
100075bc:	7809      	ldrb	r1, [r1, #0]
100075be:	021b      	lsls	r3, r3, #8
100075c0:	4303      	orrs	r3, r0
100075c2:	2000      	movs	r0, #0
100075c4:	4299      	cmp	r1, r3
100075c6:	d000      	beq.n	100075ca <resetd_control_xfer_cb+0x1a>
100075c8:	bd10      	pop	{r4, pc}
100075ca:	7853      	ldrb	r3, [r2, #1]
100075cc:	2b01      	cmp	r3, #1
100075ce:	d008      	beq.n	100075e2 <resetd_control_xfer_cb+0x32>
100075d0:	2b02      	cmp	r3, #2
100075d2:	d1f9      	bne.n	100075c8 <resetd_control_xfer_cb+0x18>
100075d4:	2264      	movs	r2, #100	@ 0x64
100075d6:	2100      	movs	r1, #0
100075d8:	2000      	movs	r0, #0
100075da:	f7fc fc47 	bl	10003e6c <watchdog_reboot>
100075de:	2001      	movs	r0, #1
100075e0:	e7f2      	b.n	100075c8 <resetd_control_xfer_cb+0x18>
100075e2:	78d3      	ldrb	r3, [r2, #3]
100075e4:	7891      	ldrb	r1, [r2, #2]
100075e6:	021b      	lsls	r3, r3, #8
100075e8:	4319      	orrs	r1, r3
100075ea:	0a48      	lsrs	r0, r1, #9
100075ec:	05db      	lsls	r3, r3, #23
100075ee:	d401      	bmi.n	100075f4 <resetd_control_xfer_cb+0x44>
100075f0:	2001      	movs	r0, #1
100075f2:	4240      	negs	r0, r0
100075f4:	237f      	movs	r3, #127	@ 0x7f
100075f6:	058a      	lsls	r2, r1, #22
100075f8:	0fd2      	lsrs	r2, r2, #31
100075fa:	4019      	ands	r1, r3
100075fc:	f7fc fcbe 	bl	10003f7c <rom_reset_usb_boot_extra>
10007600:	20002146 	.word	0x20002146

10007604 <tud_descriptor_bos_cb>:
10007604:	4800      	ldr	r0, [pc, #0]	@ (10007608 <tud_descriptor_bos_cb+0x4>)
10007606:	4770      	bx	lr
10007608:	1000d6dc 	.word	0x1000d6dc

1000760c <tud_vendor_control_xfer_cb>:
1000760c:	b570      	push	{r4, r5, r6, lr}
1000760e:	0005      	movs	r5, r0
10007610:	0014      	movs	r4, r2
10007612:	2001      	movs	r0, #1
10007614:	2901      	cmp	r1, #1
10007616:	d109      	bne.n	1000762c <tud_vendor_control_xfer_cb+0x20>
10007618:	7853      	ldrb	r3, [r2, #1]
1000761a:	2000      	movs	r0, #0
1000761c:	2b01      	cmp	r3, #1
1000761e:	d105      	bne.n	1000762c <tud_vendor_control_xfer_cb+0x20>
10007620:	7963      	ldrb	r3, [r4, #5]
10007622:	7912      	ldrb	r2, [r2, #4]
10007624:	021b      	lsls	r3, r3, #8
10007626:	4313      	orrs	r3, r2
10007628:	2b07      	cmp	r3, #7
1000762a:	d000      	beq.n	1000762e <tud_vendor_control_xfer_cb+0x22>
1000762c:	bd70      	pop	{r4, r5, r6, pc}
1000762e:	0021      	movs	r1, r4
10007630:	0028      	movs	r0, r5
10007632:	4a02      	ldr	r2, [pc, #8]	@ (1000763c <tud_vendor_control_xfer_cb+0x30>)
10007634:	339f      	adds	r3, #159	@ 0x9f
10007636:	f001 fa55 	bl	10008ae4 <tud_control_xfer>
1000763a:	e7f7      	b.n	1000762c <tud_vendor_control_xfer_cb+0x20>
1000763c:	1000d634 	.word	0x1000d634

10007640 <usbd_app_driver_get_cb>:
10007640:	2301      	movs	r3, #1
10007642:	7003      	strb	r3, [r0, #0]
10007644:	4800      	ldr	r0, [pc, #0]	@ (10007648 <usbd_app_driver_get_cb+0x8>)
10007646:	4770      	bx	lr
10007648:	1000d614 	.word	0x1000d614

1000764c <tud_cdc_line_coding_cb>:
1000764c:	784b      	ldrb	r3, [r1, #1]
1000764e:	780a      	ldrb	r2, [r1, #0]
10007650:	021b      	lsls	r3, r3, #8
10007652:	4313      	orrs	r3, r2
10007654:	788a      	ldrb	r2, [r1, #2]
10007656:	b510      	push	{r4, lr}
10007658:	0412      	lsls	r2, r2, #16
1000765a:	431a      	orrs	r2, r3
1000765c:	78cb      	ldrb	r3, [r1, #3]
1000765e:	061b      	lsls	r3, r3, #24
10007660:	4313      	orrs	r3, r2
10007662:	2296      	movs	r2, #150	@ 0x96
10007664:	00d2      	lsls	r2, r2, #3
10007666:	4293      	cmp	r3, r2
10007668:	d000      	beq.n	1000766c <tud_cdc_line_coding_cb+0x20>
1000766a:	bd10      	pop	{r4, pc}
1000766c:	2200      	movs	r2, #0
1000766e:	2001      	movs	r0, #1
10007670:	0011      	movs	r1, r2
10007672:	4240      	negs	r0, r0
10007674:	f7fc fc82 	bl	10003f7c <rom_reset_usb_boot_extra>

10007678 <stdio_usb_set_chars_available_callback>:
10007678:	4b02      	ldr	r3, [pc, #8]	@ (10007684 <stdio_usb_set_chars_available_callback+0xc>)
1000767a:	6018      	str	r0, [r3, #0]
1000767c:	4b02      	ldr	r3, [pc, #8]	@ (10007688 <stdio_usb_set_chars_available_callback+0x10>)
1000767e:	6019      	str	r1, [r3, #0]
10007680:	4770      	bx	lr
10007682:	46c0      	nop			@ (mov r8, r8)
10007684:	20001c70 	.word	0x20001c70
10007688:	20001c74 	.word	0x20001c74

1000768c <usb_irq>:
1000768c:	b510      	push	{r4, lr}
1000768e:	4b02      	ldr	r3, [pc, #8]	@ (10007698 <usb_irq+0xc>)
10007690:	7818      	ldrb	r0, [r3, #0]
10007692:	f7fc f873 	bl	1000377c <irq_set_pending>
10007696:	bd10      	pop	{r4, pc}
10007698:	20002147 	.word	0x20002147

1000769c <timer_task>:
1000769c:	4b15      	ldr	r3, [pc, #84]	@ (100076f4 <timer_task+0x58>)
1000769e:	b570      	push	{r4, r5, r6, lr}
100076a0:	681a      	ldr	r2, [r3, #0]
100076a2:	2a00      	cmp	r2, #0
100076a4:	d022      	beq.n	100076ec <timer_task+0x50>
100076a6:	f3ef 8110 	mrs	r1, PRIMASK
100076aa:	b672      	cpsid	i
100076ac:	6810      	ldr	r0, [r2, #0]
100076ae:	2800      	cmp	r0, #0
100076b0:	d0fc      	beq.n	100076ac <timer_task+0x10>
100076b2:	f3bf 8f5f 	dmb	sy
100076b6:	2000      	movs	r0, #0
100076b8:	4a0f      	ldr	r2, [pc, #60]	@ (100076f8 <timer_task+0x5c>)
100076ba:	6059      	str	r1, [r3, #4]
100076bc:	7010      	strb	r0, [r2, #0]
100076be:	681b      	ldr	r3, [r3, #0]
100076c0:	f3bf 8f5f 	dmb	sy
100076c4:	6018      	str	r0, [r3, #0]
100076c6:	f381 8810 	msr	PRIMASK, r1
100076ca:	2400      	movs	r4, #0
100076cc:	2500      	movs	r5, #0
100076ce:	4e0b      	ldr	r6, [pc, #44]	@ (100076fc <timer_task+0x60>)
100076d0:	7830      	ldrb	r0, [r6, #0]
100076d2:	f7fc f847 	bl	10003764 <irq_is_enabled>
100076d6:	2800      	cmp	r0, #0
100076d8:	d104      	bne.n	100076e4 <timer_task+0x48>
100076da:	2400      	movs	r4, #0
100076dc:	2500      	movs	r5, #0
100076de:	0029      	movs	r1, r5
100076e0:	0020      	movs	r0, r4
100076e2:	bd70      	pop	{r4, r5, r6, pc}
100076e4:	7830      	ldrb	r0, [r6, #0]
100076e6:	f7fc f849 	bl	1000377c <irq_set_pending>
100076ea:	e7f8      	b.n	100076de <timer_task+0x42>
100076ec:	24fa      	movs	r4, #250	@ 0xfa
100076ee:	2500      	movs	r5, #0
100076f0:	00a4      	lsls	r4, r4, #2
100076f2:	e7ec      	b.n	100076ce <timer_task+0x32>
100076f4:	20002100 	.word	0x20002100
100076f8:	20002148 	.word	0x20002148
100076fc:	20002147 	.word	0x20002147

10007700 <stdio_usb_in_chars>:
10007700:	b570      	push	{r4, r5, r6, lr}
10007702:	0004      	movs	r4, r0
10007704:	2000      	movs	r0, #0
10007706:	000e      	movs	r6, r1
10007708:	f001 fb0a 	bl	10008d20 <tud_cdc_n_connected>
1000770c:	2800      	cmp	r0, #0
1000770e:	d034      	beq.n	1000777a <stdio_usb_in_chars+0x7a>
10007710:	2000      	movs	r0, #0
10007712:	f001 fb1b 	bl	10008d4c <tud_cdc_n_available>
10007716:	2800      	cmp	r0, #0
10007718:	d02f      	beq.n	1000777a <stdio_usb_in_chars+0x7a>
1000771a:	f7fb ffe5 	bl	100036e8 <time_us_64>
1000771e:	2300      	movs	r3, #0
10007720:	4a17      	ldr	r2, [pc, #92]	@ (10007780 <stdio_usb_in_chars+0x80>)
10007722:	1812      	adds	r2, r2, r0
10007724:	414b      	adcs	r3, r1
10007726:	2b00      	cmp	r3, #0
10007728:	db16      	blt.n	10007758 <stdio_usb_in_chars+0x58>
1000772a:	4d16      	ldr	r5, [pc, #88]	@ (10007784 <stdio_usb_in_chars+0x84>)
1000772c:	0028      	movs	r0, r5
1000772e:	f002 fb6f 	bl	10009e10 <__mutex_try_enter_block_until_veneer>
10007732:	2800      	cmp	r0, #0
10007734:	d021      	beq.n	1000777a <stdio_usb_in_chars+0x7a>
10007736:	2000      	movs	r0, #0
10007738:	f001 faf2 	bl	10008d20 <tud_cdc_n_connected>
1000773c:	2800      	cmp	r0, #0
1000773e:	d10f      	bne.n	10007760 <stdio_usb_in_chars+0x60>
10007740:	2001      	movs	r0, #1
10007742:	2100      	movs	r1, #0
10007744:	4240      	negs	r0, r0
10007746:	f000 fd01 	bl	1000814c <tud_task_ext>
1000774a:	2403      	movs	r4, #3
1000774c:	4264      	negs	r4, r4
1000774e:	0028      	movs	r0, r5
10007750:	f002 fb1e 	bl	10009d90 <__mutex_exit_veneer>
10007754:	0020      	movs	r0, r4
10007756:	bd70      	pop	{r4, r5, r6, pc}
10007758:	2201      	movs	r2, #1
1000775a:	4b0b      	ldr	r3, [pc, #44]	@ (10007788 <stdio_usb_in_chars+0x88>)
1000775c:	4252      	negs	r2, r2
1000775e:	e7e4      	b.n	1000772a <stdio_usb_in_chars+0x2a>
10007760:	2000      	movs	r0, #0
10007762:	f001 faf3 	bl	10008d4c <tud_cdc_n_available>
10007766:	2800      	cmp	r0, #0
10007768:	d0ea      	beq.n	10007740 <stdio_usb_in_chars+0x40>
1000776a:	0021      	movs	r1, r4
1000776c:	0032      	movs	r2, r6
1000776e:	2000      	movs	r0, #0
10007770:	f001 faf6 	bl	10008d60 <tud_cdc_n_read>
10007774:	1e04      	subs	r4, r0, #0
10007776:	d1ea      	bne.n	1000774e <stdio_usb_in_chars+0x4e>
10007778:	e7e7      	b.n	1000774a <stdio_usb_in_chars+0x4a>
1000777a:	2403      	movs	r4, #3
1000777c:	4264      	negs	r4, r4
1000777e:	e7e9      	b.n	10007754 <stdio_usb_in_chars+0x54>
10007780:	000f4240 	.word	0x000f4240
10007784:	20002128 	.word	0x20002128
10007788:	7fffffff 	.word	0x7fffffff

1000778c <stdio_usb_out_flush>:
1000778c:	b510      	push	{r4, lr}
1000778e:	f7fb ffab 	bl	100036e8 <time_us_64>
10007792:	2300      	movs	r3, #0
10007794:	4a0d      	ldr	r2, [pc, #52]	@ (100077cc <stdio_usb_out_flush+0x40>)
10007796:	1812      	adds	r2, r2, r0
10007798:	414b      	adcs	r3, r1
1000779a:	2b00      	cmp	r3, #0
1000779c:	da02      	bge.n	100077a4 <stdio_usb_out_flush+0x18>
1000779e:	2201      	movs	r2, #1
100077a0:	4b0b      	ldr	r3, [pc, #44]	@ (100077d0 <stdio_usb_out_flush+0x44>)
100077a2:	4252      	negs	r2, r2
100077a4:	4c0b      	ldr	r4, [pc, #44]	@ (100077d4 <stdio_usb_out_flush+0x48>)
100077a6:	0020      	movs	r0, r4
100077a8:	f002 fb32 	bl	10009e10 <__mutex_try_enter_block_until_veneer>
100077ac:	2800      	cmp	r0, #0
100077ae:	d00c      	beq.n	100077ca <stdio_usb_out_flush+0x3e>
100077b0:	2001      	movs	r0, #1
100077b2:	2100      	movs	r1, #0
100077b4:	4240      	negs	r0, r0
100077b6:	f000 fcc9 	bl	1000814c <tud_task_ext>
100077ba:	2000      	movs	r0, #0
100077bc:	f001 fb14 	bl	10008de8 <tud_cdc_n_write_flush>
100077c0:	2800      	cmp	r0, #0
100077c2:	d1f5      	bne.n	100077b0 <stdio_usb_out_flush+0x24>
100077c4:	0020      	movs	r0, r4
100077c6:	f002 fae3 	bl	10009d90 <__mutex_exit_veneer>
100077ca:	bd10      	pop	{r4, pc}
100077cc:	000f4240 	.word	0x000f4240
100077d0:	7fffffff 	.word	0x7fffffff
100077d4:	20002128 	.word	0x20002128

100077d8 <stdio_usb_out_chars>:
100077d8:	b5f8      	push	{r3, r4, r5, r6, r7, lr}
100077da:	46de      	mov	lr, fp
100077dc:	4657      	mov	r7, sl
100077de:	b580      	push	{r7, lr}
100077e0:	0005      	movs	r5, r0
100077e2:	000c      	movs	r4, r1
100077e4:	f7fb ff80 	bl	100036e8 <time_us_64>
100077e8:	2300      	movs	r3, #0
100077ea:	4a36      	ldr	r2, [pc, #216]	@ (100078c4 <stdio_usb_out_chars+0xec>)
100077ec:	1812      	adds	r2, r2, r0
100077ee:	414b      	adcs	r3, r1
100077f0:	2b00      	cmp	r3, #0
100077f2:	da02      	bge.n	100077fa <stdio_usb_out_chars+0x22>
100077f4:	2201      	movs	r2, #1
100077f6:	4b34      	ldr	r3, [pc, #208]	@ (100078c8 <stdio_usb_out_chars+0xf0>)
100077f8:	4252      	negs	r2, r2
100077fa:	4934      	ldr	r1, [pc, #208]	@ (100078cc <stdio_usb_out_chars+0xf4>)
100077fc:	0008      	movs	r0, r1
100077fe:	468a      	mov	sl, r1
10007800:	f002 fb06 	bl	10009e10 <__mutex_try_enter_block_until_veneer>
10007804:	2800      	cmp	r0, #0
10007806:	d103      	bne.n	10007810 <stdio_usb_out_chars+0x38>
10007808:	bcc0      	pop	{r6, r7}
1000780a:	46bb      	mov	fp, r7
1000780c:	46b2      	mov	sl, r6
1000780e:	bdf8      	pop	{r3, r4, r5, r6, r7, pc}
10007810:	2000      	movs	r0, #0
10007812:	f001 fa85 	bl	10008d20 <tud_cdc_n_connected>
10007816:	2800      	cmp	r0, #0
10007818:	d04a      	beq.n	100078b0 <stdio_usb_out_chars+0xd8>
1000781a:	2600      	movs	r6, #0
1000781c:	2c00      	cmp	r4, #0
1000781e:	dd43      	ble.n	100078a8 <stdio_usb_out_chars+0xd0>
10007820:	4b2b      	ldr	r3, [pc, #172]	@ (100078d0 <stdio_usb_out_chars+0xf8>)
10007822:	469b      	mov	fp, r3
10007824:	e014      	b.n	10007850 <stdio_usb_out_chars+0x78>
10007826:	19a9      	adds	r1, r5, r6
10007828:	2000      	movs	r0, #0
1000782a:	f001 fb17 	bl	10008e5c <tud_cdc_n_write>
1000782e:	0007      	movs	r7, r0
10007830:	2001      	movs	r0, #1
10007832:	2100      	movs	r1, #0
10007834:	4240      	negs	r0, r0
10007836:	f000 fc89 	bl	1000814c <tud_task_ext>
1000783a:	2000      	movs	r0, #0
1000783c:	f001 fad4 	bl	10008de8 <tud_cdc_n_write_flush>
10007840:	f7fb ff52 	bl	100036e8 <time_us_64>
10007844:	4b22      	ldr	r3, [pc, #136]	@ (100078d0 <stdio_usb_out_chars+0xf8>)
10007846:	19f6      	adds	r6, r6, r7
10007848:	6018      	str	r0, [r3, #0]
1000784a:	6059      	str	r1, [r3, #4]
1000784c:	42b4      	cmp	r4, r6
1000784e:	dd2b      	ble.n	100078a8 <stdio_usb_out_chars+0xd0>
10007850:	2000      	movs	r0, #0
10007852:	f001 fb23 	bl	10008e9c <tud_cdc_n_write_available>
10007856:	1ba7      	subs	r7, r4, r6
10007858:	0002      	movs	r2, r0
1000785a:	42b8      	cmp	r0, r7
1000785c:	dd00      	ble.n	10007860 <stdio_usb_out_chars+0x88>
1000785e:	003a      	movs	r2, r7
10007860:	2a00      	cmp	r2, #0
10007862:	d1e0      	bne.n	10007826 <stdio_usb_out_chars+0x4e>
10007864:	2001      	movs	r0, #1
10007866:	2100      	movs	r1, #0
10007868:	4240      	negs	r0, r0
1000786a:	f000 fc6f 	bl	1000814c <tud_task_ext>
1000786e:	2000      	movs	r0, #0
10007870:	f001 faba 	bl	10008de8 <tud_cdc_n_write_flush>
10007874:	2000      	movs	r0, #0
10007876:	f001 fa53 	bl	10008d20 <tud_cdc_n_connected>
1000787a:	2800      	cmp	r0, #0
1000787c:	d014      	beq.n	100078a8 <stdio_usb_out_chars+0xd0>
1000787e:	2000      	movs	r0, #0
10007880:	f001 fb0c 	bl	10008e9c <tud_cdc_n_write_available>
10007884:	2800      	cmp	r0, #0
10007886:	d1e1      	bne.n	1000784c <stdio_usb_out_chars+0x74>
10007888:	f7fb ff2e 	bl	100036e8 <time_us_64>
1000788c:	465b      	mov	r3, fp
1000788e:	000f      	movs	r7, r1
10007890:	681a      	ldr	r2, [r3, #0]
10007892:	685b      	ldr	r3, [r3, #4]
10007894:	2100      	movs	r1, #0
10007896:	4684      	mov	ip, r0
10007898:	480e      	ldr	r0, [pc, #56]	@ (100078d4 <stdio_usb_out_chars+0xfc>)
1000789a:	1812      	adds	r2, r2, r0
1000789c:	414b      	adcs	r3, r1
1000789e:	429f      	cmp	r7, r3
100078a0:	d802      	bhi.n	100078a8 <stdio_usb_out_chars+0xd0>
100078a2:	d1d3      	bne.n	1000784c <stdio_usb_out_chars+0x74>
100078a4:	4594      	cmp	ip, r2
100078a6:	d9d1      	bls.n	1000784c <stdio_usb_out_chars+0x74>
100078a8:	4650      	mov	r0, sl
100078aa:	f002 fa71 	bl	10009d90 <__mutex_exit_veneer>
100078ae:	e7ab      	b.n	10007808 <stdio_usb_out_chars+0x30>
100078b0:	2000      	movs	r0, #0
100078b2:	2100      	movs	r1, #0
100078b4:	4b06      	ldr	r3, [pc, #24]	@ (100078d0 <stdio_usb_out_chars+0xf8>)
100078b6:	6018      	str	r0, [r3, #0]
100078b8:	6059      	str	r1, [r3, #4]
100078ba:	4650      	mov	r0, sl
100078bc:	f002 fa68 	bl	10009d90 <__mutex_exit_veneer>
100078c0:	e7a2      	b.n	10007808 <stdio_usb_out_chars+0x30>
100078c2:	46c0      	nop			@ (mov r8, r8)
100078c4:	000f4240 	.word	0x000f4240
100078c8:	7fffffff 	.word	0x7fffffff
100078cc:	20002128 	.word	0x20002128
100078d0:	20001210 	.word	0x20001210
100078d4:	0007a120 	.word	0x0007a120

100078d8 <low_priority_worker_irq>:
100078d8:	b530      	push	{r4, r5, lr}
100078da:	4c2a      	ldr	r4, [pc, #168]	@ (10007984 <low_priority_worker_irq+0xac>)
100078dc:	b085      	sub	sp, #20
100078de:	2100      	movs	r1, #0
100078e0:	0020      	movs	r0, r4
100078e2:	f002 fa75 	bl	10009dd0 <__mutex_try_enter_veneer>
100078e6:	2800      	cmp	r0, #0
100078e8:	d11c      	bne.n	10007924 <low_priority_worker_irq+0x4c>
100078ea:	4b27      	ldr	r3, [pc, #156]	@ (10007988 <low_priority_worker_irq+0xb0>)
100078ec:	681a      	ldr	r2, [r3, #0]
100078ee:	2a00      	cmp	r2, #0
100078f0:	d016      	beq.n	10007920 <low_priority_worker_irq+0x48>
100078f2:	f3ef 8110 	mrs	r1, PRIMASK
100078f6:	b672      	cpsid	i
100078f8:	6810      	ldr	r0, [r2, #0]
100078fa:	2800      	cmp	r0, #0
100078fc:	d0fc      	beq.n	100078f8 <low_priority_worker_irq+0x20>
100078fe:	f3bf 8f5f 	dmb	sy
10007902:	2401      	movs	r4, #1
10007904:	4821      	ldr	r0, [pc, #132]	@ (1000798c <low_priority_worker_irq+0xb4>)
10007906:	6059      	str	r1, [r3, #4]
10007908:	7802      	ldrb	r2, [r0, #0]
1000790a:	681b      	ldr	r3, [r3, #0]
1000790c:	b2d2      	uxtb	r2, r2
1000790e:	7004      	strb	r4, [r0, #0]
10007910:	f3bf 8f5f 	dmb	sy
10007914:	2000      	movs	r0, #0
10007916:	6018      	str	r0, [r3, #0]
10007918:	f381 8810 	msr	PRIMASK, r1
1000791c:	2a00      	cmp	r2, #0
1000791e:	d017      	beq.n	10007950 <low_priority_worker_irq+0x78>
10007920:	b005      	add	sp, #20
10007922:	bd30      	pop	{r4, r5, pc}
10007924:	2001      	movs	r0, #1
10007926:	2100      	movs	r1, #0
10007928:	4240      	negs	r0, r0
1000792a:	f000 fc0f 	bl	1000814c <tud_task_ext>
1000792e:	2000      	movs	r0, #0
10007930:	f001 fa0c 	bl	10008d4c <tud_cdc_n_available>
10007934:	0005      	movs	r5, r0
10007936:	0020      	movs	r0, r4
10007938:	f002 fa2a 	bl	10009d90 <__mutex_exit_veneer>
1000793c:	2d00      	cmp	r5, #0
1000793e:	d0ef      	beq.n	10007920 <low_priority_worker_irq+0x48>
10007940:	4b13      	ldr	r3, [pc, #76]	@ (10007990 <low_priority_worker_irq+0xb8>)
10007942:	681b      	ldr	r3, [r3, #0]
10007944:	2b00      	cmp	r3, #0
10007946:	d0eb      	beq.n	10007920 <low_priority_worker_irq+0x48>
10007948:	4a12      	ldr	r2, [pc, #72]	@ (10007994 <low_priority_worker_irq+0xbc>)
1000794a:	6810      	ldr	r0, [r2, #0]
1000794c:	4798      	blx	r3
1000794e:	e7e7      	b.n	10007920 <low_priority_worker_irq+0x48>
10007950:	f7fb fc3e 	bl	100031d0 <alarm_pool_get_default>
10007954:	0004      	movs	r4, r0
10007956:	f7fb fec7 	bl	100036e8 <time_us_64>
1000795a:	22fa      	movs	r2, #250	@ 0xfa
1000795c:	2300      	movs	r3, #0
1000795e:	0092      	lsls	r2, r2, #2
10007960:	1812      	adds	r2, r2, r0
10007962:	414b      	adcs	r3, r1
10007964:	2b00      	cmp	r3, #0
10007966:	da02      	bge.n	1000796e <low_priority_worker_irq+0x96>
10007968:	2201      	movs	r2, #1
1000796a:	4b0b      	ldr	r3, [pc, #44]	@ (10007998 <low_priority_worker_irq+0xc0>)
1000796c:	4252      	negs	r2, r2
1000796e:	2101      	movs	r1, #1
10007970:	9102      	str	r1, [sp, #8]
10007972:	2100      	movs	r1, #0
10007974:	9101      	str	r1, [sp, #4]
10007976:	4909      	ldr	r1, [pc, #36]	@ (1000799c <low_priority_worker_irq+0xc4>)
10007978:	0020      	movs	r0, r4
1000797a:	9100      	str	r1, [sp, #0]
1000797c:	f7fb fc2c 	bl	100031d8 <alarm_pool_add_alarm_at>
10007980:	e7ce      	b.n	10007920 <low_priority_worker_irq+0x48>
10007982:	46c0      	nop			@ (mov r8, r8)
10007984:	20002128 	.word	0x20002128
10007988:	20002100 	.word	0x20002100
1000798c:	20002148 	.word	0x20002148
10007990:	20001c70 	.word	0x20001c70
10007994:	20001c74 	.word	0x20001c74
10007998:	7fffffff 	.word	0x7fffffff
1000799c:	1000769d 	.word	0x1000769d

100079a0 <stdio_usb_init>:
100079a0:	23d0      	movs	r3, #208	@ 0xd0
100079a2:	b510      	push	{r4, lr}
100079a4:	061b      	lsls	r3, r3, #24
100079a6:	b084      	sub	sp, #16
100079a8:	681c      	ldr	r4, [r3, #0]
100079aa:	f7fb fc11 	bl	100031d0 <alarm_pool_get_default>
100079ae:	f7fb fd0d 	bl	100033cc <alarm_pool_core_num>
100079b2:	42a0      	cmp	r0, r4
100079b4:	d002      	beq.n	100079bc <stdio_usb_init+0x1c>
100079b6:	2000      	movs	r0, #0
100079b8:	b004      	add	sp, #16
100079ba:	bd10      	pop	{r4, pc}
100079bc:	4b29      	ldr	r3, [pc, #164]	@ (10007a64 <stdio_usb_init+0xc4>)
100079be:	2100      	movs	r1, #0
100079c0:	2000      	movs	r0, #0
100079c2:	781b      	ldrb	r3, [r3, #0]
100079c4:	f001 fd5e 	bl	10009484 <tusb_rhport_init>
100079c8:	4827      	ldr	r0, [pc, #156]	@ (10007a68 <stdio_usb_init+0xc8>)
100079ca:	6803      	ldr	r3, [r0, #0]
100079cc:	2b00      	cmp	r3, #0
100079ce:	d045      	beq.n	10007a5c <stdio_usb_init+0xbc>
100079d0:	2001      	movs	r0, #1
100079d2:	f7fc f86b 	bl	10003aac <user_irq_claim_unused>
100079d6:	23ff      	movs	r3, #255	@ 0xff
100079d8:	4c24      	ldr	r4, [pc, #144]	@ (10007a6c <stdio_usb_init+0xcc>)
100079da:	4925      	ldr	r1, [pc, #148]	@ (10007a70 <stdio_usb_init+0xd0>)
100079dc:	7020      	strb	r0, [r4, #0]
100079de:	4018      	ands	r0, r3
100079e0:	f7fb fee6 	bl	100037b0 <irq_set_exclusive_handler>
100079e4:	7820      	ldrb	r0, [r4, #0]
100079e6:	2101      	movs	r1, #1
100079e8:	f7fb feaa 	bl	10003740 <irq_set_enabled>
100079ec:	2005      	movs	r0, #5
100079ee:	f7fb fecd 	bl	1000378c <irq_has_shared_handler>
100079f2:	2800      	cmp	r0, #0
100079f4:	d124      	bne.n	10007a40 <stdio_usb_init+0xa0>
100079f6:	2208      	movs	r2, #8
100079f8:	2100      	movs	r1, #0
100079fa:	481e      	ldr	r0, [pc, #120]	@ (10007a74 <stdio_usb_init+0xd4>)
100079fc:	f7fd ff12 	bl	10005824 <__wrap_memset>
10007a00:	f7fb fbe6 	bl	100031d0 <alarm_pool_get_default>
10007a04:	0004      	movs	r4, r0
10007a06:	f7fb fe6f 	bl	100036e8 <time_us_64>
10007a0a:	22fa      	movs	r2, #250	@ 0xfa
10007a0c:	2300      	movs	r3, #0
10007a0e:	0092      	lsls	r2, r2, #2
10007a10:	1812      	adds	r2, r2, r0
10007a12:	414b      	adcs	r3, r1
10007a14:	2b00      	cmp	r3, #0
10007a16:	da02      	bge.n	10007a1e <stdio_usb_init+0x7e>
10007a18:	2201      	movs	r2, #1
10007a1a:	4b17      	ldr	r3, [pc, #92]	@ (10007a78 <stdio_usb_init+0xd8>)
10007a1c:	4252      	negs	r2, r2
10007a1e:	2101      	movs	r1, #1
10007a20:	9102      	str	r1, [sp, #8]
10007a22:	2100      	movs	r1, #0
10007a24:	9101      	str	r1, [sp, #4]
10007a26:	4915      	ldr	r1, [pc, #84]	@ (10007a7c <stdio_usb_init+0xdc>)
10007a28:	0020      	movs	r0, r4
10007a2a:	9100      	str	r1, [sp, #0]
10007a2c:	f7fb fbd4 	bl	100031d8 <alarm_pool_add_alarm_at>
10007a30:	2800      	cmp	r0, #0
10007a32:	dbc0      	blt.n	100079b6 <stdio_usb_init+0x16>
10007a34:	4812      	ldr	r0, [pc, #72]	@ (10007a80 <stdio_usb_init+0xe0>)
10007a36:	2101      	movs	r1, #1
10007a38:	f7ff fca6 	bl	10007388 <stdio_set_driver_enabled>
10007a3c:	2001      	movs	r0, #1
10007a3e:	e7bb      	b.n	100079b8 <stdio_usb_init+0x18>
10007a40:	2001      	movs	r0, #1
10007a42:	f7fb f99f 	bl	10002d84 <spin_lock_claim_unused>
10007a46:	4b0b      	ldr	r3, [pc, #44]	@ (10007a74 <stdio_usb_init+0xd4>)
10007a48:	0001      	movs	r1, r0
10007a4a:	0018      	movs	r0, r3
10007a4c:	f7fc f890 	bl	10003b70 <critical_section_init_with_lock_num>
10007a50:	2200      	movs	r2, #0
10007a52:	2005      	movs	r0, #5
10007a54:	490b      	ldr	r1, [pc, #44]	@ (10007a84 <stdio_usb_init+0xe4>)
10007a56:	f7fb fed5 	bl	10003804 <irq_add_shared_handler>
10007a5a:	e7eb      	b.n	10007a34 <stdio_usb_init+0x94>
10007a5c:	f7fc f86c 	bl	10003b38 <mutex_init>
10007a60:	e7b6      	b.n	100079d0 <stdio_usb_init+0x30>
10007a62:	46c0      	nop			@ (mov r8, r8)
10007a64:	1000d894 	.word	0x1000d894
10007a68:	20002128 	.word	0x20002128
10007a6c:	20002147 	.word	0x20002147
10007a70:	100078d9 	.word	0x100078d9
10007a74:	20002100 	.word	0x20002100
10007a78:	7fffffff 	.word	0x7fffffff
10007a7c:	1000769d 	.word	0x1000769d
10007a80:	20001050 	.word	0x20001050
10007a84:	1000768d 	.word	0x1000768d

10007a88 <tud_descriptor_device_cb>:
10007a88:	4800      	ldr	r0, [pc, #0]	@ (10007a8c <tud_descriptor_device_cb+0x4>)
10007a8a:	4770      	bx	lr
10007a8c:	1000d778 	.word	0x1000d778

10007a90 <tud_descriptor_configuration_cb>:
10007a90:	4800      	ldr	r0, [pc, #0]	@ (10007a94 <tud_descriptor_configuration_cb+0x4>)
10007a92:	4770      	bx	lr
10007a94:	1000d724 	.word	0x1000d724

10007a98 <tud_descriptor_string_cb>:
10007a98:	b510      	push	{r4, lr}
10007a9a:	0004      	movs	r4, r0
10007a9c:	4817      	ldr	r0, [pc, #92]	@ (10007afc <tud_descriptor_string_cb+0x64>)
10007a9e:	7803      	ldrb	r3, [r0, #0]
10007aa0:	2b00      	cmp	r3, #0
10007aa2:	d020      	beq.n	10007ae6 <tud_descriptor_string_cb+0x4e>
10007aa4:	2c00      	cmp	r4, #0
10007aa6:	d106      	bne.n	10007ab6 <tud_descriptor_string_cb+0x1e>
10007aa8:	4b15      	ldr	r3, [pc, #84]	@ (10007b00 <tud_descriptor_string_cb+0x68>)
10007aaa:	4816      	ldr	r0, [pc, #88]	@ (10007b04 <tud_descriptor_string_cb+0x6c>)
10007aac:	8043      	strh	r3, [r0, #2]
10007aae:	3b06      	subs	r3, #6
10007ab0:	3bff      	subs	r3, #255	@ 0xff
10007ab2:	8003      	strh	r3, [r0, #0]
10007ab4:	bd10      	pop	{r4, pc}
10007ab6:	2c05      	cmp	r4, #5
10007ab8:	d81d      	bhi.n	10007af6 <tud_descriptor_string_cb+0x5e>
10007aba:	4b13      	ldr	r3, [pc, #76]	@ (10007b08 <tud_descriptor_string_cb+0x70>)
10007abc:	00a4      	lsls	r4, r4, #2
10007abe:	58e0      	ldr	r0, [r4, r3]
10007ac0:	4912      	ldr	r1, [pc, #72]	@ (10007b0c <tud_descriptor_string_cb+0x74>)
10007ac2:	2301      	movs	r3, #1
10007ac4:	3801      	subs	r0, #1
10007ac6:	e004      	b.n	10007ad2 <tud_descriptor_string_cb+0x3a>
10007ac8:	3301      	adds	r3, #1
10007aca:	800a      	strh	r2, [r1, #0]
10007acc:	3102      	adds	r1, #2
10007ace:	2b14      	cmp	r3, #20
10007ad0:	d00d      	beq.n	10007aee <tud_descriptor_string_cb+0x56>
10007ad2:	5cc2      	ldrb	r2, [r0, r3]
10007ad4:	2a00      	cmp	r2, #0
10007ad6:	d1f7      	bne.n	10007ac8 <tud_descriptor_string_cb+0x30>
10007ad8:	22c0      	movs	r2, #192	@ 0xc0
10007ada:	b2db      	uxtb	r3, r3
10007adc:	005b      	lsls	r3, r3, #1
10007ade:	0092      	lsls	r2, r2, #2
10007ae0:	4808      	ldr	r0, [pc, #32]	@ (10007b04 <tud_descriptor_string_cb+0x6c>)
10007ae2:	4313      	orrs	r3, r2
10007ae4:	e7e5      	b.n	10007ab2 <tud_descriptor_string_cb+0x1a>
10007ae6:	2111      	movs	r1, #17
10007ae8:	f000 f81a 	bl	10007b20 <pico_get_unique_board_id_string>
10007aec:	e7da      	b.n	10007aa4 <tud_descriptor_string_cb+0xc>
10007aee:	23ca      	movs	r3, #202	@ 0xca
10007af0:	4804      	ldr	r0, [pc, #16]	@ (10007b04 <tud_descriptor_string_cb+0x6c>)
10007af2:	009b      	lsls	r3, r3, #2
10007af4:	e7dd      	b.n	10007ab2 <tud_descriptor_string_cb+0x1a>
10007af6:	2000      	movs	r0, #0
10007af8:	e7dc      	b.n	10007ab4 <tud_descriptor_string_cb+0x1c>
10007afa:	46c0      	nop			@ (mov r8, r8)
10007afc:	20002130 	.word	0x20002130
10007b00:	00000409 	.word	0x00000409
10007b04:	20001ca8 	.word	0x20001ca8
10007b08:	1000d70c 	.word	0x1000d70c
10007b0c:	20001caa 	.word	0x20001caa

10007b10 <_retrieve_unique_id_on_boot>:
10007b10:	b510      	push	{r4, lr}
10007b12:	4802      	ldr	r0, [pc, #8]	@ (10007b1c <_retrieve_unique_id_on_boot+0xc>)
10007b14:	f000 f8d8 	bl	10007cc8 <flash_get_unique_id>
10007b18:	bd10      	pop	{r4, pc}
10007b1a:	46c0      	nop			@ (mov r8, r8)
10007b1c:	20002118 	.word	0x20002118

10007b20 <pico_get_unique_board_id_string>:
10007b20:	b530      	push	{r4, r5, lr}
10007b22:	1e4b      	subs	r3, r1, #1
10007b24:	2901      	cmp	r1, #1
10007b26:	d100      	bne.n	10007b2a <pico_get_unique_board_id_string+0xa>
10007b28:	e0a7      	b.n	10007c7a <pico_get_unique_board_id_string+0x15a>
10007b2a:	4a66      	ldr	r2, [pc, #408]	@ (10007cc4 <pico_get_unique_board_id_string+0x1a4>)
10007b2c:	7811      	ldrb	r1, [r2, #0]
10007b2e:	090d      	lsrs	r5, r1, #4
10007b30:	002c      	movs	r4, r5
10007b32:	3430      	adds	r4, #48	@ 0x30
10007b34:	299f      	cmp	r1, #159	@ 0x9f
10007b36:	d900      	bls.n	10007b3a <pico_get_unique_board_id_string+0x1a>
10007b38:	e0a2      	b.n	10007c80 <pico_get_unique_board_id_string+0x160>
10007b3a:	7004      	strb	r4, [r0, #0]
10007b3c:	2b01      	cmp	r3, #1
10007b3e:	d100      	bne.n	10007b42 <pico_get_unique_board_id_string+0x22>
10007b40:	e0be      	b.n	10007cc0 <pico_get_unique_board_id_string+0x1a0>
10007b42:	210f      	movs	r1, #15
10007b44:	7814      	ldrb	r4, [r2, #0]
10007b46:	4021      	ands	r1, r4
10007b48:	000c      	movs	r4, r1
10007b4a:	3430      	adds	r4, #48	@ 0x30
10007b4c:	2909      	cmp	r1, #9
10007b4e:	d900      	bls.n	10007b52 <pico_get_unique_board_id_string+0x32>
10007b50:	e098      	b.n	10007c84 <pico_get_unique_board_id_string+0x164>
10007b52:	7044      	strb	r4, [r0, #1]
10007b54:	2b02      	cmp	r3, #2
10007b56:	d100      	bne.n	10007b5a <pico_get_unique_board_id_string+0x3a>
10007b58:	e0b2      	b.n	10007cc0 <pico_get_unique_board_id_string+0x1a0>
10007b5a:	7854      	ldrb	r4, [r2, #1]
10007b5c:	0925      	lsrs	r5, r4, #4
10007b5e:	0029      	movs	r1, r5
10007b60:	3130      	adds	r1, #48	@ 0x30
10007b62:	2c9f      	cmp	r4, #159	@ 0x9f
10007b64:	d900      	bls.n	10007b68 <pico_get_unique_board_id_string+0x48>
10007b66:	e090      	b.n	10007c8a <pico_get_unique_board_id_string+0x16a>
10007b68:	7081      	strb	r1, [r0, #2]
10007b6a:	2b03      	cmp	r3, #3
10007b6c:	d100      	bne.n	10007b70 <pico_get_unique_board_id_string+0x50>
10007b6e:	e0a7      	b.n	10007cc0 <pico_get_unique_board_id_string+0x1a0>
10007b70:	210f      	movs	r1, #15
10007b72:	4021      	ands	r1, r4
10007b74:	000c      	movs	r4, r1
10007b76:	3430      	adds	r4, #48	@ 0x30
10007b78:	2909      	cmp	r1, #9
10007b7a:	d900      	bls.n	10007b7e <pico_get_unique_board_id_string+0x5e>
10007b7c:	e087      	b.n	10007c8e <pico_get_unique_board_id_string+0x16e>
10007b7e:	70c4      	strb	r4, [r0, #3]
10007b80:	2b04      	cmp	r3, #4
10007b82:	d100      	bne.n	10007b86 <pico_get_unique_board_id_string+0x66>
10007b84:	e09c      	b.n	10007cc0 <pico_get_unique_board_id_string+0x1a0>
10007b86:	7894      	ldrb	r4, [r2, #2]
10007b88:	0925      	lsrs	r5, r4, #4
10007b8a:	0029      	movs	r1, r5
10007b8c:	3130      	adds	r1, #48	@ 0x30
10007b8e:	2c9f      	cmp	r4, #159	@ 0x9f
10007b90:	d900      	bls.n	10007b94 <pico_get_unique_board_id_string+0x74>
10007b92:	e07f      	b.n	10007c94 <pico_get_unique_board_id_string+0x174>
10007b94:	7101      	strb	r1, [r0, #4]
10007b96:	2b05      	cmp	r3, #5
10007b98:	d100      	bne.n	10007b9c <pico_get_unique_board_id_string+0x7c>
10007b9a:	e091      	b.n	10007cc0 <pico_get_unique_board_id_string+0x1a0>
10007b9c:	210f      	movs	r1, #15
10007b9e:	4021      	ands	r1, r4
10007ba0:	000c      	movs	r4, r1
10007ba2:	3430      	adds	r4, #48	@ 0x30
10007ba4:	2909      	cmp	r1, #9
10007ba6:	d900      	bls.n	10007baa <pico_get_unique_board_id_string+0x8a>
10007ba8:	e076      	b.n	10007c98 <pico_get_unique_board_id_string+0x178>
10007baa:	7144      	strb	r4, [r0, #5]
10007bac:	2b06      	cmp	r3, #6
10007bae:	d100      	bne.n	10007bb2 <pico_get_unique_board_id_string+0x92>
10007bb0:	e086      	b.n	10007cc0 <pico_get_unique_board_id_string+0x1a0>
10007bb2:	78d4      	ldrb	r4, [r2, #3]
10007bb4:	0925      	lsrs	r5, r4, #4
10007bb6:	0029      	movs	r1, r5
10007bb8:	3130      	adds	r1, #48	@ 0x30
10007bba:	2c9f      	cmp	r4, #159	@ 0x9f
10007bbc:	d900      	bls.n	10007bc0 <pico_get_unique_board_id_string+0xa0>
10007bbe:	e06e      	b.n	10007c9e <pico_get_unique_board_id_string+0x17e>
10007bc0:	7181      	strb	r1, [r0, #6]
10007bc2:	2b07      	cmp	r3, #7
10007bc4:	d100      	bne.n	10007bc8 <pico_get_unique_board_id_string+0xa8>
10007bc6:	e07b      	b.n	10007cc0 <pico_get_unique_board_id_string+0x1a0>
10007bc8:	210f      	movs	r1, #15
10007bca:	4021      	ands	r1, r4
10007bcc:	000c      	movs	r4, r1
10007bce:	3430      	adds	r4, #48	@ 0x30
10007bd0:	2909      	cmp	r1, #9
10007bd2:	d866      	bhi.n	10007ca2 <pico_get_unique_board_id_string+0x182>
10007bd4:	71c4      	strb	r4, [r0, #7]
10007bd6:	2b08      	cmp	r3, #8
10007bd8:	d100      	bne.n	10007bdc <pico_get_unique_board_id_string+0xbc>
10007bda:	e071      	b.n	10007cc0 <pico_get_unique_board_id_string+0x1a0>
10007bdc:	7914      	ldrb	r4, [r2, #4]
10007bde:	0925      	lsrs	r5, r4, #4
10007be0:	0029      	movs	r1, r5
10007be2:	3130      	adds	r1, #48	@ 0x30
10007be4:	2c9f      	cmp	r4, #159	@ 0x9f
10007be6:	d85f      	bhi.n	10007ca8 <pico_get_unique_board_id_string+0x188>
10007be8:	7201      	strb	r1, [r0, #8]
10007bea:	2b09      	cmp	r3, #9
10007bec:	d068      	beq.n	10007cc0 <pico_get_unique_board_id_string+0x1a0>
10007bee:	210f      	movs	r1, #15
10007bf0:	4021      	ands	r1, r4
10007bf2:	000c      	movs	r4, r1
10007bf4:	3430      	adds	r4, #48	@ 0x30
10007bf6:	2909      	cmp	r1, #9
10007bf8:	d858      	bhi.n	10007cac <pico_get_unique_board_id_string+0x18c>
10007bfa:	7244      	strb	r4, [r0, #9]
10007bfc:	2b0a      	cmp	r3, #10
10007bfe:	d05f      	beq.n	10007cc0 <pico_get_unique_board_id_string+0x1a0>
10007c00:	7954      	ldrb	r4, [r2, #5]
10007c02:	0925      	lsrs	r5, r4, #4
10007c04:	0029      	movs	r1, r5
10007c06:	3130      	adds	r1, #48	@ 0x30
10007c08:	2c9f      	cmp	r4, #159	@ 0x9f
10007c0a:	d852      	bhi.n	10007cb2 <pico_get_unique_board_id_string+0x192>
10007c0c:	7281      	strb	r1, [r0, #10]
10007c0e:	2b0b      	cmp	r3, #11
10007c10:	d056      	beq.n	10007cc0 <pico_get_unique_board_id_string+0x1a0>
10007c12:	210f      	movs	r1, #15
10007c14:	4021      	ands	r1, r4
10007c16:	000c      	movs	r4, r1
10007c18:	3430      	adds	r4, #48	@ 0x30
10007c1a:	2909      	cmp	r1, #9
10007c1c:	d84b      	bhi.n	10007cb6 <pico_get_unique_board_id_string+0x196>
10007c1e:	72c4      	strb	r4, [r0, #11]
10007c20:	2b0c      	cmp	r3, #12
10007c22:	d04d      	beq.n	10007cc0 <pico_get_unique_board_id_string+0x1a0>
10007c24:	7994      	ldrb	r4, [r2, #6]
10007c26:	0925      	lsrs	r5, r4, #4
10007c28:	0029      	movs	r1, r5
10007c2a:	3130      	adds	r1, #48	@ 0x30
10007c2c:	2c9f      	cmp	r4, #159	@ 0x9f
10007c2e:	d900      	bls.n	10007c32 <pico_get_unique_board_id_string+0x112>
10007c30:	3107      	adds	r1, #7
10007c32:	7301      	strb	r1, [r0, #12]
10007c34:	2b0d      	cmp	r3, #13
10007c36:	d043      	beq.n	10007cc0 <pico_get_unique_board_id_string+0x1a0>
10007c38:	210f      	movs	r1, #15
10007c3a:	4021      	ands	r1, r4
10007c3c:	000c      	movs	r4, r1
10007c3e:	3430      	adds	r4, #48	@ 0x30
10007c40:	2909      	cmp	r1, #9
10007c42:	d901      	bls.n	10007c48 <pico_get_unique_board_id_string+0x128>
10007c44:	3137      	adds	r1, #55	@ 0x37
10007c46:	000c      	movs	r4, r1
10007c48:	7344      	strb	r4, [r0, #13]
10007c4a:	2b0e      	cmp	r3, #14
10007c4c:	d038      	beq.n	10007cc0 <pico_get_unique_board_id_string+0x1a0>
10007c4e:	79d1      	ldrb	r1, [r2, #7]
10007c50:	090c      	lsrs	r4, r1, #4
10007c52:	0022      	movs	r2, r4
10007c54:	3230      	adds	r2, #48	@ 0x30
10007c56:	299f      	cmp	r1, #159	@ 0x9f
10007c58:	d900      	bls.n	10007c5c <pico_get_unique_board_id_string+0x13c>
10007c5a:	3207      	adds	r2, #7
10007c5c:	7382      	strb	r2, [r0, #14]
10007c5e:	2b0f      	cmp	r3, #15
10007c60:	d02e      	beq.n	10007cc0 <pico_get_unique_board_id_string+0x1a0>
10007c62:	220f      	movs	r2, #15
10007c64:	400a      	ands	r2, r1
10007c66:	0011      	movs	r1, r2
10007c68:	3137      	adds	r1, #55	@ 0x37
10007c6a:	2a09      	cmp	r2, #9
10007c6c:	d801      	bhi.n	10007c72 <pico_get_unique_board_id_string+0x152>
10007c6e:	3230      	adds	r2, #48	@ 0x30
10007c70:	0011      	movs	r1, r2
10007c72:	73c1      	strb	r1, [r0, #15]
10007c74:	2b10      	cmp	r3, #16
10007c76:	d023      	beq.n	10007cc0 <pico_get_unique_board_id_string+0x1a0>
10007c78:	3010      	adds	r0, #16
10007c7a:	2300      	movs	r3, #0
10007c7c:	7003      	strb	r3, [r0, #0]
10007c7e:	bd30      	pop	{r4, r5, pc}
10007c80:	3407      	adds	r4, #7
10007c82:	e75a      	b.n	10007b3a <pico_get_unique_board_id_string+0x1a>
10007c84:	3137      	adds	r1, #55	@ 0x37
10007c86:	000c      	movs	r4, r1
10007c88:	e763      	b.n	10007b52 <pico_get_unique_board_id_string+0x32>
10007c8a:	3107      	adds	r1, #7
10007c8c:	e76c      	b.n	10007b68 <pico_get_unique_board_id_string+0x48>
10007c8e:	3137      	adds	r1, #55	@ 0x37
10007c90:	000c      	movs	r4, r1
10007c92:	e774      	b.n	10007b7e <pico_get_unique_board_id_string+0x5e>
10007c94:	3107      	adds	r1, #7
10007c96:	e77d      	b.n	10007b94 <pico_get_unique_board_id_string+0x74>
10007c98:	3137      	adds	r1, #55	@ 0x37
10007c9a:	000c      	movs	r4, r1
10007c9c:	e785      	b.n	10007baa <pico_get_unique_board_id_string+0x8a>
10007c9e:	3107      	adds	r1, #7
10007ca0:	e78e      	b.n	10007bc0 <pico_get_unique_board_id_string+0xa0>
10007ca2:	3137      	adds	r1, #55	@ 0x37
10007ca4:	000c      	movs	r4, r1
10007ca6:	e795      	b.n	10007bd4 <pico_get_unique_board_id_string+0xb4>
10007ca8:	3107      	adds	r1, #7
10007caa:	e79d      	b.n	10007be8 <pico_get_unique_board_id_string+0xc8>
10007cac:	3137      	adds	r1, #55	@ 0x37
10007cae:	000c      	movs	r4, r1
10007cb0:	e7a3      	b.n	10007bfa <pico_get_unique_board_id_string+0xda>
10007cb2:	3107      	adds	r1, #7
10007cb4:	e7aa      	b.n	10007c0c <pico_get_unique_board_id_string+0xec>
10007cb6:	3137      	adds	r1, #55	@ 0x37
10007cb8:	000c      	movs	r4, r1
10007cba:	72c4      	strb	r4, [r0, #11]
10007cbc:	2b0c      	cmp	r3, #12
10007cbe:	d1b1      	bne.n	10007c24 <pico_get_unique_board_id_string+0x104>
10007cc0:	18c0      	adds	r0, r0, r3
10007cc2:	e7da      	b.n	10007c7a <pico_get_unique_board_id_string+0x15a>
10007cc4:	20002118 	.word	0x20002118

10007cc8 <flash_get_unique_id>:
10007cc8:	b510      	push	{r4, lr}
10007cca:	b088      	sub	sp, #32
10007ccc:	0004      	movs	r4, r0
10007cce:	220d      	movs	r2, #13
10007cd0:	2100      	movs	r1, #0
10007cd2:	4668      	mov	r0, sp
10007cd4:	f7fd fda6 	bl	10005824 <__wrap_memset>
10007cd8:	220d      	movs	r2, #13
10007cda:	2100      	movs	r1, #0
10007cdc:	a804      	add	r0, sp, #16
10007cde:	f7fd fda1 	bl	10005824 <__wrap_memset>
10007ce2:	234b      	movs	r3, #75	@ 0x4b
10007ce4:	466a      	mov	r2, sp
10007ce6:	4668      	mov	r0, sp
10007ce8:	7013      	strb	r3, [r2, #0]
10007cea:	a904      	add	r1, sp, #16
10007cec:	220d      	movs	r2, #13
10007cee:	f002 f847 	bl	10009d80 <__flash_do_cmd_veneer>
10007cf2:	2115      	movs	r1, #21
10007cf4:	2208      	movs	r2, #8
10007cf6:	0020      	movs	r0, r4
10007cf8:	4469      	add	r1, sp
10007cfa:	f7fd fd99 	bl	10005830 <__wrap___aeabi_memcpy>
10007cfe:	b008      	add	sp, #32
10007d00:	bd10      	pop	{r4, pc}
10007d02:	46c0      	nop			@ (mov r8, r8)

10007d04 <dcd_init>:
10007d04:	b5f8      	push	{r3, r4, r5, r6, r7, lr}
10007d06:	f000 f947 	bl	10007f98 <rp2040_usb_init>
10007d0a:	230c      	movs	r3, #12
10007d0c:	4d19      	ldr	r5, [pc, #100]	@ (10007d74 <dcd_init+0x70>)
10007d0e:	22ff      	movs	r2, #255	@ 0xff
10007d10:	67ab      	str	r3, [r5, #120]	@ 0x78
10007d12:	2005      	movs	r0, #5
10007d14:	4918      	ldr	r1, [pc, #96]	@ (10007d78 <dcd_init+0x74>)
10007d16:	f7fb fd75 	bl	10003804 <irq_add_shared_handler>
10007d1a:	4c18      	ldr	r4, [pc, #96]	@ (10007d7c <dcd_init+0x78>)
10007d1c:	2240      	movs	r2, #64	@ 0x40
10007d1e:	2100      	movs	r1, #0
10007d20:	0020      	movs	r0, r4
10007d22:	f7fd fd7f 	bl	10005824 <__wrap_memset>
10007d26:	2740      	movs	r7, #64	@ 0x40
10007d28:	2300      	movs	r3, #0
10007d2a:	2601      	movs	r6, #1
10007d2c:	2121      	movs	r1, #33	@ 0x21
10007d2e:	4a14      	ldr	r2, [pc, #80]	@ (10007d80 <dcd_init+0x7c>)
10007d30:	7066      	strb	r6, [r4, #1]
10007d32:	8327      	strh	r7, [r4, #24]
10007d34:	60a2      	str	r2, [r4, #8]
10007d36:	6013      	str	r3, [r2, #0]
10007d38:	5463      	strb	r3, [r4, r1]
10007d3a:	315f      	adds	r1, #95	@ 0x5f
10007d3c:	8461      	strh	r1, [r4, #34]	@ 0x22
10007d3e:	3945      	subs	r1, #69	@ 0x45
10007d40:	5463      	strb	r3, [r4, r1]
10007d42:	4a10      	ldr	r2, [pc, #64]	@ (10007d84 <dcd_init+0x80>)
10007d44:	4910      	ldr	r1, [pc, #64]	@ (10007d88 <dcd_init+0x84>)
10007d46:	6063      	str	r3, [r4, #4]
10007d48:	60e2      	str	r2, [r4, #12]
10007d4a:	8727      	strh	r7, [r4, #56]	@ 0x38
10007d4c:	62a1      	str	r1, [r4, #40]	@ 0x28
10007d4e:	600b      	str	r3, [r1, #0]
10007d50:	6263      	str	r3, [r4, #36]	@ 0x24
10007d52:	62e2      	str	r2, [r4, #44]	@ 0x2c
10007d54:	f002 f82c 	bl	10009db0 <__reset_non_control_endpoints_veneer>
10007d58:	2380      	movs	r3, #128	@ 0x80
10007d5a:	059b      	lsls	r3, r3, #22
10007d5c:	642e      	str	r6, [r5, #64]	@ 0x40
10007d5e:	64eb      	str	r3, [r5, #76]	@ 0x4c
10007d60:	2390      	movs	r3, #144	@ 0x90
10007d62:	4a0a      	ldr	r2, [pc, #40]	@ (10007d8c <dcd_init+0x88>)
10007d64:	2001      	movs	r0, #1
10007d66:	50ea      	str	r2, [r5, r3]
10007d68:	2280      	movs	r2, #128	@ 0x80
10007d6a:	4b09      	ldr	r3, [pc, #36]	@ (10007d90 <dcd_init+0x8c>)
10007d6c:	0252      	lsls	r2, r2, #9
10007d6e:	64da      	str	r2, [r3, #76]	@ 0x4c
10007d70:	bdf8      	pop	{r3, r4, r5, r6, r7, pc}
10007d72:	46c0      	nop			@ (mov r8, r8)
10007d74:	50110000 	.word	0x50110000
10007d78:	200004f9 	.word	0x200004f9
10007d7c:	20001cdc 	.word	0x20001cdc
10007d80:	50100084 	.word	0x50100084
10007d84:	50100100 	.word	0x50100100
10007d88:	50100080 	.word	0x50100080
10007d8c:	0001d010 	.word	0x0001d010
10007d90:	50112000 	.word	0x50112000

10007d94 <dcd_int_enable>:
10007d94:	b510      	push	{r4, lr}
10007d96:	2101      	movs	r1, #1
10007d98:	2005      	movs	r0, #5
10007d9a:	f7fb fcd1 	bl	10003740 <irq_set_enabled>
10007d9e:	bd10      	pop	{r4, pc}

10007da0 <dcd_set_address>:
10007da0:	b510      	push	{r4, lr}
10007da2:	2200      	movs	r2, #0
10007da4:	2100      	movs	r1, #0
10007da6:	4802      	ldr	r0, [pc, #8]	@ (10007db0 <dcd_set_address+0x10>)
10007da8:	f000 f916 	bl	10007fd8 <hw_endpoint_xfer_start>
10007dac:	bd10      	pop	{r4, pc}
10007dae:	46c0      	nop			@ (mov r8, r8)
10007db0:	20001cfc 	.word	0x20001cfc

10007db4 <dcd_sof_enable>:
10007db4:	4b04      	ldr	r3, [pc, #16]	@ (10007dc8 <dcd_sof_enable+0x14>)
10007db6:	7019      	strb	r1, [r3, #0]
10007db8:	2900      	cmp	r1, #0
10007dba:	d004      	beq.n	10007dc6 <dcd_sof_enable+0x12>
10007dbc:	2180      	movs	r1, #128	@ 0x80
10007dbe:	2390      	movs	r3, #144	@ 0x90
10007dc0:	4a02      	ldr	r2, [pc, #8]	@ (10007dcc <dcd_sof_enable+0x18>)
10007dc2:	0289      	lsls	r1, r1, #10
10007dc4:	50d1      	str	r1, [r2, r3]
10007dc6:	4770      	bx	lr
10007dc8:	20002142 	.word	0x20002142
10007dcc:	50112000 	.word	0x50112000

10007dd0 <dcd_edpt0_status_complete>:
10007dd0:	780b      	ldrb	r3, [r1, #0]
10007dd2:	065b      	lsls	r3, r3, #25
10007dd4:	d102      	bne.n	10007ddc <dcd_edpt0_status_complete+0xc>
10007dd6:	784b      	ldrb	r3, [r1, #1]
10007dd8:	2b05      	cmp	r3, #5
10007dda:	d000      	beq.n	10007dde <dcd_edpt0_status_complete+0xe>
10007ddc:	4770      	bx	lr
10007dde:	788a      	ldrb	r2, [r1, #2]
10007de0:	4b01      	ldr	r3, [pc, #4]	@ (10007de8 <dcd_edpt0_status_complete+0x18>)
10007de2:	601a      	str	r2, [r3, #0]
10007de4:	e7fa      	b.n	10007ddc <dcd_edpt0_status_complete+0xc>
10007de6:	46c0      	nop			@ (mov r8, r8)
10007de8:	50110000 	.word	0x50110000

10007dec <dcd_edpt_open>:
10007dec:	b5f0      	push	{r4, r5, r6, r7, lr}
10007dee:	46c6      	mov	lr, r8
10007df0:	78c8      	ldrb	r0, [r1, #3]
10007df2:	b500      	push	{lr}
10007df4:	0780      	lsls	r0, r0, #30
10007df6:	0f83      	lsrs	r3, r0, #30
10007df8:	0018      	movs	r0, r3
10007dfa:	2b01      	cmp	r3, #1
10007dfc:	d060      	beq.n	10007ec0 <dcd_edpt_open+0xd4>
10007dfe:	788f      	ldrb	r7, [r1, #2]
10007e00:	790a      	ldrb	r2, [r1, #4]
10007e02:	794b      	ldrb	r3, [r1, #5]
10007e04:	217f      	movs	r1, #127	@ 0x7f
10007e06:	4039      	ands	r1, r7
10007e08:	09fc      	lsrs	r4, r7, #7
10007e0a:	021b      	lsls	r3, r3, #8
10007e0c:	004e      	lsls	r6, r1, #1
10007e0e:	4313      	orrs	r3, r2
10007e10:	4d33      	ldr	r5, [pc, #204]	@ (10007ee0 <dcd_edpt_open+0xf4>)
10007e12:	1932      	adds	r2, r6, r4
10007e14:	0152      	lsls	r2, r2, #5
10007e16:	18aa      	adds	r2, r5, r2
10007e18:	7097      	strb	r7, [r2, #2]
10007e1a:	2701      	movs	r7, #1
10007e1c:	4067      	eors	r7, r4
10007e1e:	7057      	strb	r7, [r2, #1]
10007e20:	2700      	movs	r7, #0
10007e22:	055b      	lsls	r3, r3, #21
10007e24:	0d5b      	lsrs	r3, r3, #21
10007e26:	70d7      	strb	r7, [r2, #3]
10007e28:	8313      	strh	r3, [r2, #24]
10007e2a:	76d0      	strb	r0, [r2, #27]
10007e2c:	46b8      	mov	r8, r7
10007e2e:	00ca      	lsls	r2, r1, #3
10007e30:	2c01      	cmp	r4, #1
10007e32:	d032      	beq.n	10007e9a <dcd_edpt_open+0xae>
10007e34:	4f2b      	ldr	r7, [pc, #172]	@ (10007ee4 <dcd_edpt_open+0xf8>)
10007e36:	46bc      	mov	ip, r7
10007e38:	018f      	lsls	r7, r1, #6
10007e3a:	4462      	add	r2, ip
10007e3c:	46bc      	mov	ip, r7
10007e3e:	44ac      	add	ip, r5
10007e40:	4667      	mov	r7, ip
10007e42:	60ba      	str	r2, [r7, #8]
10007e44:	4647      	mov	r7, r8
10007e46:	6017      	str	r7, [r2, #0]
10007e48:	2900      	cmp	r1, #0
10007e4a:	d032      	beq.n	10007eb2 <dcd_edpt_open+0xc6>
10007e4c:	4a26      	ldr	r2, [pc, #152]	@ (10007ee8 <dcd_edpt_open+0xfc>)
10007e4e:	00c9      	lsls	r1, r1, #3
10007e50:	4690      	mov	r8, r2
10007e52:	4662      	mov	r2, ip
10007e54:	4441      	add	r1, r8
10007e56:	6051      	str	r1, [r2, #4]
10007e58:	223f      	movs	r2, #63	@ 0x3f
10007e5a:	333f      	adds	r3, #63	@ 0x3f
10007e5c:	4393      	bics	r3, r2
10007e5e:	2802      	cmp	r0, #2
10007e60:	d037      	beq.n	10007ed2 <dcd_edpt_open+0xe6>
10007e62:	4922      	ldr	r1, [pc, #136]	@ (10007eec <dcd_edpt_open+0x100>)
10007e64:	1937      	adds	r7, r6, r4
10007e66:	680a      	ldr	r2, [r1, #0]
10007e68:	017f      	lsls	r7, r7, #5
10007e6a:	18d3      	adds	r3, r2, r3
10007e6c:	600b      	str	r3, [r1, #0]
10007e6e:	4920      	ldr	r1, [pc, #128]	@ (10007ef0 <dcd_edpt_open+0x104>)
10007e70:	19ef      	adds	r7, r5, r7
10007e72:	60fa      	str	r2, [r7, #12]
10007e74:	428b      	cmp	r3, r1
10007e76:	d82e      	bhi.n	10007ed6 <dcd_edpt_open+0xea>
10007e78:	1936      	adds	r6, r6, r4
10007e7a:	0176      	lsls	r6, r6, #5
10007e7c:	19ad      	adds	r5, r5, r6
10007e7e:	7eeb      	ldrb	r3, [r5, #27]
10007e80:	491c      	ldr	r1, [pc, #112]	@ (10007ef4 <dcd_edpt_open+0x108>)
10007e82:	069b      	lsls	r3, r3, #26
10007e84:	404a      	eors	r2, r1
10007e86:	4313      	orrs	r3, r2
10007e88:	2280      	movs	r2, #128	@ 0x80
10007e8a:	0612      	lsls	r2, r2, #24
10007e8c:	4313      	orrs	r3, r2
10007e8e:	686a      	ldr	r2, [r5, #4]
10007e90:	6013      	str	r3, [r2, #0]
10007e92:	2001      	movs	r0, #1
10007e94:	bc80      	pop	{r7}
10007e96:	46b8      	mov	r8, r7
10007e98:	bdf0      	pop	{r4, r5, r6, r7, pc}
10007e9a:	4f17      	ldr	r7, [pc, #92]	@ (10007ef8 <dcd_edpt_open+0x10c>)
10007e9c:	46bc      	mov	ip, r7
10007e9e:	018f      	lsls	r7, r1, #6
10007ea0:	4462      	add	r2, ip
10007ea2:	46bc      	mov	ip, r7
10007ea4:	44ac      	add	ip, r5
10007ea6:	4667      	mov	r7, ip
10007ea8:	62ba      	str	r2, [r7, #40]	@ 0x28
10007eaa:	4647      	mov	r7, r8
10007eac:	6017      	str	r7, [r2, #0]
10007eae:	2900      	cmp	r1, #0
10007eb0:	d108      	bne.n	10007ec4 <dcd_edpt_open+0xd8>
10007eb2:	2300      	movs	r3, #0
10007eb4:	0164      	lsls	r4, r4, #5
10007eb6:	192c      	adds	r4, r5, r4
10007eb8:	6063      	str	r3, [r4, #4]
10007eba:	4b10      	ldr	r3, [pc, #64]	@ (10007efc <dcd_edpt_open+0x110>)
10007ebc:	60e3      	str	r3, [r4, #12]
10007ebe:	e7e8      	b.n	10007e92 <dcd_edpt_open+0xa6>
10007ec0:	2000      	movs	r0, #0
10007ec2:	e7e7      	b.n	10007e94 <dcd_edpt_open+0xa8>
10007ec4:	4a0b      	ldr	r2, [pc, #44]	@ (10007ef4 <dcd_edpt_open+0x108>)
10007ec6:	00c9      	lsls	r1, r1, #3
10007ec8:	4690      	mov	r8, r2
10007eca:	4662      	mov	r2, ip
10007ecc:	4441      	add	r1, r8
10007ece:	6251      	str	r1, [r2, #36]	@ 0x24
10007ed0:	e7c2      	b.n	10007e58 <dcd_edpt_open+0x6c>
10007ed2:	005b      	lsls	r3, r3, #1
10007ed4:	e7c5      	b.n	10007e62 <dcd_edpt_open+0x76>
10007ed6:	f7fc f879 	bl	10003fcc <hard_assertion_failure>
10007eda:	68fa      	ldr	r2, [r7, #12]
10007edc:	e7cc      	b.n	10007e78 <dcd_edpt_open+0x8c>
10007ede:	46c0      	nop			@ (mov r8, r8)
10007ee0:	20001cdc 	.word	0x20001cdc
10007ee4:	50100084 	.word	0x50100084
10007ee8:	50100004 	.word	0x50100004
10007eec:	200020e4 	.word	0x200020e4
10007ef0:	50100fff 	.word	0x50100fff
10007ef4:	50100000 	.word	0x50100000
10007ef8:	50100080 	.word	0x50100080
10007efc:	50100100 	.word	0x50100100

10007f00 <dcd_edpt_close_all>:
10007f00:	b510      	push	{r4, lr}
10007f02:	f001 ff55 	bl	10009db0 <__reset_non_control_endpoints_veneer>
10007f06:	bd10      	pop	{r4, pc}

10007f08 <dcd_edpt_xfer>:
10007f08:	b510      	push	{r4, lr}
10007f0a:	207f      	movs	r0, #127	@ 0x7f
10007f0c:	000c      	movs	r4, r1
10007f0e:	4020      	ands	r0, r4
10007f10:	0040      	lsls	r0, r0, #1
10007f12:	09e4      	lsrs	r4, r4, #7
10007f14:	0011      	movs	r1, r2
10007f16:	1900      	adds	r0, r0, r4
10007f18:	001a      	movs	r2, r3
10007f1a:	4b03      	ldr	r3, [pc, #12]	@ (10007f28 <dcd_edpt_xfer+0x20>)
10007f1c:	0140      	lsls	r0, r0, #5
10007f1e:	18c0      	adds	r0, r0, r3
10007f20:	f000 f85a 	bl	10007fd8 <hw_endpoint_xfer_start>
10007f24:	2001      	movs	r0, #1
10007f26:	bd10      	pop	{r4, pc}
10007f28:	20001cdc 	.word	0x20001cdc

10007f2c <dcd_edpt_stall>:
10007f2c:	237f      	movs	r3, #127	@ 0x7f
10007f2e:	0018      	movs	r0, r3
10007f30:	b500      	push	{lr}
10007f32:	4008      	ands	r0, r1
10007f34:	b083      	sub	sp, #12
10007f36:	420b      	tst	r3, r1
10007f38:	d104      	bne.n	10007f44 <dcd_edpt_stall+0x18>
10007f3a:	424b      	negs	r3, r1
10007f3c:	414b      	adcs	r3, r1
10007f3e:	4a08      	ldr	r2, [pc, #32]	@ (10007f60 <dcd_edpt_stall+0x34>)
10007f40:	3301      	adds	r3, #1
10007f42:	6693      	str	r3, [r2, #104]	@ 0x68
10007f44:	2280      	movs	r2, #128	@ 0x80
10007f46:	09c9      	lsrs	r1, r1, #7
10007f48:	0040      	lsls	r0, r0, #1
10007f4a:	4b06      	ldr	r3, [pc, #24]	@ (10007f64 <dcd_edpt_stall+0x38>)
10007f4c:	1840      	adds	r0, r0, r1
10007f4e:	0140      	lsls	r0, r0, #5
10007f50:	2100      	movs	r1, #0
10007f52:	18c0      	adds	r0, r0, r3
10007f54:	0112      	lsls	r2, r2, #4
10007f56:	f001 ff6b 	bl	10009e30 <___hw_endpoint_buffer_control_update32_veneer>
10007f5a:	b003      	add	sp, #12
10007f5c:	bd00      	pop	{pc}
10007f5e:	46c0      	nop			@ (mov r8, r8)
10007f60:	50112000 	.word	0x50112000
10007f64:	20001cdc 	.word	0x20001cdc

10007f68 <dcd_edpt_clear_stall>:
10007f68:	227f      	movs	r2, #127	@ 0x7f
10007f6a:	0013      	movs	r3, r2
10007f6c:	b510      	push	{r4, lr}
10007f6e:	400b      	ands	r3, r1
10007f70:	420a      	tst	r2, r1
10007f72:	d100      	bne.n	10007f76 <dcd_edpt_clear_stall+0xe>
10007f74:	bd10      	pop	{r4, pc}
10007f76:	09c9      	lsrs	r1, r1, #7
10007f78:	005b      	lsls	r3, r3, #1
10007f7a:	185b      	adds	r3, r3, r1
10007f7c:	4804      	ldr	r0, [pc, #16]	@ (10007f90 <dcd_edpt_clear_stall+0x28>)
10007f7e:	015b      	lsls	r3, r3, #5
10007f80:	18c0      	adds	r0, r0, r3
10007f82:	2300      	movs	r3, #0
10007f84:	2200      	movs	r2, #0
10007f86:	4903      	ldr	r1, [pc, #12]	@ (10007f94 <dcd_edpt_clear_stall+0x2c>)
10007f88:	70c3      	strb	r3, [r0, #3]
10007f8a:	f001 ff51 	bl	10009e30 <___hw_endpoint_buffer_control_update32_veneer>
10007f8e:	e7f1      	b.n	10007f74 <dcd_edpt_clear_stall+0xc>
10007f90:	20001cdc 	.word	0x20001cdc
10007f94:	fffff7ff 	.word	0xfffff7ff

10007f98 <rp2040_usb_init>:
10007f98:	2280      	movs	r2, #128	@ 0x80
10007f9a:	4b0a      	ldr	r3, [pc, #40]	@ (10007fc4 <rp2040_usb_init+0x2c>)
10007f9c:	0452      	lsls	r2, r2, #17
10007f9e:	b510      	push	{r4, lr}
10007fa0:	601a      	str	r2, [r3, #0]
10007fa2:	4b09      	ldr	r3, [pc, #36]	@ (10007fc8 <rp2040_usb_init+0x30>)
10007fa4:	4909      	ldr	r1, [pc, #36]	@ (10007fcc <rp2040_usb_init+0x34>)
10007fa6:	601a      	str	r2, [r3, #0]
10007fa8:	0010      	movs	r0, r2
10007faa:	680b      	ldr	r3, [r1, #0]
10007fac:	4398      	bics	r0, r3
10007fae:	d1fb      	bne.n	10007fa8 <rp2040_usb_init+0x10>
10007fb0:	2280      	movs	r2, #128	@ 0x80
10007fb2:	2100      	movs	r1, #0
10007fb4:	0152      	lsls	r2, r2, #5
10007fb6:	4806      	ldr	r0, [pc, #24]	@ (10007fd0 <rp2040_usb_init+0x38>)
10007fb8:	f7fd fc34 	bl	10005824 <__wrap_memset>
10007fbc:	2209      	movs	r2, #9
10007fbe:	4b05      	ldr	r3, [pc, #20]	@ (10007fd4 <rp2040_usb_init+0x3c>)
10007fc0:	675a      	str	r2, [r3, #116]	@ 0x74
10007fc2:	bd10      	pop	{r4, pc}
10007fc4:	4000e000 	.word	0x4000e000
10007fc8:	4000f000 	.word	0x4000f000
10007fcc:	4000c008 	.word	0x4000c008
10007fd0:	50100000 	.word	0x50100000
10007fd4:	50110000 	.word	0x50110000

10007fd8 <hw_endpoint_xfer_start>:
10007fd8:	2300      	movs	r3, #0
10007fda:	b510      	push	{r4, lr}
10007fdc:	82c3      	strh	r3, [r0, #22]
10007fde:	3301      	adds	r3, #1
10007fe0:	8282      	strh	r2, [r0, #20]
10007fe2:	7683      	strb	r3, [r0, #26]
10007fe4:	6101      	str	r1, [r0, #16]
10007fe6:	0004      	movs	r4, r0
10007fe8:	f001 ff0a 	bl	10009e00 <__e15_is_bulkin_ep_veneer>
10007fec:	2800      	cmp	r0, #0
10007fee:	d004      	beq.n	10007ffa <hw_endpoint_xfer_start+0x22>
10007ff0:	2180      	movs	r1, #128	@ 0x80
10007ff2:	2390      	movs	r3, #144	@ 0x90
10007ff4:	4a07      	ldr	r2, [pc, #28]	@ (10008014 <hw_endpoint_xfer_start+0x3c>)
10007ff6:	0289      	lsls	r1, r1, #10
10007ff8:	50d1      	str	r1, [r2, r3]
10007ffa:	0020      	movs	r0, r4
10007ffc:	f001 fef0 	bl	10009de0 <__e15_is_critical_frame_period_veneer>
10008000:	2800      	cmp	r0, #0
10008002:	d002      	beq.n	1000800a <hw_endpoint_xfer_start+0x32>
10008004:	2301      	movs	r3, #1
10008006:	7723      	strb	r3, [r4, #28]
10008008:	bd10      	pop	{r4, pc}
1000800a:	0020      	movs	r0, r4
1000800c:	f001 ff08 	bl	10009e20 <__hw_endpoint_start_next_buffer_veneer>
10008010:	e7fa      	b.n	10008008 <hw_endpoint_xfer_start+0x30>
10008012:	46c0      	nop			@ (mov r8, r8)
10008014:	50112000 	.word	0x50112000

10008018 <tud_event_hook_cb>:
10008018:	4770      	bx	lr
1000801a:	46c0      	nop			@ (mov r8, r8)

1000801c <tud_sof_cb>:
1000801c:	4770      	bx	lr
1000801e:	46c0      	nop			@ (mov r8, r8)

10008020 <tud_descriptor_device_qualifier_cb>:
10008020:	2000      	movs	r0, #0
10008022:	4770      	bx	lr

10008024 <tud_descriptor_other_speed_configuration_cb>:
10008024:	2000      	movs	r0, #0
10008026:	4770      	bx	lr

10008028 <tud_mount_cb>:
10008028:	4770      	bx	lr
1000802a:	46c0      	nop			@ (mov r8, r8)

1000802c <tud_umount_cb>:
1000802c:	4770      	bx	lr
1000802e:	46c0      	nop			@ (mov r8, r8)

10008030 <tud_suspend_cb>:
10008030:	4770      	bx	lr
10008032:	46c0      	nop			@ (mov r8, r8)

10008034 <tud_resume_cb>:
10008034:	4770      	bx	lr
10008036:	46c0      	nop			@ (mov r8, r8)

10008038 <tud_mounted>:
10008038:	4b02      	ldr	r3, [pc, #8]	@ (10008044 <tud_mounted+0xc>)
1000803a:	7858      	ldrb	r0, [r3, #1]
1000803c:	1e43      	subs	r3, r0, #1
1000803e:	4198      	sbcs	r0, r3
10008040:	b2c0      	uxtb	r0, r0
10008042:	4770      	bx	lr
10008044:	20001784 	.word	0x20001784

10008048 <tud_suspended>:
10008048:	4b02      	ldr	r3, [pc, #8]	@ (10008054 <tud_suspended+0xc>)
1000804a:	7818      	ldrb	r0, [r3, #0]
1000804c:	0740      	lsls	r0, r0, #29
1000804e:	0fc0      	lsrs	r0, r0, #31
10008050:	4770      	bx	lr
10008052:	46c0      	nop			@ (mov r8, r8)
10008054:	20001784 	.word	0x20001784

10008058 <tud_rhport_init>:
10008058:	b5f0      	push	{r4, r5, r6, r7, lr}
1000805a:	46d6      	mov	lr, sl
1000805c:	464f      	mov	r7, r9
1000805e:	4646      	mov	r6, r8
10008060:	b5c0      	push	{r6, r7, lr}
10008062:	4b2f      	ldr	r3, [pc, #188]	@ (10008120 <tud_rhport_init+0xc8>)
10008064:	0007      	movs	r7, r0
10008066:	469a      	mov	sl, r3
10008068:	781b      	ldrb	r3, [r3, #0]
1000806a:	000e      	movs	r6, r1
1000806c:	2bff      	cmp	r3, #255	@ 0xff
1000806e:	d150      	bne.n	10008112 <tud_rhport_init+0xba>
10008070:	2900      	cmp	r1, #0
10008072:	d041      	beq.n	100080f8 <tud_rhport_init+0xa0>
10008074:	2100      	movs	r1, #0
10008076:	2254      	movs	r2, #84	@ 0x54
10008078:	482a      	ldr	r0, [pc, #168]	@ (10008124 <tud_rhport_init+0xcc>)
1000807a:	f7fd fbd3 	bl	10005824 <__wrap_memset>
1000807e:	2200      	movs	r2, #0
10008080:	4c29      	ldr	r4, [pc, #164]	@ (10008128 <tud_rhport_init+0xd0>)
10008082:	4b2a      	ldr	r3, [pc, #168]	@ (1000812c <tud_rhport_init+0xd4>)
10008084:	0020      	movs	r0, r4
10008086:	701a      	strb	r2, [r3, #0]
10008088:	f7fb fd56 	bl	10003b38 <mutex_init>
1000808c:	4b28      	ldr	r3, [pc, #160]	@ (10008130 <tud_rhport_init+0xd8>)
1000808e:	601c      	str	r4, [r3, #0]
10008090:	4c28      	ldr	r4, [pc, #160]	@ (10008134 <tud_rhport_init+0xdc>)
10008092:	0020      	movs	r0, r4
10008094:	3c14      	subs	r4, #20
10008096:	f7fb fd5d 	bl	10003b54 <critical_section_init>
1000809a:	0020      	movs	r0, r4
1000809c:	f001 fdfa 	bl	10009c94 <tu_fifo_clear>
100080a0:	4b25      	ldr	r3, [pc, #148]	@ (10008138 <tud_rhport_init+0xe0>)
100080a2:	4d26      	ldr	r5, [pc, #152]	@ (1000813c <tud_rhport_init+0xe4>)
100080a4:	601c      	str	r4, [r3, #0]
100080a6:	4b26      	ldr	r3, [pc, #152]	@ (10008140 <tud_rhport_init+0xe8>)
100080a8:	2b00      	cmp	r3, #0
100080aa:	d004      	beq.n	100080b6 <tud_rhport_init+0x5e>
100080ac:	0028      	movs	r0, r5
100080ae:	f7ff fac7 	bl	10007640 <usbd_app_driver_get_cb>
100080b2:	4b24      	ldr	r3, [pc, #144]	@ (10008144 <tud_rhport_init+0xec>)
100080b4:	6018      	str	r0, [r3, #0]
100080b6:	4924      	ldr	r1, [pc, #144]	@ (10008148 <tud_rhport_init+0xf0>)
100080b8:	2400      	movs	r4, #0
100080ba:	4689      	mov	r9, r1
100080bc:	4921      	ldr	r1, [pc, #132]	@ (10008144 <tud_rhport_init+0xec>)
100080be:	2300      	movs	r3, #0
100080c0:	4688      	mov	r8, r1
100080c2:	782a      	ldrb	r2, [r5, #0]
100080c4:	e010      	b.n	100080e8 <tud_rhport_init+0x90>
100080c6:	4643      	mov	r3, r8
100080c8:	681b      	ldr	r3, [r3, #0]
100080ca:	0162      	lsls	r2, r4, #5
100080cc:	189b      	adds	r3, r3, r2
100080ce:	2b00      	cmp	r3, #0
100080d0:	d012      	beq.n	100080f8 <tud_rhport_init+0xa0>
100080d2:	685b      	ldr	r3, [r3, #4]
100080d4:	2b00      	cmp	r3, #0
100080d6:	d00f      	beq.n	100080f8 <tud_rhport_init+0xa0>
100080d8:	4798      	blx	r3
100080da:	782a      	ldrb	r2, [r5, #0]
100080dc:	3401      	adds	r4, #1
100080de:	b2e4      	uxtb	r4, r4
100080e0:	1c51      	adds	r1, r2, #1
100080e2:	0023      	movs	r3, r4
100080e4:	42a1      	cmp	r1, r4
100080e6:	db09      	blt.n	100080fc <tud_rhport_init+0xa4>
100080e8:	42a2      	cmp	r2, r4
100080ea:	d8ec      	bhi.n	100080c6 <tud_rhport_init+0x6e>
100080ec:	1a9b      	subs	r3, r3, r2
100080ee:	015b      	lsls	r3, r3, #5
100080f0:	444b      	add	r3, r9
100080f2:	685b      	ldr	r3, [r3, #4]
100080f4:	2b00      	cmp	r3, #0
100080f6:	d1ef      	bne.n	100080d8 <tud_rhport_init+0x80>
100080f8:	2000      	movs	r0, #0
100080fa:	e00b      	b.n	10008114 <tud_rhport_init+0xbc>
100080fc:	4653      	mov	r3, sl
100080fe:	0031      	movs	r1, r6
10008100:	0038      	movs	r0, r7
10008102:	701f      	strb	r7, [r3, #0]
10008104:	f7ff fdfe 	bl	10007d04 <dcd_init>
10008108:	2800      	cmp	r0, #0
1000810a:	d0f5      	beq.n	100080f8 <tud_rhport_init+0xa0>
1000810c:	0038      	movs	r0, r7
1000810e:	f7ff fe41 	bl	10007d94 <dcd_int_enable>
10008112:	2001      	movs	r0, #1
10008114:	bce0      	pop	{r5, r6, r7}
10008116:	46ba      	mov	sl, r7
10008118:	46b1      	mov	r9, r6
1000811a:	46a8      	mov	r8, r5
1000811c:	bdf0      	pop	{r4, r5, r6, r7, pc}
1000811e:	46c0      	nop			@ (mov r8, r8)
10008120:	20001084 	.word	0x20001084
10008124:	20001784 	.word	0x20001784
10008128:	2000177c 	.word	0x2000177c
1000812c:	20002143 	.word	0x20002143
10008130:	200017d8 	.word	0x200017d8
10008134:	2000107c 	.word	0x2000107c
10008138:	200017dc 	.word	0x200017dc
1000813c:	20002141 	.word	0x20002141
10008140:	10007641 	.word	0x10007641
10008144:	200015d4 	.word	0x200015d4
10008148:	1000d834 	.word	0x1000d834

1000814c <tud_task_ext>:
1000814c:	b5f0      	push	{r4, r5, r6, r7, lr}
1000814e:	46de      	mov	lr, fp
10008150:	4657      	mov	r7, sl
10008152:	464e      	mov	r6, r9
10008154:	4645      	mov	r5, r8
10008156:	b5e0      	push	{r5, r6, r7, lr}
10008158:	4bc8      	ldr	r3, [pc, #800]	@ (1000847c <tud_task_ext+0x330>)
1000815a:	b091      	sub	sp, #68	@ 0x44
1000815c:	9302      	str	r3, [sp, #8]
1000815e:	781b      	ldrb	r3, [r3, #0]
10008160:	2bff      	cmp	r3, #255	@ 0xff
10008162:	d100      	bne.n	10008166 <tud_task_ext+0x1a>
10008164:	e13e      	b.n	100083e4 <tud_task_ext+0x298>
10008166:	4bc6      	ldr	r3, [pc, #792]	@ (10008480 <tud_task_ext+0x334>)
10008168:	4ec6      	ldr	r6, [pc, #792]	@ (10008484 <tud_task_ext+0x338>)
1000816a:	469b      	mov	fp, r3
1000816c:	465f      	mov	r7, fp
1000816e:	4bc6      	ldr	r3, [pc, #792]	@ (10008488 <tud_task_ext+0x33c>)
10008170:	ac0d      	add	r4, sp, #52	@ 0x34
10008172:	9301      	str	r3, [sp, #4]
10008174:	4bc5      	ldr	r3, [pc, #788]	@ (1000848c <tud_task_ext+0x340>)
10008176:	9300      	str	r3, [sp, #0]
10008178:	6835      	ldr	r5, [r6, #0]
1000817a:	696a      	ldr	r2, [r5, #20]
1000817c:	f3ef 8110 	mrs	r1, PRIMASK
10008180:	b672      	cpsid	i
10008182:	6813      	ldr	r3, [r2, #0]
10008184:	2b00      	cmp	r3, #0
10008186:	d0fc      	beq.n	10008182 <tud_task_ext+0x36>
10008188:	f3bf 8f5f 	dmb	sy
1000818c:	61a9      	str	r1, [r5, #24]
1000818e:	0028      	movs	r0, r5
10008190:	0021      	movs	r1, r4
10008192:	f001 fbaf 	bl	100098f4 <tu_fifo_read>
10008196:	696a      	ldr	r2, [r5, #20]
10008198:	69ab      	ldr	r3, [r5, #24]
1000819a:	f3bf 8f5f 	dmb	sy
1000819e:	2100      	movs	r1, #0
100081a0:	6011      	str	r1, [r2, #0]
100081a2:	f383 8810 	msr	PRIMASK, r3
100081a6:	2800      	cmp	r0, #0
100081a8:	d100      	bne.n	100081ac <tud_task_ext+0x60>
100081aa:	e11b      	b.n	100083e4 <tud_task_ext+0x298>
100081ac:	7863      	ldrb	r3, [r4, #1]
100081ae:	2b08      	cmp	r3, #8
100081b0:	d8e2      	bhi.n	10008178 <tud_task_ext+0x2c>
100081b2:	009b      	lsls	r3, r3, #2
100081b4:	58fb      	ldr	r3, [r7, r3]
100081b6:	469f      	mov	pc, r3
100081b8:	6863      	ldr	r3, [r4, #4]
100081ba:	2b00      	cmp	r3, #0
100081bc:	d0dc      	beq.n	10008178 <tud_task_ext+0x2c>
100081be:	68a0      	ldr	r0, [r4, #8]
100081c0:	4798      	blx	r3
100081c2:	e7d9      	b.n	10008178 <tud_task_ext+0x2c>
100081c4:	227f      	movs	r2, #127	@ 0x7f
100081c6:	7921      	ldrb	r1, [r4, #4]
100081c8:	4daf      	ldr	r5, [pc, #700]	@ (10008488 <tud_task_ext+0x33c>)
100081ca:	400a      	ands	r2, r1
100081cc:	0053      	lsls	r3, r2, #1
100081ce:	18eb      	adds	r3, r5, r3
100081d0:	4698      	mov	r8, r3
100081d2:	09c8      	lsrs	r0, r1, #7
100081d4:	4480      	add	r8, r0
100081d6:	4640      	mov	r0, r8
100081d8:	2301      	movs	r3, #1
100081da:	3030      	adds	r0, #48	@ 0x30
100081dc:	7905      	ldrb	r5, [r0, #4]
100081de:	439d      	bics	r5, r3
100081e0:	7105      	strb	r5, [r0, #4]
100081e2:	7905      	ldrb	r5, [r0, #4]
100081e4:	3303      	adds	r3, #3
100081e6:	439d      	bics	r5, r3
100081e8:	7105      	strb	r5, [r0, #4]
100081ea:	2a00      	cmp	r2, #0
100081ec:	d100      	bne.n	100081f0 <tud_task_ext+0xa4>
100081ee:	e100      	b.n	100083f2 <tud_task_ext+0x2a6>
100081f0:	4643      	mov	r3, r8
100081f2:	4aa7      	ldr	r2, [pc, #668]	@ (10008490 <tud_task_ext+0x344>)
100081f4:	7d1b      	ldrb	r3, [r3, #20]
100081f6:	7812      	ldrb	r2, [r2, #0]
100081f8:	4293      	cmp	r3, r2
100081fa:	d300      	bcc.n	100081fe <tud_task_ext+0xb2>
100081fc:	e0ef      	b.n	100083de <tud_task_ext+0x292>
100081fe:	4aa5      	ldr	r2, [pc, #660]	@ (10008494 <tud_task_ext+0x348>)
10008200:	015b      	lsls	r3, r3, #5
10008202:	6815      	ldr	r5, [r2, #0]
10008204:	18ed      	adds	r5, r5, r3
10008206:	2d00      	cmp	r5, #0
10008208:	d100      	bne.n	1000820c <tud_task_ext+0xc0>
1000820a:	e0eb      	b.n	100083e4 <tud_task_ext+0x298>
1000820c:	68a3      	ldr	r3, [r4, #8]
1000820e:	7962      	ldrb	r2, [r4, #5]
10008210:	7820      	ldrb	r0, [r4, #0]
10008212:	69ad      	ldr	r5, [r5, #24]
10008214:	47a8      	blx	r5
10008216:	e7af      	b.n	10008178 <tud_task_ext+0x2c>
10008218:	4a9f      	ldr	r2, [pc, #636]	@ (10008498 <tud_task_ext+0x34c>)
1000821a:	7813      	ldrb	r3, [r2, #0]
1000821c:	2b00      	cmp	r3, #0
1000821e:	d100      	bne.n	10008222 <tud_task_ext+0xd6>
10008220:	e0e0      	b.n	100083e4 <tud_task_ext+0x298>
10008222:	7813      	ldrb	r3, [r2, #0]
10008224:	3b01      	subs	r3, #1
10008226:	b2db      	uxtb	r3, r3
10008228:	7013      	strb	r3, [r2, #0]
1000822a:	7813      	ldrb	r3, [r2, #0]
1000822c:	2b00      	cmp	r3, #0
1000822e:	d1a3      	bne.n	10008178 <tud_task_ext+0x2c>
10008230:	2201      	movs	r2, #1
10008232:	4d95      	ldr	r5, [pc, #596]	@ (10008488 <tud_task_ext+0x33c>)
10008234:	2101      	movs	r1, #1
10008236:	782b      	ldrb	r3, [r5, #0]
10008238:	2004      	movs	r0, #4
1000823a:	4313      	orrs	r3, r2
1000823c:	702b      	strb	r3, [r5, #0]
1000823e:	2334      	movs	r3, #52	@ 0x34
10008240:	5cea      	ldrb	r2, [r5, r3]
10008242:	438a      	bics	r2, r1
10008244:	54ea      	strb	r2, [r5, r3]
10008246:	5cea      	ldrb	r2, [r5, r3]
10008248:	4382      	bics	r2, r0
1000824a:	54ea      	strb	r2, [r5, r3]
1000824c:	3301      	adds	r3, #1
1000824e:	5cea      	ldrb	r2, [r5, r3]
10008250:	438a      	bics	r2, r1
10008252:	54ea      	strb	r2, [r5, r3]
10008254:	5cea      	ldrb	r2, [r5, r3]
10008256:	4382      	bics	r2, r0
10008258:	54ea      	strb	r2, [r5, r3]
1000825a:	7823      	ldrb	r3, [r4, #0]
1000825c:	2000      	movs	r0, #0
1000825e:	469b      	mov	fp, r3
10008260:	f000 fc9e 	bl	10008ba0 <usbd_control_set_complete_callback>
10008264:	2260      	movs	r2, #96	@ 0x60
10008266:	7923      	ldrb	r3, [r4, #4]
10008268:	401a      	ands	r2, r3
1000826a:	2a60      	cmp	r2, #96	@ 0x60
1000826c:	d100      	bne.n	10008270 <tud_task_ext+0x124>
1000826e:	e0ef      	b.n	10008450 <tud_task_ext+0x304>
10008270:	2a40      	cmp	r2, #64	@ 0x40
10008272:	d100      	bne.n	10008276 <tud_task_ext+0x12a>
10008274:	e0f5      	b.n	10008462 <tud_task_ext+0x316>
10008276:	06db      	lsls	r3, r3, #27
10008278:	0edb      	lsrs	r3, r3, #27
1000827a:	2b01      	cmp	r3, #1
1000827c:	d100      	bne.n	10008280 <tud_task_ext+0x134>
1000827e:	e113      	b.n	100084a8 <tud_task_ext+0x35c>
10008280:	2b02      	cmp	r3, #2
10008282:	d100      	bne.n	10008286 <tud_task_ext+0x13a>
10008284:	e0c7      	b.n	10008416 <tud_task_ext+0x2ca>
10008286:	2b00      	cmp	r3, #0
10008288:	d000      	beq.n	1000828c <tud_task_ext+0x140>
1000828a:	e0e1      	b.n	10008450 <tud_task_ext+0x304>
1000828c:	2a20      	cmp	r2, #32
1000828e:	d100      	bne.n	10008292 <tud_task_ext+0x146>
10008290:	e21c      	b.n	100086cc <tud_task_ext+0x580>
10008292:	2a00      	cmp	r2, #0
10008294:	d000      	beq.n	10008298 <tud_task_ext+0x14c>
10008296:	e0db      	b.n	10008450 <tud_task_ext+0x304>
10008298:	7963      	ldrb	r3, [r4, #5]
1000829a:	2b09      	cmp	r3, #9
1000829c:	d900      	bls.n	100082a0 <tud_task_ext+0x154>
1000829e:	e0d7      	b.n	10008450 <tud_task_ext+0x304>
100082a0:	4a7e      	ldr	r2, [pc, #504]	@ (1000849c <tud_task_ext+0x350>)
100082a2:	009b      	lsls	r3, r3, #2
100082a4:	58d3      	ldr	r3, [r2, r3]
100082a6:	469f      	mov	pc, r3
100082a8:	4d77      	ldr	r5, [pc, #476]	@ (10008488 <tud_task_ext+0x33c>)
100082aa:	782b      	ldrb	r3, [r5, #0]
100082ac:	07db      	lsls	r3, r3, #31
100082ae:	d400      	bmi.n	100082b2 <tud_task_ext+0x166>
100082b0:	e762      	b.n	10008178 <tud_task_ext+0x2c>
100082b2:	f7ff febf 	bl	10008034 <tud_resume_cb>
100082b6:	e75f      	b.n	10008178 <tud_task_ext+0x2c>
100082b8:	9b01      	ldr	r3, [sp, #4]
100082ba:	78db      	ldrb	r3, [r3, #3]
100082bc:	07db      	lsls	r3, r3, #31
100082be:	d400      	bmi.n	100082c2 <tud_task_ext+0x176>
100082c0:	e75a      	b.n	10008178 <tud_task_ext+0x2c>
100082c2:	6860      	ldr	r0, [r4, #4]
100082c4:	f7ff feaa 	bl	1000801c <tud_sof_cb>
100082c8:	e756      	b.n	10008178 <tud_task_ext+0x2c>
100082ca:	4d6f      	ldr	r5, [pc, #444]	@ (10008488 <tud_task_ext+0x33c>)
100082cc:	782b      	ldrb	r3, [r5, #0]
100082ce:	07db      	lsls	r3, r3, #31
100082d0:	d400      	bmi.n	100082d4 <tud_task_ext+0x188>
100082d2:	e751      	b.n	10008178 <tud_task_ext+0x2c>
100082d4:	7828      	ldrb	r0, [r5, #0]
100082d6:	0700      	lsls	r0, r0, #28
100082d8:	0fc0      	lsrs	r0, r0, #31
100082da:	f7ff fea9 	bl	10008030 <tud_suspend_cb>
100082de:	e74b      	b.n	10008178 <tud_task_ext+0x2c>
100082e0:	7823      	ldrb	r3, [r4, #0]
100082e2:	496a      	ldr	r1, [pc, #424]	@ (1000848c <tud_task_ext+0x340>)
100082e4:	4699      	mov	r9, r3
100082e6:	468b      	mov	fp, r1
100082e8:	4b69      	ldr	r3, [pc, #420]	@ (10008490 <tud_task_ext+0x344>)
100082ea:	496a      	ldr	r1, [pc, #424]	@ (10008494 <tud_task_ext+0x348>)
100082ec:	4698      	mov	r8, r3
100082ee:	468a      	mov	sl, r1
100082f0:	0039      	movs	r1, r7
100082f2:	781a      	ldrb	r2, [r3, #0]
100082f4:	4647      	mov	r7, r8
100082f6:	2300      	movs	r3, #0
100082f8:	46b0      	mov	r8, r6
100082fa:	2500      	movs	r5, #0
100082fc:	464e      	mov	r6, r9
100082fe:	4689      	mov	r9, r1
10008300:	e010      	b.n	10008324 <tud_task_ext+0x1d8>
10008302:	4653      	mov	r3, sl
10008304:	681b      	ldr	r3, [r3, #0]
10008306:	016a      	lsls	r2, r5, #5
10008308:	189b      	adds	r3, r3, r2
1000830a:	2b00      	cmp	r3, #0
1000830c:	d100      	bne.n	10008310 <tud_task_ext+0x1c4>
1000830e:	e076      	b.n	100083fe <tud_task_ext+0x2b2>
10008310:	68db      	ldr	r3, [r3, #12]
10008312:	0030      	movs	r0, r6
10008314:	4798      	blx	r3
10008316:	783a      	ldrb	r2, [r7, #0]
10008318:	3501      	adds	r5, #1
1000831a:	b2ed      	uxtb	r5, r5
1000831c:	1c51      	adds	r1, r2, #1
1000831e:	002b      	movs	r3, r5
10008320:	428d      	cmp	r5, r1
10008322:	dc44      	bgt.n	100083ae <tud_task_ext+0x262>
10008324:	4295      	cmp	r5, r2
10008326:	d3ec      	bcc.n	10008302 <tud_task_ext+0x1b6>
10008328:	1a9b      	subs	r3, r3, r2
1000832a:	015b      	lsls	r3, r3, #5
1000832c:	445b      	add	r3, fp
1000832e:	e7ef      	b.n	10008310 <tud_task_ext+0x1c4>
10008330:	7823      	ldrb	r3, [r4, #0]
10008332:	4958      	ldr	r1, [pc, #352]	@ (10008494 <tud_task_ext+0x348>)
10008334:	4699      	mov	r9, r3
10008336:	4b56      	ldr	r3, [pc, #344]	@ (10008490 <tud_task_ext+0x344>)
10008338:	468a      	mov	sl, r1
1000833a:	4698      	mov	r8, r3
1000833c:	0031      	movs	r1, r6
1000833e:	46bb      	mov	fp, r7
10008340:	464e      	mov	r6, r9
10008342:	781a      	ldrb	r2, [r3, #0]
10008344:	2500      	movs	r5, #0
10008346:	2300      	movs	r3, #0
10008348:	4647      	mov	r7, r8
1000834a:	4689      	mov	r9, r1
1000834c:	e00f      	b.n	1000836e <tud_task_ext+0x222>
1000834e:	4653      	mov	r3, sl
10008350:	681b      	ldr	r3, [r3, #0]
10008352:	016a      	lsls	r2, r5, #5
10008354:	189b      	adds	r3, r3, r2
10008356:	2b00      	cmp	r3, #0
10008358:	d055      	beq.n	10008406 <tud_task_ext+0x2ba>
1000835a:	68db      	ldr	r3, [r3, #12]
1000835c:	0030      	movs	r0, r6
1000835e:	4798      	blx	r3
10008360:	783a      	ldrb	r2, [r7, #0]
10008362:	3501      	adds	r5, #1
10008364:	b2ed      	uxtb	r5, r5
10008366:	1c51      	adds	r1, r2, #1
10008368:	002b      	movs	r3, r5
1000836a:	428d      	cmp	r5, r1
1000836c:	dc07      	bgt.n	1000837e <tud_task_ext+0x232>
1000836e:	4295      	cmp	r5, r2
10008370:	d3ed      	bcc.n	1000834e <tud_task_ext+0x202>
10008372:	1a9b      	subs	r3, r3, r2
10008374:	9a00      	ldr	r2, [sp, #0]
10008376:	015b      	lsls	r3, r3, #5
10008378:	4694      	mov	ip, r2
1000837a:	4463      	add	r3, ip
1000837c:	e7ed      	b.n	1000835a <tud_task_ext+0x20e>
1000837e:	9d01      	ldr	r5, [sp, #4]
10008380:	2254      	movs	r2, #84	@ 0x54
10008382:	2100      	movs	r1, #0
10008384:	0028      	movs	r0, r5
10008386:	f7fd fa4d 	bl	10005824 <__wrap_memset>
1000838a:	2210      	movs	r2, #16
1000838c:	21ff      	movs	r1, #255	@ 0xff
1000838e:	4844      	ldr	r0, [pc, #272]	@ (100084a0 <tud_task_ext+0x354>)
10008390:	f7fd fa48 	bl	10005824 <__wrap_memset>
10008394:	0028      	movs	r0, r5
10008396:	2220      	movs	r2, #32
10008398:	21ff      	movs	r1, #255	@ 0xff
1000839a:	3014      	adds	r0, #20
1000839c:	464e      	mov	r6, r9
1000839e:	465f      	mov	r7, fp
100083a0:	f7fd fa40 	bl	10005824 <__wrap_memset>
100083a4:	f000 fbf2 	bl	10008b8c <usbd_control_reset>
100083a8:	f7ff fe40 	bl	1000802c <tud_umount_cb>
100083ac:	e6e4      	b.n	10008178 <tud_task_ext+0x2c>
100083ae:	4d36      	ldr	r5, [pc, #216]	@ (10008488 <tud_task_ext+0x33c>)
100083b0:	2254      	movs	r2, #84	@ 0x54
100083b2:	2100      	movs	r1, #0
100083b4:	0028      	movs	r0, r5
100083b6:	f7fd fa35 	bl	10005824 <__wrap_memset>
100083ba:	2210      	movs	r2, #16
100083bc:	21ff      	movs	r1, #255	@ 0xff
100083be:	1d28      	adds	r0, r5, #4
100083c0:	f7fd fa30 	bl	10005824 <__wrap_memset>
100083c4:	0028      	movs	r0, r5
100083c6:	2220      	movs	r2, #32
100083c8:	21ff      	movs	r1, #255	@ 0xff
100083ca:	3014      	adds	r0, #20
100083cc:	4646      	mov	r6, r8
100083ce:	464f      	mov	r7, r9
100083d0:	f7fd fa28 	bl	10005824 <__wrap_memset>
100083d4:	f000 fbda 	bl	10008b8c <usbd_control_reset>
100083d8:	7923      	ldrb	r3, [r4, #4]
100083da:	70ab      	strb	r3, [r5, #2]
100083dc:	e6cc      	b.n	10008178 <tud_task_ext+0x2c>
100083de:	1c50      	adds	r0, r2, #1
100083e0:	4298      	cmp	r0, r3
100083e2:	da13      	bge.n	1000840c <tud_task_ext+0x2c0>
100083e4:	b011      	add	sp, #68	@ 0x44
100083e6:	bcf0      	pop	{r4, r5, r6, r7}
100083e8:	46bb      	mov	fp, r7
100083ea:	46b2      	mov	sl, r6
100083ec:	46a9      	mov	r9, r5
100083ee:	46a0      	mov	r8, r4
100083f0:	bdf0      	pop	{r4, r5, r6, r7, pc}
100083f2:	68a3      	ldr	r3, [r4, #8]
100083f4:	7962      	ldrb	r2, [r4, #5]
100083f6:	7820      	ldrb	r0, [r4, #0]
100083f8:	f000 fbe6 	bl	10008bc8 <usbd_control_xfer_cb>
100083fc:	e6bc      	b.n	10008178 <tud_task_ext+0x2c>
100083fe:	4646      	mov	r6, r8
10008400:	464f      	mov	r7, r9
10008402:	4d21      	ldr	r5, [pc, #132]	@ (10008488 <tud_task_ext+0x33c>)
10008404:	e7e6      	b.n	100083d4 <tud_task_ext+0x288>
10008406:	464e      	mov	r6, r9
10008408:	465f      	mov	r7, fp
1000840a:	e7cb      	b.n	100083a4 <tud_task_ext+0x258>
1000840c:	4d1f      	ldr	r5, [pc, #124]	@ (1000848c <tud_task_ext+0x340>)
1000840e:	1a9b      	subs	r3, r3, r2
10008410:	015b      	lsls	r3, r3, #5
10008412:	195d      	adds	r5, r3, r5
10008414:	e6fa      	b.n	1000820c <tud_task_ext+0xc0>
10008416:	2370      	movs	r3, #112	@ 0x70
10008418:	7a21      	ldrb	r1, [r4, #8]
1000841a:	420b      	tst	r3, r1
1000841c:	d118      	bne.n	10008450 <tud_task_ext+0x304>
1000841e:	09c8      	lsrs	r0, r1, #7
10008420:	4682      	mov	sl, r0
10008422:	330f      	adds	r3, #15
10008424:	400b      	ands	r3, r1
10008426:	005b      	lsls	r3, r3, #1
10008428:	4698      	mov	r8, r3
1000842a:	4819      	ldr	r0, [pc, #100]	@ (10008490 <tud_task_ext+0x344>)
1000842c:	18eb      	adds	r3, r5, r3
1000842e:	4453      	add	r3, sl
10008430:	7d1b      	ldrb	r3, [r3, #20]
10008432:	7800      	ldrb	r0, [r0, #0]
10008434:	4699      	mov	r9, r3
10008436:	4283      	cmp	r3, r0
10008438:	d266      	bcs.n	10008508 <tud_task_ext+0x3bc>
1000843a:	4816      	ldr	r0, [pc, #88]	@ (10008494 <tud_task_ext+0x348>)
1000843c:	015b      	lsls	r3, r3, #5
1000843e:	6800      	ldr	r0, [r0, #0]
10008440:	4681      	mov	r9, r0
10008442:	4499      	add	r9, r3
10008444:	2a00      	cmp	r2, #0
10008446:	d100      	bne.n	1000844a <tud_task_ext+0x2fe>
10008448:	e15f      	b.n	1000870a <tud_task_ext+0x5be>
1000844a:	464b      	mov	r3, r9
1000844c:	2b00      	cmp	r3, #0
1000844e:	d168      	bne.n	10008522 <tud_task_ext+0x3d6>
10008450:	7820      	ldrb	r0, [r4, #0]
10008452:	2100      	movs	r1, #0
10008454:	f7ff fd6a 	bl	10007f2c <dcd_edpt_stall>
10008458:	2180      	movs	r1, #128	@ 0x80
1000845a:	7820      	ldrb	r0, [r4, #0]
1000845c:	f7ff fd66 	bl	10007f2c <dcd_edpt_stall>
10008460:	e68a      	b.n	10008178 <tud_task_ext+0x2c>
10008462:	4810      	ldr	r0, [pc, #64]	@ (100084a4 <tud_task_ext+0x358>)
10008464:	f000 fb9c 	bl	10008ba0 <usbd_control_set_complete_callback>
10008468:	2101      	movs	r1, #1
1000846a:	4658      	mov	r0, fp
1000846c:	aa0e      	add	r2, sp, #56	@ 0x38
1000846e:	f7ff f8cd 	bl	1000760c <tud_vendor_control_xfer_cb>
10008472:	2800      	cmp	r0, #0
10008474:	d000      	beq.n	10008478 <tud_task_ext+0x32c>
10008476:	e67f      	b.n	10008178 <tud_task_ext+0x2c>
10008478:	e7ea      	b.n	10008450 <tud_task_ext+0x304>
1000847a:	46c0      	nop			@ (mov r8, r8)
1000847c:	20001084 	.word	0x20001084
10008480:	1000d78c 	.word	0x1000d78c
10008484:	200017dc 	.word	0x200017dc
10008488:	20001784 	.word	0x20001784
1000848c:	1000d834 	.word	0x1000d834
10008490:	20002141 	.word	0x20002141
10008494:	200015d4 	.word	0x200015d4
10008498:	20002143 	.word	0x20002143
1000849c:	1000d7b0 	.word	0x1000d7b0
100084a0:	20001788 	.word	0x20001788
100084a4:	1000760d 	.word	0x1000760d
100084a8:	7a23      	ldrb	r3, [r4, #8]
100084aa:	2b0f      	cmp	r3, #15
100084ac:	d8d0      	bhi.n	10008450 <tud_task_ext+0x304>
100084ae:	4acf      	ldr	r2, [pc, #828]	@ (100087ec <tud_task_ext+0x6a0>)
100084b0:	18eb      	adds	r3, r5, r3
100084b2:	791b      	ldrb	r3, [r3, #4]
100084b4:	7815      	ldrb	r5, [r2, #0]
100084b6:	42ab      	cmp	r3, r5
100084b8:	d33e      	bcc.n	10008538 <tud_task_ext+0x3ec>
100084ba:	1c69      	adds	r1, r5, #1
100084bc:	4299      	cmp	r1, r3
100084be:	dbc7      	blt.n	10008450 <tud_task_ext+0x304>
100084c0:	1b5d      	subs	r5, r3, r5
100084c2:	4bcb      	ldr	r3, [pc, #812]	@ (100087f0 <tud_task_ext+0x6a4>)
100084c4:	016d      	lsls	r5, r5, #5
100084c6:	18ed      	adds	r5, r5, r3
100084c8:	6968      	ldr	r0, [r5, #20]
100084ca:	f000 fb69 	bl	10008ba0 <usbd_control_set_complete_callback>
100084ce:	2101      	movs	r1, #1
100084d0:	4658      	mov	r0, fp
100084d2:	696b      	ldr	r3, [r5, #20]
100084d4:	aa0e      	add	r2, sp, #56	@ 0x38
100084d6:	4798      	blx	r3
100084d8:	2800      	cmp	r0, #0
100084da:	d000      	beq.n	100084de <tud_task_ext+0x392>
100084dc:	e64c      	b.n	10008178 <tud_task_ext+0x2c>
100084de:	2260      	movs	r2, #96	@ 0x60
100084e0:	0015      	movs	r5, r2
100084e2:	7923      	ldrb	r3, [r4, #4]
100084e4:	401d      	ands	r5, r3
100084e6:	421a      	tst	r2, r3
100084e8:	d1b2      	bne.n	10008450 <tud_task_ext+0x304>
100084ea:	7963      	ldrb	r3, [r4, #5]
100084ec:	3b0a      	subs	r3, #10
100084ee:	2b01      	cmp	r3, #1
100084f0:	d8ae      	bhi.n	10008450 <tud_task_ext+0x304>
100084f2:	f000 fb55 	bl	10008ba0 <usbd_control_set_complete_callback>
100084f6:	7963      	ldrb	r3, [r4, #5]
100084f8:	2b0a      	cmp	r3, #10
100084fa:	d100      	bne.n	100084fe <tud_task_ext+0x3b2>
100084fc:	e199      	b.n	10008832 <tud_task_ext+0x6e6>
100084fe:	4658      	mov	r0, fp
10008500:	a90e      	add	r1, sp, #56	@ 0x38
10008502:	f000 fad9 	bl	10008ab8 <tud_control_status>
10008506:	e637      	b.n	10008178 <tud_task_ext+0x2c>
10008508:	1c43      	adds	r3, r0, #1
1000850a:	454b      	cmp	r3, r9
1000850c:	da00      	bge.n	10008510 <tud_task_ext+0x3c4>
1000850e:	e0f7      	b.n	10008700 <tud_task_ext+0x5b4>
10008510:	464b      	mov	r3, r9
10008512:	1a1b      	subs	r3, r3, r0
10008514:	015b      	lsls	r3, r3, #5
10008516:	4699      	mov	r9, r3
10008518:	48b5      	ldr	r0, [pc, #724]	@ (100087f0 <tud_task_ext+0x6a4>)
1000851a:	4481      	add	r9, r0
1000851c:	2a00      	cmp	r2, #0
1000851e:	d100      	bne.n	10008522 <tud_task_ext+0x3d6>
10008520:	e0f3      	b.n	1000870a <tud_task_ext+0x5be>
10008522:	464b      	mov	r3, r9
10008524:	6958      	ldr	r0, [r3, #20]
10008526:	f000 fb3b 	bl	10008ba0 <usbd_control_set_complete_callback>
1000852a:	464b      	mov	r3, r9
1000852c:	2101      	movs	r1, #1
1000852e:	4658      	mov	r0, fp
10008530:	695b      	ldr	r3, [r3, #20]
10008532:	aa0e      	add	r2, sp, #56	@ 0x38
10008534:	4798      	blx	r3
10008536:	e79c      	b.n	10008472 <tud_task_ext+0x326>
10008538:	4aae      	ldr	r2, [pc, #696]	@ (100087f4 <tud_task_ext+0x6a8>)
1000853a:	015b      	lsls	r3, r3, #5
1000853c:	6815      	ldr	r5, [r2, #0]
1000853e:	18ed      	adds	r5, r5, r3
10008540:	2d00      	cmp	r5, #0
10008542:	d1c1      	bne.n	100084c8 <tud_task_ext+0x37c>
10008544:	e784      	b.n	10008450 <tud_task_ext+0x304>
10008546:	79a3      	ldrb	r3, [r4, #6]
10008548:	4699      	mov	r9, r3
1000854a:	786b      	ldrb	r3, [r5, #1]
1000854c:	4599      	cmp	r9, r3
1000854e:	d0d6      	beq.n	100084fe <tud_task_ext+0x3b2>
10008550:	786b      	ldrb	r3, [r5, #1]
10008552:	2b00      	cmp	r3, #0
10008554:	d000      	beq.n	10008558 <tud_task_ext+0x40c>
10008556:	e133      	b.n	100087c0 <tud_task_ext+0x674>
10008558:	464b      	mov	r3, r9
1000855a:	706b      	strb	r3, [r5, #1]
1000855c:	2b00      	cmp	r3, #0
1000855e:	d100      	bne.n	10008562 <tud_task_ext+0x416>
10008560:	e12b      	b.n	100087ba <tud_task_ext+0x66e>
10008562:	4648      	mov	r0, r9
10008564:	3801      	subs	r0, #1
10008566:	b2c0      	uxtb	r0, r0
10008568:	f7ff fa92 	bl	10007a90 <tud_descriptor_configuration_cb>
1000856c:	2800      	cmp	r0, #0
1000856e:	d100      	bne.n	10008572 <tud_task_ext+0x426>
10008570:	e17e      	b.n	10008870 <tud_task_ext+0x724>
10008572:	7843      	ldrb	r3, [r0, #1]
10008574:	9307      	str	r3, [sp, #28]
10008576:	2b02      	cmp	r3, #2
10008578:	d000      	beq.n	1000857c <tud_task_ext+0x430>
1000857a:	e179      	b.n	10008870 <tud_task_ext+0x724>
1000857c:	2201      	movs	r2, #1
1000857e:	79c1      	ldrb	r1, [r0, #7]
10008580:	46b1      	mov	r9, r6
10008582:	118b      	asrs	r3, r1, #6
10008584:	1149      	asrs	r1, r1, #5
10008586:	4013      	ands	r3, r2
10008588:	400a      	ands	r2, r1
1000858a:	2130      	movs	r1, #48	@ 0x30
1000858c:	0112      	lsls	r2, r2, #4
1000858e:	015b      	lsls	r3, r3, #5
10008590:	4313      	orrs	r3, r2
10008592:	782a      	ldrb	r2, [r5, #0]
10008594:	46a8      	mov	r8, r5
10008596:	438a      	bics	r2, r1
10008598:	4313      	orrs	r3, r2
1000859a:	702b      	strb	r3, [r5, #0]
1000859c:	2309      	movs	r3, #9
1000859e:	469a      	mov	sl, r3
100085a0:	4482      	add	sl, r0
100085a2:	4656      	mov	r6, sl
100085a4:	46ba      	mov	sl, r7
100085a6:	78c3      	ldrb	r3, [r0, #3]
100085a8:	7882      	ldrb	r2, [r0, #2]
100085aa:	021b      	lsls	r3, r3, #8
100085ac:	4313      	orrs	r3, r2
100085ae:	18c3      	adds	r3, r0, r3
100085b0:	9305      	str	r3, [sp, #20]
100085b2:	4b8e      	ldr	r3, [pc, #568]	@ (100087ec <tud_task_ext+0x6a0>)
100085b4:	9304      	str	r3, [sp, #16]
100085b6:	4b8e      	ldr	r3, [pc, #568]	@ (100087f0 <tud_task_ext+0x6a4>)
100085b8:	9308      	str	r3, [sp, #32]
100085ba:	4b8e      	ldr	r3, [pc, #568]	@ (100087f4 <tud_task_ext+0x6a8>)
100085bc:	9309      	str	r3, [sp, #36]	@ 0x24
100085be:	4b8e      	ldr	r3, [pc, #568]	@ (100087f8 <tud_task_ext+0x6ac>)
100085c0:	930a      	str	r3, [sp, #40]	@ 0x28
100085c2:	9b05      	ldr	r3, [sp, #20]
100085c4:	42b3      	cmp	r3, r6
100085c6:	d800      	bhi.n	100085ca <tud_task_ext+0x47e>
100085c8:	e155      	b.n	10008876 <tud_task_ext+0x72a>
100085ca:	7873      	ldrb	r3, [r6, #1]
100085cc:	2201      	movs	r2, #1
100085ce:	2b0b      	cmp	r3, #11
100085d0:	d103      	bne.n	100085da <tud_task_ext+0x48e>
100085d2:	7833      	ldrb	r3, [r6, #0]
100085d4:	78f2      	ldrb	r2, [r6, #3]
100085d6:	18f6      	adds	r6, r6, r3
100085d8:	7873      	ldrb	r3, [r6, #1]
100085da:	2b04      	cmp	r3, #4
100085dc:	d000      	beq.n	100085e0 <tud_task_ext+0x494>
100085de:	e144      	b.n	1000886a <tud_task_ext+0x71e>
100085e0:	9b05      	ldr	r3, [sp, #20]
100085e2:	2700      	movs	r7, #0
100085e4:	1b9b      	subs	r3, r3, r6
100085e6:	b29b      	uxth	r3, r3
100085e8:	9306      	str	r3, [sp, #24]
100085ea:	9b04      	ldr	r3, [sp, #16]
100085ec:	920b      	str	r2, [sp, #44]	@ 0x2c
100085ee:	781d      	ldrb	r5, [r3, #0]
100085f0:	2300      	movs	r3, #0
100085f2:	9303      	str	r3, [sp, #12]
100085f4:	e01b      	b.n	1000862e <tud_task_ext+0x4e2>
100085f6:	9a09      	ldr	r2, [sp, #36]	@ 0x24
100085f8:	017b      	lsls	r3, r7, #5
100085fa:	6815      	ldr	r5, [r2, #0]
100085fc:	18ed      	adds	r5, r5, r3
100085fe:	2d00      	cmp	r5, #0
10008600:	d100      	bne.n	10008604 <tud_task_ext+0x4b8>
10008602:	e132      	b.n	1000886a <tud_task_ext+0x71e>
10008604:	0031      	movs	r1, r6
10008606:	4658      	mov	r0, fp
10008608:	692b      	ldr	r3, [r5, #16]
1000860a:	9a06      	ldr	r2, [sp, #24]
1000860c:	4798      	blx	r3
1000860e:	4684      	mov	ip, r0
10008610:	2808      	cmp	r0, #8
10008612:	d903      	bls.n	1000861c <tud_task_ext+0x4d0>
10008614:	9a06      	ldr	r2, [sp, #24]
10008616:	4282      	cmp	r2, r0
10008618:	d300      	bcc.n	1000861c <tud_task_ext+0x4d0>
1000861a:	e113      	b.n	10008844 <tud_task_ext+0x6f8>
1000861c:	9b04      	ldr	r3, [sp, #16]
1000861e:	3701      	adds	r7, #1
10008620:	781d      	ldrb	r5, [r3, #0]
10008622:	b2ff      	uxtb	r7, r7
10008624:	1c6b      	adds	r3, r5, #1
10008626:	9703      	str	r7, [sp, #12]
10008628:	429f      	cmp	r7, r3
1000862a:	dd00      	ble.n	1000862e <tud_task_ext+0x4e2>
1000862c:	e11d      	b.n	1000886a <tud_task_ext+0x71e>
1000862e:	42bd      	cmp	r5, r7
10008630:	d8e1      	bhi.n	100085f6 <tud_task_ext+0x4aa>
10008632:	9b03      	ldr	r3, [sp, #12]
10008634:	1b5d      	subs	r5, r3, r5
10008636:	9b08      	ldr	r3, [sp, #32]
10008638:	016d      	lsls	r5, r5, #5
1000863a:	469c      	mov	ip, r3
1000863c:	4465      	add	r5, ip
1000863e:	e7e1      	b.n	10008604 <tud_task_ext+0x4b8>
10008640:	786b      	ldrb	r3, [r5, #1]
10008642:	aa0c      	add	r2, sp, #48	@ 0x30
10008644:	3202      	adds	r2, #2
10008646:	7013      	strb	r3, [r2, #0]
10008648:	4658      	mov	r0, fp
1000864a:	2301      	movs	r3, #1
1000864c:	a90e      	add	r1, sp, #56	@ 0x38
1000864e:	f000 fa49 	bl	10008ae4 <tud_control_xfer>
10008652:	e591      	b.n	10008178 <tud_task_ext+0x2c>
10008654:	88e3      	ldrh	r3, [r4, #6]
10008656:	0a1a      	lsrs	r2, r3, #8
10008658:	b2d8      	uxtb	r0, r3
1000865a:	2a0f      	cmp	r2, #15
1000865c:	d900      	bls.n	10008660 <tud_task_ext+0x514>
1000865e:	e6f7      	b.n	10008450 <tud_task_ext+0x304>
10008660:	4966      	ldr	r1, [pc, #408]	@ (100087fc <tud_task_ext+0x6b0>)
10008662:	0093      	lsls	r3, r2, #2
10008664:	58cb      	ldr	r3, [r1, r3]
10008666:	469f      	mov	pc, r3
10008668:	a80e      	add	r0, sp, #56	@ 0x38
1000866a:	f000 fa9f 	bl	10008bac <usbd_control_set_request>
1000866e:	4658      	mov	r0, fp
10008670:	79a1      	ldrb	r1, [r4, #6]
10008672:	f7ff fb95 	bl	10007da0 <dcd_set_address>
10008676:	2202      	movs	r2, #2
10008678:	782b      	ldrb	r3, [r5, #0]
1000867a:	4313      	orrs	r3, r2
1000867c:	702b      	strb	r3, [r5, #0]
1000867e:	e57b      	b.n	10008178 <tud_task_ext+0x2c>
10008680:	88e3      	ldrh	r3, [r4, #6]
10008682:	2b01      	cmp	r3, #1
10008684:	d000      	beq.n	10008688 <tud_task_ext+0x53c>
10008686:	e6e3      	b.n	10008450 <tud_task_ext+0x304>
10008688:	2208      	movs	r2, #8
1000868a:	782b      	ldrb	r3, [r5, #0]
1000868c:	4658      	mov	r0, fp
1000868e:	4393      	bics	r3, r2
10008690:	a90e      	add	r1, sp, #56	@ 0x38
10008692:	702b      	strb	r3, [r5, #0]
10008694:	f000 fa10 	bl	10008ab8 <tud_control_status>
10008698:	e56e      	b.n	10008178 <tud_task_ext+0x2c>
1000869a:	2002      	movs	r0, #2
1000869c:	7829      	ldrb	r1, [r5, #0]
1000869e:	ab0c      	add	r3, sp, #48	@ 0x30
100086a0:	1c9a      	adds	r2, r3, #2
100086a2:	068b      	lsls	r3, r1, #26
100086a4:	0889      	lsrs	r1, r1, #2
100086a6:	0fdb      	lsrs	r3, r3, #31
100086a8:	4001      	ands	r1, r0
100086aa:	430b      	orrs	r3, r1
100086ac:	8013      	strh	r3, [r2, #0]
100086ae:	4658      	mov	r0, fp
100086b0:	2302      	movs	r3, #2
100086b2:	a90e      	add	r1, sp, #56	@ 0x38
100086b4:	f000 fa16 	bl	10008ae4 <tud_control_xfer>
100086b8:	e55e      	b.n	10008178 <tud_task_ext+0x2c>
100086ba:	88e3      	ldrh	r3, [r4, #6]
100086bc:	2b01      	cmp	r3, #1
100086be:	d000      	beq.n	100086c2 <tud_task_ext+0x576>
100086c0:	e6c6      	b.n	10008450 <tud_task_ext+0x304>
100086c2:	2208      	movs	r2, #8
100086c4:	782b      	ldrb	r3, [r5, #0]
100086c6:	4313      	orrs	r3, r2
100086c8:	702b      	strb	r3, [r5, #0]
100086ca:	e718      	b.n	100084fe <tud_task_ext+0x3b2>
100086cc:	7a23      	ldrb	r3, [r4, #8]
100086ce:	2b0f      	cmp	r3, #15
100086d0:	d900      	bls.n	100086d4 <tud_task_ext+0x588>
100086d2:	e6bd      	b.n	10008450 <tud_task_ext+0x304>
100086d4:	18eb      	adds	r3, r5, r3
100086d6:	791d      	ldrb	r5, [r3, #4]
100086d8:	4b44      	ldr	r3, [pc, #272]	@ (100087ec <tud_task_ext+0x6a0>)
100086da:	781b      	ldrb	r3, [r3, #0]
100086dc:	429d      	cmp	r5, r3
100086de:	d228      	bcs.n	10008732 <tud_task_ext+0x5e6>
100086e0:	4b44      	ldr	r3, [pc, #272]	@ (100087f4 <tud_task_ext+0x6a8>)
100086e2:	016d      	lsls	r5, r5, #5
100086e4:	681b      	ldr	r3, [r3, #0]
100086e6:	195d      	adds	r5, r3, r5
100086e8:	2d00      	cmp	r5, #0
100086ea:	d100      	bne.n	100086ee <tud_task_ext+0x5a2>
100086ec:	e6b0      	b.n	10008450 <tud_task_ext+0x304>
100086ee:	6968      	ldr	r0, [r5, #20]
100086f0:	f000 fa56 	bl	10008ba0 <usbd_control_set_complete_callback>
100086f4:	2101      	movs	r1, #1
100086f6:	4658      	mov	r0, fp
100086f8:	696b      	ldr	r3, [r5, #20]
100086fa:	aa0e      	add	r2, sp, #56	@ 0x38
100086fc:	4798      	blx	r3
100086fe:	e6b8      	b.n	10008472 <tud_task_ext+0x326>
10008700:	2a00      	cmp	r2, #0
10008702:	d000      	beq.n	10008706 <tud_task_ext+0x5ba>
10008704:	e6a4      	b.n	10008450 <tud_task_ext+0x304>
10008706:	2300      	movs	r3, #0
10008708:	4699      	mov	r9, r3
1000870a:	7962      	ldrb	r2, [r4, #5]
1000870c:	2002      	movs	r0, #2
1000870e:	0013      	movs	r3, r2
10008710:	9203      	str	r2, [sp, #12]
10008712:	4383      	bics	r3, r0
10008714:	2b01      	cmp	r3, #1
10008716:	d015      	beq.n	10008744 <tud_task_ext+0x5f8>
10008718:	2a00      	cmp	r2, #0
1000871a:	d000      	beq.n	1000871e <tud_task_ext+0x5d2>
1000871c:	e698      	b.n	10008450 <tud_task_ext+0x304>
1000871e:	002b      	movs	r3, r5
10008720:	4443      	add	r3, r8
10008722:	4453      	add	r3, sl
10008724:	3330      	adds	r3, #48	@ 0x30
10008726:	791b      	ldrb	r3, [r3, #4]
10008728:	aa0c      	add	r2, sp, #48	@ 0x30
1000872a:	079b      	lsls	r3, r3, #30
1000872c:	0fdb      	lsrs	r3, r3, #31
1000872e:	3202      	adds	r2, #2
10008730:	e7bc      	b.n	100086ac <tud_task_ext+0x560>
10008732:	1c5a      	adds	r2, r3, #1
10008734:	42aa      	cmp	r2, r5
10008736:	da00      	bge.n	1000873a <tud_task_ext+0x5ee>
10008738:	e68a      	b.n	10008450 <tud_task_ext+0x304>
1000873a:	1aed      	subs	r5, r5, r3
1000873c:	4b2c      	ldr	r3, [pc, #176]	@ (100087f0 <tud_task_ext+0x6a4>)
1000873e:	016d      	lsls	r5, r5, #5
10008740:	18ed      	adds	r5, r5, r3
10008742:	e7d4      	b.n	100086ee <tud_task_ext+0x5a2>
10008744:	88e3      	ldrh	r3, [r4, #6]
10008746:	2b00      	cmp	r3, #0
10008748:	d112      	bne.n	10008770 <tud_task_ext+0x624>
1000874a:	9b02      	ldr	r3, [sp, #8]
1000874c:	7818      	ldrb	r0, [r3, #0]
1000874e:	9b03      	ldr	r3, [sp, #12]
10008750:	2b01      	cmp	r3, #1
10008752:	d023      	beq.n	1000879c <tud_task_ext+0x650>
10008754:	f7ff fbea 	bl	10007f2c <dcd_edpt_stall>
10008758:	4643      	mov	r3, r8
1000875a:	2102      	movs	r1, #2
1000875c:	18eb      	adds	r3, r5, r3
1000875e:	4453      	add	r3, sl
10008760:	3330      	adds	r3, #48	@ 0x30
10008762:	791a      	ldrb	r2, [r3, #4]
10008764:	430a      	orrs	r2, r1
10008766:	2101      	movs	r1, #1
10008768:	711a      	strb	r2, [r3, #4]
1000876a:	791a      	ldrb	r2, [r3, #4]
1000876c:	430a      	orrs	r2, r1
1000876e:	711a      	strb	r2, [r3, #4]
10008770:	464b      	mov	r3, r9
10008772:	2b00      	cmp	r3, #0
10008774:	d100      	bne.n	10008778 <tud_task_ext+0x62c>
10008776:	e4ff      	b.n	10008178 <tud_task_ext+0x2c>
10008778:	6958      	ldr	r0, [r3, #20]
1000877a:	f000 fa11 	bl	10008ba0 <usbd_control_set_complete_callback>
1000877e:	464b      	mov	r3, r9
10008780:	2101      	movs	r1, #1
10008782:	695b      	ldr	r3, [r3, #20]
10008784:	aa0e      	add	r2, sp, #56	@ 0x38
10008786:	4658      	mov	r0, fp
10008788:	4798      	blx	r3
1000878a:	2000      	movs	r0, #0
1000878c:	f000 fa08 	bl	10008ba0 <usbd_control_set_complete_callback>
10008790:	2335      	movs	r3, #53	@ 0x35
10008792:	5ceb      	ldrb	r3, [r5, r3]
10008794:	07db      	lsls	r3, r3, #31
10008796:	d500      	bpl.n	1000879a <tud_task_ext+0x64e>
10008798:	e4ee      	b.n	10008178 <tud_task_ext+0x2c>
1000879a:	e6b0      	b.n	100084fe <tud_task_ext+0x3b2>
1000879c:	f7ff fbe4 	bl	10007f68 <dcd_edpt_clear_stall>
100087a0:	4643      	mov	r3, r8
100087a2:	2102      	movs	r1, #2
100087a4:	18eb      	adds	r3, r5, r3
100087a6:	4453      	add	r3, sl
100087a8:	3330      	adds	r3, #48	@ 0x30
100087aa:	791a      	ldrb	r2, [r3, #4]
100087ac:	438a      	bics	r2, r1
100087ae:	711a      	strb	r2, [r3, #4]
100087b0:	791a      	ldrb	r2, [r3, #4]
100087b2:	9903      	ldr	r1, [sp, #12]
100087b4:	438a      	bics	r2, r1
100087b6:	711a      	strb	r2, [r3, #4]
100087b8:	e7da      	b.n	10008770 <tud_task_ext+0x624>
100087ba:	f7ff fc37 	bl	1000802c <tud_umount_cb>
100087be:	e69e      	b.n	100084fe <tud_task_ext+0x3b2>
100087c0:	2100      	movs	r1, #0
100087c2:	4658      	mov	r0, fp
100087c4:	f7ff faf6 	bl	10007db4 <dcd_sof_enable>
100087c8:	4658      	mov	r0, fp
100087ca:	f7ff fb99 	bl	10007f00 <dcd_edpt_close_all>
100087ce:	78ab      	ldrb	r3, [r5, #2]
100087d0:	4907      	ldr	r1, [pc, #28]	@ (100087f0 <tud_task_ext+0x6a4>)
100087d2:	9303      	str	r3, [sp, #12]
100087d4:	9104      	str	r1, [sp, #16]
100087d6:	4b05      	ldr	r3, [pc, #20]	@ (100087ec <tud_task_ext+0x6a0>)
100087d8:	4906      	ldr	r1, [pc, #24]	@ (100087f4 <tud_task_ext+0x6a8>)
100087da:	4698      	mov	r8, r3
100087dc:	781a      	ldrb	r2, [r3, #0]
100087de:	9105      	str	r1, [sp, #20]
100087e0:	2300      	movs	r3, #0
100087e2:	0029      	movs	r1, r5
100087e4:	001d      	movs	r5, r3
100087e6:	468a      	mov	sl, r1
100087e8:	e01b      	b.n	10008822 <tud_task_ext+0x6d6>
100087ea:	46c0      	nop			@ (mov r8, r8)
100087ec:	20002141 	.word	0x20002141
100087f0:	1000d834 	.word	0x1000d834
100087f4:	200015d4 	.word	0x200015d4
100087f8:	20001798 	.word	0x20001798
100087fc:	1000d7d8 	.word	0x1000d7d8
10008800:	9b05      	ldr	r3, [sp, #20]
10008802:	016a      	lsls	r2, r5, #5
10008804:	681b      	ldr	r3, [r3, #0]
10008806:	189b      	adds	r3, r3, r2
10008808:	2b00      	cmp	r3, #0
1000880a:	d04d      	beq.n	100088a8 <tud_task_ext+0x75c>
1000880c:	68db      	ldr	r3, [r3, #12]
1000880e:	4658      	mov	r0, fp
10008810:	4798      	blx	r3
10008812:	4643      	mov	r3, r8
10008814:	781a      	ldrb	r2, [r3, #0]
10008816:	3501      	adds	r5, #1
10008818:	b2ed      	uxtb	r5, r5
1000881a:	1c51      	adds	r1, r2, #1
1000881c:	002b      	movs	r3, r5
1000881e:	428d      	cmp	r5, r1
10008820:	dc2e      	bgt.n	10008880 <tud_task_ext+0x734>
10008822:	4295      	cmp	r5, r2
10008824:	d3ec      	bcc.n	10008800 <tud_task_ext+0x6b4>
10008826:	1a9b      	subs	r3, r3, r2
10008828:	9a04      	ldr	r2, [sp, #16]
1000882a:	015b      	lsls	r3, r3, #5
1000882c:	4694      	mov	ip, r2
1000882e:	4463      	add	r3, ip
10008830:	e7ec      	b.n	1000880c <tud_task_ext+0x6c0>
10008832:	ab0c      	add	r3, sp, #48	@ 0x30
10008834:	1c9a      	adds	r2, r3, #2
10008836:	4658      	mov	r0, fp
10008838:	2301      	movs	r3, #1
1000883a:	a90e      	add	r1, sp, #56	@ 0x38
1000883c:	7015      	strb	r5, [r2, #0]
1000883e:	f000 f951 	bl	10008ae4 <tud_control_xfer>
10008842:	e499      	b.n	10008178 <tud_task_ext+0x2c>
10008844:	9a0b      	ldr	r2, [sp, #44]	@ 0x2c
10008846:	2a01      	cmp	r2, #1
10008848:	d04f      	beq.n	100088ea <tud_task_ext+0x79e>
1000884a:	2a00      	cmp	r2, #0
1000884c:	d03c      	beq.n	100088c8 <tud_task_ext+0x77c>
1000884e:	2300      	movs	r3, #0
10008850:	78b0      	ldrb	r0, [r6, #2]
10008852:	e004      	b.n	1000885e <tud_task_ext+0x712>
10008854:	3301      	adds	r3, #1
10008856:	b2db      	uxtb	r3, r3
10008858:	710f      	strb	r7, [r1, #4]
1000885a:	4293      	cmp	r3, r2
1000885c:	d234      	bcs.n	100088c8 <tud_task_ext+0x77c>
1000885e:	18c1      	adds	r1, r0, r3
10008860:	b2c9      	uxtb	r1, r1
10008862:	4441      	add	r1, r8
10008864:	790d      	ldrb	r5, [r1, #4]
10008866:	2dff      	cmp	r5, #255	@ 0xff
10008868:	d0f4      	beq.n	10008854 <tud_task_ext+0x708>
1000886a:	464e      	mov	r6, r9
1000886c:	4645      	mov	r5, r8
1000886e:	4657      	mov	r7, sl
10008870:	2300      	movs	r3, #0
10008872:	706b      	strb	r3, [r5, #1]
10008874:	e5ec      	b.n	10008450 <tud_task_ext+0x304>
10008876:	464e      	mov	r6, r9
10008878:	4657      	mov	r7, sl
1000887a:	f7ff fbd5 	bl	10008028 <tud_mount_cb>
1000887e:	e63e      	b.n	100084fe <tud_task_ext+0x3b2>
10008880:	4655      	mov	r5, sl
10008882:	2254      	movs	r2, #84	@ 0x54
10008884:	2100      	movs	r1, #0
10008886:	0028      	movs	r0, r5
10008888:	f7fc ffcc 	bl	10005824 <__wrap_memset>
1000888c:	2210      	movs	r2, #16
1000888e:	21ff      	movs	r1, #255	@ 0xff
10008890:	1d28      	adds	r0, r5, #4
10008892:	f7fc ffc7 	bl	10005824 <__wrap_memset>
10008896:	0028      	movs	r0, r5
10008898:	2220      	movs	r2, #32
1000889a:	21ff      	movs	r1, #255	@ 0xff
1000889c:	3014      	adds	r0, #20
1000889e:	f7fc ffc1 	bl	10005824 <__wrap_memset>
100088a2:	9b03      	ldr	r3, [sp, #12]
100088a4:	70ab      	strb	r3, [r5, #2]
100088a6:	e657      	b.n	10008558 <tud_task_ext+0x40c>
100088a8:	4655      	mov	r5, sl
100088aa:	e7fa      	b.n	100088a2 <tud_task_ext+0x756>
100088ac:	f7fe feaa 	bl	10007604 <tud_descriptor_bos_cb>
100088b0:	1e02      	subs	r2, r0, #0
100088b2:	d100      	bne.n	100088b6 <tud_task_ext+0x76a>
100088b4:	e5cc      	b.n	10008450 <tud_task_ext+0x304>
100088b6:	78d3      	ldrb	r3, [r2, #3]
100088b8:	7891      	ldrb	r1, [r2, #2]
100088ba:	021b      	lsls	r3, r3, #8
100088bc:	430b      	orrs	r3, r1
100088be:	4658      	mov	r0, fp
100088c0:	a90e      	add	r1, sp, #56	@ 0x38
100088c2:	f000 f90f 	bl	10008ae4 <tud_control_xfer>
100088c6:	e5d4      	b.n	10008472 <tud_task_ext+0x326>
100088c8:	4665      	mov	r5, ip
100088ca:	003b      	movs	r3, r7
100088cc:	002a      	movs	r2, r5
100088ce:	0031      	movs	r1, r6
100088d0:	980a      	ldr	r0, [sp, #40]	@ 0x28
100088d2:	f000 fe7f 	bl	100095d4 <tu_edpt_bind_driver>
100088d6:	46ac      	mov	ip, r5
100088d8:	9b04      	ldr	r3, [sp, #16]
100088da:	9a03      	ldr	r2, [sp, #12]
100088dc:	781b      	ldrb	r3, [r3, #0]
100088de:	4466      	add	r6, ip
100088e0:	3301      	adds	r3, #1
100088e2:	4293      	cmp	r3, r2
100088e4:	db00      	blt.n	100088e8 <tud_task_ext+0x79c>
100088e6:	e66c      	b.n	100085c2 <tud_task_ext+0x476>
100088e8:	e7bf      	b.n	1000886a <tud_task_ext+0x71e>
100088ea:	4b17      	ldr	r3, [pc, #92]	@ (10008948 <tud_task_ext+0x7fc>)
100088ec:	6929      	ldr	r1, [r5, #16]
100088ee:	4299      	cmp	r1, r3
100088f0:	d1ad      	bne.n	1000884e <tud_task_ext+0x702>
100088f2:	9a07      	ldr	r2, [sp, #28]
100088f4:	e7ab      	b.n	1000884e <tud_task_ext+0x702>
100088f6:	f7ff fb93 	bl	10008020 <tud_descriptor_device_qualifier_cb>
100088fa:	1e02      	subs	r2, r0, #0
100088fc:	d100      	bne.n	10008900 <tud_task_ext+0x7b4>
100088fe:	e5a7      	b.n	10008450 <tud_task_ext+0x304>
10008900:	4658      	mov	r0, fp
10008902:	7813      	ldrb	r3, [r2, #0]
10008904:	a90e      	add	r1, sp, #56	@ 0x38
10008906:	f000 f8ed 	bl	10008ae4 <tud_control_xfer>
1000890a:	e5b2      	b.n	10008472 <tud_task_ext+0x326>
1000890c:	8921      	ldrh	r1, [r4, #8]
1000890e:	f7ff f8c3 	bl	10007a98 <tud_descriptor_string_cb>
10008912:	1e02      	subs	r2, r0, #0
10008914:	d1f4      	bne.n	10008900 <tud_task_ext+0x7b4>
10008916:	e59b      	b.n	10008450 <tud_task_ext+0x304>
10008918:	2a02      	cmp	r2, #2
1000891a:	d00f      	beq.n	1000893c <tud_task_ext+0x7f0>
1000891c:	f7ff fb82 	bl	10008024 <tud_descriptor_other_speed_configuration_cb>
10008920:	1e02      	subs	r2, r0, #0
10008922:	d1c8      	bne.n	100088b6 <tud_task_ext+0x76a>
10008924:	e594      	b.n	10008450 <tud_task_ext+0x304>
10008926:	f7ff f8af 	bl	10007a88 <tud_descriptor_device_cb>
1000892a:	1e02      	subs	r2, r0, #0
1000892c:	d100      	bne.n	10008930 <tud_task_ext+0x7e4>
1000892e:	e58f      	b.n	10008450 <tud_task_ext+0x304>
10008930:	2312      	movs	r3, #18
10008932:	4658      	mov	r0, fp
10008934:	a90e      	add	r1, sp, #56	@ 0x38
10008936:	f000 f8d5 	bl	10008ae4 <tud_control_xfer>
1000893a:	e59a      	b.n	10008472 <tud_task_ext+0x326>
1000893c:	f7ff f8a8 	bl	10007a90 <tud_descriptor_configuration_cb>
10008940:	1e02      	subs	r2, r0, #0
10008942:	d1b8      	bne.n	100088b6 <tud_task_ext+0x76a>
10008944:	e584      	b.n	10008450 <tud_task_ext+0x304>
10008946:	46c0      	nop			@ (mov r8, r8)
10008948:	10008f9d 	.word	0x10008f9d

1000894c <usbd_open_edpt_pair>:
1000894c:	b5f8      	push	{r3, r4, r5, r6, r7, lr}
1000894e:	4657      	mov	r7, sl
10008950:	464e      	mov	r6, r9
10008952:	46de      	mov	lr, fp
10008954:	4645      	mov	r5, r8
10008956:	000c      	movs	r4, r1
10008958:	b5e0      	push	{r5, r6, r7, lr}
1000895a:	0016      	movs	r6, r2
1000895c:	001f      	movs	r7, r3
1000895e:	2a00      	cmp	r2, #0
10008960:	d03c      	beq.n	100089dc <usbd_open_edpt_pair+0x90>
10008962:	2370      	movs	r3, #112	@ 0x70
10008964:	4698      	mov	r8, r3
10008966:	4b1e      	ldr	r3, [pc, #120]	@ (100089e0 <usbd_open_edpt_pair+0x94>)
10008968:	2500      	movs	r5, #0
1000896a:	469b      	mov	fp, r3
1000896c:	4b1d      	ldr	r3, [pc, #116]	@ (100089e4 <usbd_open_edpt_pair+0x98>)
1000896e:	469a      	mov	sl, r3
10008970:	e01a      	b.n	100089a8 <usbd_open_edpt_pair+0x5c>
10008972:	465b      	mov	r3, fp
10008974:	781b      	ldrb	r3, [r3, #0]
10008976:	0020      	movs	r0, r4
10008978:	4699      	mov	r9, r3
1000897a:	4653      	mov	r3, sl
1000897c:	7899      	ldrb	r1, [r3, #2]
1000897e:	f000 fdeb 	bl	10009558 <tu_edpt_validate>
10008982:	2800      	cmp	r0, #0
10008984:	d01c      	beq.n	100089c0 <usbd_open_edpt_pair+0x74>
10008986:	0021      	movs	r1, r4
10008988:	4648      	mov	r0, r9
1000898a:	f7ff fa2f 	bl	10007dec <dcd_edpt_open>
1000898e:	2800      	cmp	r0, #0
10008990:	d016      	beq.n	100089c0 <usbd_open_edpt_pair+0x74>
10008992:	78a3      	ldrb	r3, [r4, #2]
10008994:	09da      	lsrs	r2, r3, #7
10008996:	2a01      	cmp	r2, #1
10008998:	d019      	beq.n	100089ce <usbd_open_edpt_pair+0x82>
1000899a:	9a0a      	ldr	r2, [sp, #40]	@ 0x28
1000899c:	3501      	adds	r5, #1
1000899e:	7013      	strb	r3, [r2, #0]
100089a0:	7823      	ldrb	r3, [r4, #0]
100089a2:	18e4      	adds	r4, r4, r3
100089a4:	42b5      	cmp	r5, r6
100089a6:	da19      	bge.n	100089dc <usbd_open_edpt_pair+0x90>
100089a8:	7863      	ldrb	r3, [r4, #1]
100089aa:	2b05      	cmp	r3, #5
100089ac:	d108      	bne.n	100089c0 <usbd_open_edpt_pair+0x74>
100089ae:	78e3      	ldrb	r3, [r4, #3]
100089b0:	079b      	lsls	r3, r3, #30
100089b2:	0f9b      	lsrs	r3, r3, #30
100089b4:	42bb      	cmp	r3, r7
100089b6:	d103      	bne.n	100089c0 <usbd_open_edpt_pair+0x74>
100089b8:	4642      	mov	r2, r8
100089ba:	78a3      	ldrb	r3, [r4, #2]
100089bc:	421a      	tst	r2, r3
100089be:	d0d8      	beq.n	10008972 <usbd_open_edpt_pair+0x26>
100089c0:	2000      	movs	r0, #0
100089c2:	bcf0      	pop	{r4, r5, r6, r7}
100089c4:	46bb      	mov	fp, r7
100089c6:	46b2      	mov	sl, r6
100089c8:	46a9      	mov	r9, r5
100089ca:	46a0      	mov	r8, r4
100089cc:	bdf8      	pop	{r3, r4, r5, r6, r7, pc}
100089ce:	9a0b      	ldr	r2, [sp, #44]	@ 0x2c
100089d0:	3501      	adds	r5, #1
100089d2:	7013      	strb	r3, [r2, #0]
100089d4:	7823      	ldrb	r3, [r4, #0]
100089d6:	18e4      	adds	r4, r4, r3
100089d8:	42b5      	cmp	r5, r6
100089da:	dbe5      	blt.n	100089a8 <usbd_open_edpt_pair+0x5c>
100089dc:	2001      	movs	r0, #1
100089de:	e7f0      	b.n	100089c2 <usbd_open_edpt_pair+0x76>
100089e0:	20001084 	.word	0x20001084
100089e4:	20001784 	.word	0x20001784

100089e8 <usbd_edpt_open>:
100089e8:	2270      	movs	r2, #112	@ 0x70
100089ea:	b570      	push	{r4, r5, r6, lr}
100089ec:	788b      	ldrb	r3, [r1, #2]
100089ee:	000c      	movs	r4, r1
100089f0:	421a      	tst	r2, r3
100089f2:	d001      	beq.n	100089f8 <usbd_edpt_open+0x10>
100089f4:	2000      	movs	r0, #0
100089f6:	bd70      	pop	{r4, r5, r6, pc}
100089f8:	4b06      	ldr	r3, [pc, #24]	@ (10008a14 <usbd_edpt_open+0x2c>)
100089fa:	0020      	movs	r0, r4
100089fc:	781d      	ldrb	r5, [r3, #0]
100089fe:	4b06      	ldr	r3, [pc, #24]	@ (10008a18 <usbd_edpt_open+0x30>)
10008a00:	7899      	ldrb	r1, [r3, #2]
10008a02:	f000 fda9 	bl	10009558 <tu_edpt_validate>
10008a06:	2800      	cmp	r0, #0
10008a08:	d0f4      	beq.n	100089f4 <usbd_edpt_open+0xc>
10008a0a:	0021      	movs	r1, r4
10008a0c:	0028      	movs	r0, r5
10008a0e:	f7ff f9ed 	bl	10007dec <dcd_edpt_open>
10008a12:	e7f0      	b.n	100089f6 <usbd_edpt_open+0xe>
10008a14:	20001084 	.word	0x20001084
10008a18:	20001784 	.word	0x20001784

10008a1c <usbd_edpt_claim>:
10008a1c:	000b      	movs	r3, r1
10008a1e:	207f      	movs	r0, #127	@ 0x7f
10008a20:	b510      	push	{r4, lr}
10008a22:	4018      	ands	r0, r3
10008a24:	09db      	lsrs	r3, r3, #7
10008a26:	3334      	adds	r3, #52	@ 0x34
10008a28:	0040      	lsls	r0, r0, #1
10008a2a:	4a04      	ldr	r2, [pc, #16]	@ (10008a3c <usbd_edpt_claim+0x20>)
10008a2c:	18c0      	adds	r0, r0, r3
10008a2e:	4b04      	ldr	r3, [pc, #16]	@ (10008a40 <usbd_edpt_claim+0x24>)
10008a30:	6811      	ldr	r1, [r2, #0]
10008a32:	18c0      	adds	r0, r0, r3
10008a34:	f000 fd4c 	bl	100094d0 <tu_edpt_claim>
10008a38:	bd10      	pop	{r4, pc}
10008a3a:	46c0      	nop			@ (mov r8, r8)
10008a3c:	200017d8 	.word	0x200017d8
10008a40:	20001784 	.word	0x20001784

10008a44 <usbd_edpt_release>:
10008a44:	000b      	movs	r3, r1
10008a46:	207f      	movs	r0, #127	@ 0x7f
10008a48:	b510      	push	{r4, lr}
10008a4a:	4018      	ands	r0, r3
10008a4c:	09db      	lsrs	r3, r3, #7
10008a4e:	3334      	adds	r3, #52	@ 0x34
10008a50:	0040      	lsls	r0, r0, #1
10008a52:	4a04      	ldr	r2, [pc, #16]	@ (10008a64 <usbd_edpt_release+0x20>)
10008a54:	18c0      	adds	r0, r0, r3
10008a56:	4b04      	ldr	r3, [pc, #16]	@ (10008a68 <usbd_edpt_release+0x24>)
10008a58:	6811      	ldr	r1, [r2, #0]
10008a5a:	18c0      	adds	r0, r0, r3
10008a5c:	f000 fd60 	bl	10009520 <tu_edpt_release>
10008a60:	bd10      	pop	{r4, pc}
10008a62:	46c0      	nop			@ (mov r8, r8)
10008a64:	200017d8 	.word	0x200017d8
10008a68:	20001784 	.word	0x20001784

10008a6c <usbd_edpt_xfer>:
10008a6c:	b570      	push	{r4, r5, r6, lr}
10008a6e:	247f      	movs	r4, #127	@ 0x7f
10008a70:	480f      	ldr	r0, [pc, #60]	@ (10008ab0 <usbd_edpt_xfer+0x44>)
10008a72:	400c      	ands	r4, r1
10008a74:	0064      	lsls	r4, r4, #1
10008a76:	1904      	adds	r4, r0, r4
10008a78:	09cd      	lsrs	r5, r1, #7
10008a7a:	1964      	adds	r4, r4, r5
10008a7c:	3430      	adds	r4, #48	@ 0x30
10008a7e:	7920      	ldrb	r0, [r4, #4]
10008a80:	07c0      	lsls	r0, r0, #31
10008a82:	d501      	bpl.n	10008a88 <usbd_edpt_xfer+0x1c>
10008a84:	2000      	movs	r0, #0
10008a86:	bd70      	pop	{r4, r5, r6, pc}
10008a88:	2601      	movs	r6, #1
10008a8a:	7925      	ldrb	r5, [r4, #4]
10008a8c:	4809      	ldr	r0, [pc, #36]	@ (10008ab4 <usbd_edpt_xfer+0x48>)
10008a8e:	4335      	orrs	r5, r6
10008a90:	7800      	ldrb	r0, [r0, #0]
10008a92:	7125      	strb	r5, [r4, #4]
10008a94:	f7ff fa38 	bl	10007f08 <dcd_edpt_xfer>
10008a98:	2800      	cmp	r0, #0
10008a9a:	d1f4      	bne.n	10008a86 <usbd_edpt_xfer+0x1a>
10008a9c:	2201      	movs	r2, #1
10008a9e:	7923      	ldrb	r3, [r4, #4]
10008aa0:	4393      	bics	r3, r2
10008aa2:	7123      	strb	r3, [r4, #4]
10008aa4:	7923      	ldrb	r3, [r4, #4]
10008aa6:	3203      	adds	r2, #3
10008aa8:	4393      	bics	r3, r2
10008aaa:	7123      	strb	r3, [r4, #4]
10008aac:	e7ea      	b.n	10008a84 <usbd_edpt_xfer+0x18>
10008aae:	46c0      	nop			@ (mov r8, r8)
10008ab0:	20001784 	.word	0x20001784
10008ab4:	20001084 	.word	0x20001084

10008ab8 <tud_control_status>:
10008ab8:	b570      	push	{r4, r5, r6, lr}
10008aba:	4c09      	ldr	r4, [pc, #36]	@ (10008ae0 <tud_control_status+0x28>)
10008abc:	0006      	movs	r6, r0
10008abe:	2208      	movs	r2, #8
10008ac0:	0020      	movs	r0, r4
10008ac2:	000d      	movs	r5, r1
10008ac4:	f7fc feb4 	bl	10005830 <__wrap___aeabi_memcpy>
10008ac8:	2300      	movs	r3, #0
10008aca:	2180      	movs	r1, #128	@ 0x80
10008acc:	60e3      	str	r3, [r4, #12]
10008ace:	60a3      	str	r3, [r4, #8]
10008ad0:	782b      	ldrb	r3, [r5, #0]
10008ad2:	0030      	movs	r0, r6
10008ad4:	4399      	bics	r1, r3
10008ad6:	2200      	movs	r2, #0
10008ad8:	2300      	movs	r3, #0
10008ada:	f7ff ffc7 	bl	10008a6c <usbd_edpt_xfer>
10008ade:	bd70      	pop	{r4, r5, r6, pc}
10008ae0:	20001764 	.word	0x20001764

10008ae4 <tud_control_xfer>:
10008ae4:	b5f8      	push	{r3, r4, r5, r6, r7, lr}
10008ae6:	46ce      	mov	lr, r9
10008ae8:	4647      	mov	r7, r8
10008aea:	4690      	mov	r8, r2
10008aec:	4e25      	ldr	r6, [pc, #148]	@ (10008b84 <tud_control_xfer+0xa0>)
10008aee:	b580      	push	{r7, lr}
10008af0:	4681      	mov	r9, r0
10008af2:	2208      	movs	r2, #8
10008af4:	0030      	movs	r0, r6
10008af6:	000d      	movs	r5, r1
10008af8:	001f      	movs	r7, r3
10008afa:	f7fc fe99 	bl	10005830 <__wrap___aeabi_memcpy>
10008afe:	4643      	mov	r3, r8
10008b00:	60b3      	str	r3, [r6, #8]
10008b02:	2300      	movs	r3, #0
10008b04:	81f3      	strh	r3, [r6, #14]
10008b06:	79ec      	ldrb	r4, [r5, #7]
10008b08:	79ab      	ldrb	r3, [r5, #6]
10008b0a:	0224      	lsls	r4, r4, #8
10008b0c:	431c      	orrs	r4, r3
10008b0e:	1c23      	adds	r3, r4, #0
10008b10:	42bc      	cmp	r4, r7
10008b12:	d900      	bls.n	10008b16 <tud_control_xfer+0x32>
10008b14:	1c3b      	adds	r3, r7, #0
10008b16:	b29f      	uxth	r7, r3
10008b18:	81b3      	strh	r3, [r6, #12]
10008b1a:	2c00      	cmp	r4, #0
10008b1c:	d00d      	beq.n	10008b3a <tud_control_xfer+0x56>
10008b1e:	2f00      	cmp	r7, #0
10008b20:	d017      	beq.n	10008b52 <tud_control_xfer+0x6e>
10008b22:	4642      	mov	r2, r8
10008b24:	2a00      	cmp	r2, #0
10008b26:	d02b      	beq.n	10008b80 <tud_control_xfer+0x9c>
10008b28:	2f40      	cmp	r7, #64	@ 0x40
10008b2a:	d81b      	bhi.n	10008b64 <tud_control_xfer+0x80>
10008b2c:	b29f      	uxth	r7, r3
10008b2e:	7833      	ldrb	r3, [r6, #0]
10008b30:	2b7f      	cmp	r3, #127	@ 0x7f
10008b32:	d81c      	bhi.n	10008b6e <tud_control_xfer+0x8a>
10008b34:	2100      	movs	r1, #0
10008b36:	4a14      	ldr	r2, [pc, #80]	@ (10008b88 <tud_control_xfer+0xa4>)
10008b38:	e00f      	b.n	10008b5a <tud_control_xfer+0x76>
10008b3a:	2180      	movs	r1, #128	@ 0x80
10008b3c:	782b      	ldrb	r3, [r5, #0]
10008b3e:	2200      	movs	r2, #0
10008b40:	4399      	bics	r1, r3
10008b42:	4648      	mov	r0, r9
10008b44:	2300      	movs	r3, #0
10008b46:	f7ff ff91 	bl	10008a6c <usbd_edpt_xfer>
10008b4a:	bcc0      	pop	{r6, r7}
10008b4c:	46b9      	mov	r9, r7
10008b4e:	46b0      	mov	r8, r6
10008b50:	bdf8      	pop	{r3, r4, r5, r6, r7, pc}
10008b52:	237f      	movs	r3, #127	@ 0x7f
10008b54:	2200      	movs	r2, #0
10008b56:	7831      	ldrb	r1, [r6, #0]
10008b58:	4399      	bics	r1, r3
10008b5a:	003b      	movs	r3, r7
10008b5c:	4648      	mov	r0, r9
10008b5e:	f7ff ff85 	bl	10008a6c <usbd_edpt_xfer>
10008b62:	e7f2      	b.n	10008b4a <tud_control_xfer+0x66>
10008b64:	2340      	movs	r3, #64	@ 0x40
10008b66:	b29f      	uxth	r7, r3
10008b68:	7833      	ldrb	r3, [r6, #0]
10008b6a:	2b7f      	cmp	r3, #127	@ 0x7f
10008b6c:	d9e2      	bls.n	10008b34 <tud_control_xfer+0x50>
10008b6e:	4c06      	ldr	r4, [pc, #24]	@ (10008b88 <tud_control_xfer+0xa4>)
10008b70:	003a      	movs	r2, r7
10008b72:	4641      	mov	r1, r8
10008b74:	0020      	movs	r0, r4
10008b76:	f7fc fe5b 	bl	10005830 <__wrap___aeabi_memcpy>
10008b7a:	2180      	movs	r1, #128	@ 0x80
10008b7c:	0022      	movs	r2, r4
10008b7e:	e7ec      	b.n	10008b5a <tud_control_xfer+0x76>
10008b80:	2000      	movs	r0, #0
10008b82:	e7e2      	b.n	10008b4a <tud_control_xfer+0x66>
10008b84:	20001764 	.word	0x20001764
10008b88:	20001724 	.word	0x20001724

10008b8c <usbd_control_reset>:
10008b8c:	b510      	push	{r4, lr}
10008b8e:	2214      	movs	r2, #20
10008b90:	2100      	movs	r1, #0
10008b92:	4802      	ldr	r0, [pc, #8]	@ (10008b9c <usbd_control_reset+0x10>)
10008b94:	f7fc fe46 	bl	10005824 <__wrap_memset>
10008b98:	bd10      	pop	{r4, pc}
10008b9a:	46c0      	nop			@ (mov r8, r8)
10008b9c:	20001764 	.word	0x20001764

10008ba0 <usbd_control_set_complete_callback>:
10008ba0:	4b01      	ldr	r3, [pc, #4]	@ (10008ba8 <usbd_control_set_complete_callback+0x8>)
10008ba2:	6118      	str	r0, [r3, #16]
10008ba4:	4770      	bx	lr
10008ba6:	46c0      	nop			@ (mov r8, r8)
10008ba8:	20001764 	.word	0x20001764

10008bac <usbd_control_set_request>:
10008bac:	b510      	push	{r4, lr}
10008bae:	4c05      	ldr	r4, [pc, #20]	@ (10008bc4 <usbd_control_set_request+0x18>)
10008bb0:	0001      	movs	r1, r0
10008bb2:	2208      	movs	r2, #8
10008bb4:	0020      	movs	r0, r4
10008bb6:	f7fc fe3b 	bl	10005830 <__wrap___aeabi_memcpy>
10008bba:	2300      	movs	r3, #0
10008bbc:	60a3      	str	r3, [r4, #8]
10008bbe:	60e3      	str	r3, [r4, #12]
10008bc0:	bd10      	pop	{r4, pc}
10008bc2:	46c0      	nop			@ (mov r8, r8)
10008bc4:	20001764 	.word	0x20001764

10008bc8 <usbd_control_xfer_cb>:
10008bc8:	b570      	push	{r4, r5, r6, lr}
10008bca:	4c38      	ldr	r4, [pc, #224]	@ (10008cac <usbd_control_xfer_cb+0xe4>)
10008bcc:	001d      	movs	r5, r3
10008bce:	7823      	ldrb	r3, [r4, #0]
10008bd0:	0006      	movs	r6, r0
10008bd2:	09da      	lsrs	r2, r3, #7
10008bd4:	09c9      	lsrs	r1, r1, #7
10008bd6:	428a      	cmp	r2, r1
10008bd8:	d010      	beq.n	10008bfc <usbd_control_xfer_cb+0x34>
10008bda:	2000      	movs	r0, #0
10008bdc:	2d00      	cmp	r5, #0
10008bde:	d000      	beq.n	10008be2 <usbd_control_xfer_cb+0x1a>
10008be0:	bd70      	pop	{r4, r5, r6, pc}
10008be2:	0021      	movs	r1, r4
10008be4:	0030      	movs	r0, r6
10008be6:	f7ff f8f3 	bl	10007dd0 <dcd_edpt0_status_complete>
10008bea:	6923      	ldr	r3, [r4, #16]
10008bec:	2b00      	cmp	r3, #0
10008bee:	d003      	beq.n	10008bf8 <usbd_control_xfer_cb+0x30>
10008bf0:	0022      	movs	r2, r4
10008bf2:	2103      	movs	r1, #3
10008bf4:	0030      	movs	r0, r6
10008bf6:	4798      	blx	r3
10008bf8:	2001      	movs	r0, #1
10008bfa:	e7f1      	b.n	10008be0 <usbd_control_xfer_cb+0x18>
10008bfc:	2b7f      	cmp	r3, #127	@ 0x7f
10008bfe:	d806      	bhi.n	10008c0e <usbd_control_xfer_cb+0x46>
10008c00:	68a0      	ldr	r0, [r4, #8]
10008c02:	2800      	cmp	r0, #0
10008c04:	d034      	beq.n	10008c70 <usbd_control_xfer_cb+0xa8>
10008c06:	002a      	movs	r2, r5
10008c08:	4929      	ldr	r1, [pc, #164]	@ (10008cb0 <usbd_control_xfer_cb+0xe8>)
10008c0a:	f7fc fe11 	bl	10005830 <__wrap___aeabi_memcpy>
10008c0e:	89e2      	ldrh	r2, [r4, #14]
10008c10:	68a1      	ldr	r1, [r4, #8]
10008c12:	1952      	adds	r2, r2, r5
10008c14:	88e3      	ldrh	r3, [r4, #6]
10008c16:	b292      	uxth	r2, r2
10008c18:	1949      	adds	r1, r1, r5
10008c1a:	81e2      	strh	r2, [r4, #14]
10008c1c:	60a1      	str	r1, [r4, #8]
10008c1e:	4293      	cmp	r3, r2
10008c20:	d014      	beq.n	10008c4c <usbd_control_xfer_cb+0x84>
10008c22:	2d3f      	cmp	r5, #63	@ 0x3f
10008c24:	d912      	bls.n	10008c4c <usbd_control_xfer_cb+0x84>
10008c26:	89a3      	ldrh	r3, [r4, #12]
10008c28:	1a98      	subs	r0, r3, r2
10008c2a:	1c05      	adds	r5, r0, #0
10008c2c:	b280      	uxth	r0, r0
10008c2e:	2840      	cmp	r0, #64	@ 0x40
10008c30:	d82a      	bhi.n	10008c88 <usbd_control_xfer_cb+0xc0>
10008c32:	7820      	ldrb	r0, [r4, #0]
10008c34:	b2ad      	uxth	r5, r5
10008c36:	287f      	cmp	r0, #127	@ 0x7f
10008c38:	d828      	bhi.n	10008c8c <usbd_control_xfer_cb+0xc4>
10008c3a:	2100      	movs	r1, #0
10008c3c:	429a      	cmp	r2, r3
10008c3e:	d032      	beq.n	10008ca6 <usbd_control_xfer_cb+0xde>
10008c40:	4a1b      	ldr	r2, [pc, #108]	@ (10008cb0 <usbd_control_xfer_cb+0xe8>)
10008c42:	002b      	movs	r3, r5
10008c44:	0030      	movs	r0, r6
10008c46:	f7ff ff11 	bl	10008a6c <usbd_edpt_xfer>
10008c4a:	e7c9      	b.n	10008be0 <usbd_control_xfer_cb+0x18>
10008c4c:	6923      	ldr	r3, [r4, #16]
10008c4e:	2b00      	cmp	r3, #0
10008c50:	d005      	beq.n	10008c5e <usbd_control_xfer_cb+0x96>
10008c52:	0022      	movs	r2, r4
10008c54:	2102      	movs	r1, #2
10008c56:	0030      	movs	r0, r6
10008c58:	4798      	blx	r3
10008c5a:	2800      	cmp	r0, #0
10008c5c:	d00a      	beq.n	10008c74 <usbd_control_xfer_cb+0xac>
10008c5e:	2180      	movs	r1, #128	@ 0x80
10008c60:	7823      	ldrb	r3, [r4, #0]
10008c62:	2200      	movs	r2, #0
10008c64:	4399      	bics	r1, r3
10008c66:	0030      	movs	r0, r6
10008c68:	2300      	movs	r3, #0
10008c6a:	f7ff feff 	bl	10008a6c <usbd_edpt_xfer>
10008c6e:	e7b7      	b.n	10008be0 <usbd_control_xfer_cb+0x18>
10008c70:	2000      	movs	r0, #0
10008c72:	e7b5      	b.n	10008be0 <usbd_control_xfer_cb+0x18>
10008c74:	2100      	movs	r1, #0
10008c76:	0030      	movs	r0, r6
10008c78:	f7ff f958 	bl	10007f2c <dcd_edpt_stall>
10008c7c:	0030      	movs	r0, r6
10008c7e:	2180      	movs	r1, #128	@ 0x80
10008c80:	f7ff f954 	bl	10007f2c <dcd_edpt_stall>
10008c84:	2001      	movs	r0, #1
10008c86:	e7ab      	b.n	10008be0 <usbd_control_xfer_cb+0x18>
10008c88:	2540      	movs	r5, #64	@ 0x40
10008c8a:	e7d2      	b.n	10008c32 <usbd_control_xfer_cb+0x6a>
10008c8c:	429a      	cmp	r2, r3
10008c8e:	d007      	beq.n	10008ca0 <usbd_control_xfer_cb+0xd8>
10008c90:	4c07      	ldr	r4, [pc, #28]	@ (10008cb0 <usbd_control_xfer_cb+0xe8>)
10008c92:	002a      	movs	r2, r5
10008c94:	0020      	movs	r0, r4
10008c96:	f7fc fdcb 	bl	10005830 <__wrap___aeabi_memcpy>
10008c9a:	2180      	movs	r1, #128	@ 0x80
10008c9c:	0022      	movs	r2, r4
10008c9e:	e7d0      	b.n	10008c42 <usbd_control_xfer_cb+0x7a>
10008ca0:	2180      	movs	r1, #128	@ 0x80
10008ca2:	2200      	movs	r2, #0
10008ca4:	e7cd      	b.n	10008c42 <usbd_control_xfer_cb+0x7a>
10008ca6:	2200      	movs	r2, #0
10008ca8:	e7cb      	b.n	10008c42 <usbd_control_xfer_cb+0x7a>
10008caa:	46c0      	nop			@ (mov r8, r8)
10008cac:	20001764 	.word	0x20001764
10008cb0:	20001724 	.word	0x20001724

10008cb4 <_prep_out_transaction.isra.0>:
10008cb4:	b570      	push	{r4, r5, r6, lr}
10008cb6:	0004      	movs	r4, r0
10008cb8:	f7ff f9be 	bl	10008038 <tud_mounted>
10008cbc:	2800      	cmp	r0, #0
10008cbe:	d100      	bne.n	10008cc2 <_prep_out_transaction.isra.0+0xe>
10008cc0:	bd70      	pop	{r4, r5, r6, pc}
10008cc2:	f7ff f9c1 	bl	10008048 <tud_suspended>
10008cc6:	2800      	cmp	r0, #0
10008cc8:	d1fa      	bne.n	10008cc0 <_prep_out_transaction.isra.0+0xc>
10008cca:	23c8      	movs	r3, #200	@ 0xc8
10008ccc:	4363      	muls	r3, r4
10008cce:	4d12      	ldr	r5, [pc, #72]	@ (10008d18 <_prep_out_transaction.isra.0+0x64>)
10008cd0:	18ee      	adds	r6, r5, r3
10008cd2:	78f1      	ldrb	r1, [r6, #3]
10008cd4:	2900      	cmp	r1, #0
10008cd6:	d0f3      	beq.n	10008cc0 <_prep_out_transaction.isra.0+0xc>
10008cd8:	3310      	adds	r3, #16
10008cda:	195d      	adds	r5, r3, r5
10008cdc:	0028      	movs	r0, r5
10008cde:	f000 fdf3 	bl	100098c8 <tu_fifo_remaining>
10008ce2:	283f      	cmp	r0, #63	@ 0x3f
10008ce4:	d9ec      	bls.n	10008cc0 <_prep_out_transaction.isra.0+0xc>
10008ce6:	2000      	movs	r0, #0
10008ce8:	78f1      	ldrb	r1, [r6, #3]
10008cea:	f7ff fe97 	bl	10008a1c <usbd_edpt_claim>
10008cee:	2800      	cmp	r0, #0
10008cf0:	d0e6      	beq.n	10008cc0 <_prep_out_transaction.isra.0+0xc>
10008cf2:	0028      	movs	r0, r5
10008cf4:	f000 fde8 	bl	100098c8 <tu_fifo_remaining>
10008cf8:	78f1      	ldrb	r1, [r6, #3]
10008cfa:	283f      	cmp	r0, #63	@ 0x3f
10008cfc:	d907      	bls.n	10008d0e <_prep_out_transaction.isra.0+0x5a>
10008cfe:	4b07      	ldr	r3, [pc, #28]	@ (10008d1c <_prep_out_transaction.isra.0+0x68>)
10008d00:	01e2      	lsls	r2, r4, #7
10008d02:	18d2      	adds	r2, r2, r3
10008d04:	2000      	movs	r0, #0
10008d06:	2340      	movs	r3, #64	@ 0x40
10008d08:	f7ff feb0 	bl	10008a6c <usbd_edpt_xfer>
10008d0c:	e7d8      	b.n	10008cc0 <_prep_out_transaction.isra.0+0xc>
10008d0e:	2000      	movs	r0, #0
10008d10:	f7ff fe98 	bl	10008a44 <usbd_edpt_release>
10008d14:	e7d4      	b.n	10008cc0 <_prep_out_transaction.isra.0+0xc>
10008d16:	46c0      	nop			@ (mov r8, r8)
10008d18:	2000165c 	.word	0x2000165c
10008d1c:	200015d8 	.word	0x200015d8

10008d20 <tud_cdc_n_connected>:
10008d20:	b510      	push	{r4, lr}
10008d22:	0004      	movs	r4, r0
10008d24:	f7ff f988 	bl	10008038 <tud_mounted>
10008d28:	2800      	cmp	r0, #0
10008d2a:	d101      	bne.n	10008d30 <tud_cdc_n_connected+0x10>
10008d2c:	2000      	movs	r0, #0
10008d2e:	bd10      	pop	{r4, pc}
10008d30:	f7ff f98a 	bl	10008048 <tud_suspended>
10008d34:	2800      	cmp	r0, #0
10008d36:	d1f9      	bne.n	10008d2c <tud_cdc_n_connected+0xc>
10008d38:	22c8      	movs	r2, #200	@ 0xc8
10008d3a:	4362      	muls	r2, r4
10008d3c:	4b02      	ldr	r3, [pc, #8]	@ (10008d48 <tud_cdc_n_connected+0x28>)
10008d3e:	3001      	adds	r0, #1
10008d40:	189b      	adds	r3, r3, r2
10008d42:	791b      	ldrb	r3, [r3, #4]
10008d44:	4018      	ands	r0, r3
10008d46:	e7f2      	b.n	10008d2e <tud_cdc_n_connected+0xe>
10008d48:	2000165c 	.word	0x2000165c

10008d4c <tud_cdc_n_available>:
10008d4c:	23c8      	movs	r3, #200	@ 0xc8
10008d4e:	b510      	push	{r4, lr}
10008d50:	4343      	muls	r3, r0
10008d52:	4802      	ldr	r0, [pc, #8]	@ (10008d5c <tud_cdc_n_available+0x10>)
10008d54:	1818      	adds	r0, r3, r0
10008d56:	f000 fd99 	bl	1000988c <tu_fifo_count>
10008d5a:	bd10      	pop	{r4, pc}
10008d5c:	2000166c 	.word	0x2000166c

10008d60 <tud_cdc_n_read>:
10008d60:	b5f8      	push	{r3, r4, r5, r6, r7, lr}
10008d62:	24c8      	movs	r4, #200	@ 0xc8
10008d64:	2380      	movs	r3, #128	@ 0x80
10008d66:	4344      	muls	r4, r0
10008d68:	4f1c      	ldr	r7, [pc, #112]	@ (10008ddc <tud_cdc_n_read+0x7c>)
10008d6a:	3410      	adds	r4, #16
10008d6c:	0005      	movs	r5, r0
10008d6e:	193c      	adds	r4, r7, r4
10008d70:	025b      	lsls	r3, r3, #9
10008d72:	429a      	cmp	r2, r3
10008d74:	d300      	bcc.n	10008d78 <tud_cdc_n_read+0x18>
10008d76:	4a1a      	ldr	r2, [pc, #104]	@ (10008de0 <tud_cdc_n_read+0x80>)
10008d78:	0020      	movs	r0, r4
10008d7a:	b292      	uxth	r2, r2
10008d7c:	f000 fe08 	bl	10009990 <tu_fifo_read_n>
10008d80:	0006      	movs	r6, r0
10008d82:	f7ff f959 	bl	10008038 <tud_mounted>
10008d86:	2800      	cmp	r0, #0
10008d88:	d101      	bne.n	10008d8e <tud_cdc_n_read+0x2e>
10008d8a:	0030      	movs	r0, r6
10008d8c:	bdf8      	pop	{r3, r4, r5, r6, r7, pc}
10008d8e:	f7ff f95b 	bl	10008048 <tud_suspended>
10008d92:	2800      	cmp	r0, #0
10008d94:	d1f9      	bne.n	10008d8a <tud_cdc_n_read+0x2a>
10008d96:	23c8      	movs	r3, #200	@ 0xc8
10008d98:	436b      	muls	r3, r5
10008d9a:	18ff      	adds	r7, r7, r3
10008d9c:	78fb      	ldrb	r3, [r7, #3]
10008d9e:	2b00      	cmp	r3, #0
10008da0:	d0f3      	beq.n	10008d8a <tud_cdc_n_read+0x2a>
10008da2:	0020      	movs	r0, r4
10008da4:	f000 fd90 	bl	100098c8 <tu_fifo_remaining>
10008da8:	283f      	cmp	r0, #63	@ 0x3f
10008daa:	d9ee      	bls.n	10008d8a <tud_cdc_n_read+0x2a>
10008dac:	2000      	movs	r0, #0
10008dae:	78f9      	ldrb	r1, [r7, #3]
10008db0:	f7ff fe34 	bl	10008a1c <usbd_edpt_claim>
10008db4:	2800      	cmp	r0, #0
10008db6:	d0e8      	beq.n	10008d8a <tud_cdc_n_read+0x2a>
10008db8:	0020      	movs	r0, r4
10008dba:	f000 fd85 	bl	100098c8 <tu_fifo_remaining>
10008dbe:	78f9      	ldrb	r1, [r7, #3]
10008dc0:	283f      	cmp	r0, #63	@ 0x3f
10008dc2:	d907      	bls.n	10008dd4 <tud_cdc_n_read+0x74>
10008dc4:	4b07      	ldr	r3, [pc, #28]	@ (10008de4 <tud_cdc_n_read+0x84>)
10008dc6:	01ea      	lsls	r2, r5, #7
10008dc8:	18d2      	adds	r2, r2, r3
10008dca:	2000      	movs	r0, #0
10008dcc:	2340      	movs	r3, #64	@ 0x40
10008dce:	f7ff fe4d 	bl	10008a6c <usbd_edpt_xfer>
10008dd2:	e7da      	b.n	10008d8a <tud_cdc_n_read+0x2a>
10008dd4:	2000      	movs	r0, #0
10008dd6:	f7ff fe35 	bl	10008a44 <usbd_edpt_release>
10008dda:	e7d6      	b.n	10008d8a <tud_cdc_n_read+0x2a>
10008ddc:	2000165c 	.word	0x2000165c
10008de0:	0000ffff 	.word	0x0000ffff
10008de4:	200015d8 	.word	0x200015d8

10008de8 <tud_cdc_n_write_flush>:
10008de8:	b5f8      	push	{r3, r4, r5, r6, r7, lr}
10008dea:	0004      	movs	r4, r0
10008dec:	f7ff f924 	bl	10008038 <tud_mounted>
10008df0:	2800      	cmp	r0, #0
10008df2:	d101      	bne.n	10008df8 <tud_cdc_n_write_flush+0x10>
10008df4:	2000      	movs	r0, #0
10008df6:	bdf8      	pop	{r3, r4, r5, r6, r7, pc}
10008df8:	f7ff f926 	bl	10008048 <tud_suspended>
10008dfc:	2800      	cmp	r0, #0
10008dfe:	d1f9      	bne.n	10008df4 <tud_cdc_n_write_flush+0xc>
10008e00:	25c8      	movs	r5, #200	@ 0xc8
10008e02:	4365      	muls	r5, r4
10008e04:	002e      	movs	r6, r5
10008e06:	4f13      	ldr	r7, [pc, #76]	@ (10008e54 <tud_cdc_n_write_flush+0x6c>)
10008e08:	3624      	adds	r6, #36	@ 0x24
10008e0a:	19f6      	adds	r6, r6, r7
10008e0c:	0030      	movs	r0, r6
10008e0e:	f000 fd3d 	bl	1000988c <tu_fifo_count>
10008e12:	2800      	cmp	r0, #0
10008e14:	d0ee      	beq.n	10008df4 <tud_cdc_n_write_flush+0xc>
10008e16:	197f      	adds	r7, r7, r5
10008e18:	2000      	movs	r0, #0
10008e1a:	78b9      	ldrb	r1, [r7, #2]
10008e1c:	f7ff fdfe 	bl	10008a1c <usbd_edpt_claim>
10008e20:	2800      	cmp	r0, #0
10008e22:	d0e7      	beq.n	10008df4 <tud_cdc_n_write_flush+0xc>
10008e24:	4d0c      	ldr	r5, [pc, #48]	@ (10008e58 <tud_cdc_n_write_flush+0x70>)
10008e26:	01e4      	lsls	r4, r4, #7
10008e28:	1965      	adds	r5, r4, r5
10008e2a:	0029      	movs	r1, r5
10008e2c:	2240      	movs	r2, #64	@ 0x40
10008e2e:	0030      	movs	r0, r6
10008e30:	f000 fdae 	bl	10009990 <tu_fifo_read_n>
10008e34:	78b9      	ldrb	r1, [r7, #2]
10008e36:	1e04      	subs	r4, r0, #0
10008e38:	d008      	beq.n	10008e4c <tud_cdc_n_write_flush+0x64>
10008e3a:	0003      	movs	r3, r0
10008e3c:	002a      	movs	r2, r5
10008e3e:	2000      	movs	r0, #0
10008e40:	f7ff fe14 	bl	10008a6c <usbd_edpt_xfer>
10008e44:	2800      	cmp	r0, #0
10008e46:	d0d5      	beq.n	10008df4 <tud_cdc_n_write_flush+0xc>
10008e48:	0020      	movs	r0, r4
10008e4a:	e7d4      	b.n	10008df6 <tud_cdc_n_write_flush+0xe>
10008e4c:	2000      	movs	r0, #0
10008e4e:	f7ff fdf9 	bl	10008a44 <usbd_edpt_release>
10008e52:	e7cf      	b.n	10008df4 <tud_cdc_n_write_flush+0xc>
10008e54:	2000165c 	.word	0x2000165c
10008e58:	20001618 	.word	0x20001618

10008e5c <tud_cdc_n_write>:
10008e5c:	b570      	push	{r4, r5, r6, lr}
10008e5e:	24c8      	movs	r4, #200	@ 0xc8
10008e60:	4344      	muls	r4, r0
10008e62:	4b0c      	ldr	r3, [pc, #48]	@ (10008e94 <tud_cdc_n_write+0x38>)
10008e64:	0005      	movs	r5, r0
10008e66:	18e4      	adds	r4, r4, r3
10008e68:	2380      	movs	r3, #128	@ 0x80
10008e6a:	025b      	lsls	r3, r3, #9
10008e6c:	429a      	cmp	r2, r3
10008e6e:	d300      	bcc.n	10008e72 <tud_cdc_n_write+0x16>
10008e70:	4a09      	ldr	r2, [pc, #36]	@ (10008e98 <tud_cdc_n_write+0x3c>)
10008e72:	0020      	movs	r0, r4
10008e74:	b292      	uxth	r2, r2
10008e76:	f000 fe51 	bl	10009b1c <tu_fifo_write_n>
10008e7a:	0006      	movs	r6, r0
10008e7c:	0020      	movs	r0, r4
10008e7e:	f000 fd05 	bl	1000988c <tu_fifo_count>
10008e82:	283f      	cmp	r0, #63	@ 0x3f
10008e84:	d801      	bhi.n	10008e8a <tud_cdc_n_write+0x2e>
10008e86:	0030      	movs	r0, r6
10008e88:	bd70      	pop	{r4, r5, r6, pc}
10008e8a:	0028      	movs	r0, r5
10008e8c:	f7ff ffac 	bl	10008de8 <tud_cdc_n_write_flush>
10008e90:	e7f9      	b.n	10008e86 <tud_cdc_n_write+0x2a>
10008e92:	46c0      	nop			@ (mov r8, r8)
10008e94:	20001680 	.word	0x20001680
10008e98:	0000ffff 	.word	0x0000ffff

10008e9c <tud_cdc_n_write_available>:
10008e9c:	23c8      	movs	r3, #200	@ 0xc8
10008e9e:	b510      	push	{r4, lr}
10008ea0:	4343      	muls	r3, r0
10008ea2:	4802      	ldr	r0, [pc, #8]	@ (10008eac <tud_cdc_n_write_available+0x10>)
10008ea4:	1818      	adds	r0, r3, r0
10008ea6:	f000 fd0f 	bl	100098c8 <tu_fifo_remaining>
10008eaa:	bd10      	pop	{r4, pc}
10008eac:	20001680 	.word	0x20001680

10008eb0 <cdcd_init>:
10008eb0:	b5f0      	push	{r4, r5, r6, r7, lr}
10008eb2:	2500      	movs	r5, #0
10008eb4:	4c18      	ldr	r4, [pc, #96]	@ (10008f18 <cdcd_init+0x68>)
10008eb6:	b083      	sub	sp, #12
10008eb8:	22c8      	movs	r2, #200	@ 0xc8
10008eba:	2100      	movs	r1, #0
10008ebc:	0020      	movs	r0, r4
10008ebe:	f7fc fcb1 	bl	10005824 <__wrap_memset>
10008ec2:	4b16      	ldr	r3, [pc, #88]	@ (10008f1c <cdcd_init+0x6c>)
10008ec4:	0021      	movs	r1, r4
10008ec6:	701d      	strb	r5, [r3, #0]
10008ec8:	23ff      	movs	r3, #255	@ 0xff
10008eca:	7163      	strb	r3, [r4, #5]
10008ecc:	23e1      	movs	r3, #225	@ 0xe1
10008ece:	025b      	lsls	r3, r3, #9
10008ed0:	60a3      	str	r3, [r4, #8]
10008ed2:	0020      	movs	r0, r4
10008ed4:	2308      	movs	r3, #8
10008ed6:	2240      	movs	r2, #64	@ 0x40
10008ed8:	73a3      	strb	r3, [r4, #14]
10008eda:	3138      	adds	r1, #56	@ 0x38
10008edc:	9500      	str	r5, [sp, #0]
10008ede:	3b07      	subs	r3, #7
10008ee0:	3010      	adds	r0, #16
10008ee2:	f000 fc9d 	bl	10009820 <tu_fifo_config>
10008ee6:	0027      	movs	r7, r4
10008ee8:	2301      	movs	r3, #1
10008eea:	0021      	movs	r1, r4
10008eec:	0020      	movs	r0, r4
10008eee:	0026      	movs	r6, r4
10008ef0:	2240      	movs	r2, #64	@ 0x40
10008ef2:	3178      	adds	r1, #120	@ 0x78
10008ef4:	9300      	str	r3, [sp, #0]
10008ef6:	37b8      	adds	r7, #184	@ 0xb8
10008ef8:	3024      	adds	r0, #36	@ 0x24
10008efa:	f000 fc91 	bl	10009820 <tu_fifo_config>
10008efe:	36c0      	adds	r6, #192	@ 0xc0
10008f00:	0038      	movs	r0, r7
10008f02:	f7fa fe19 	bl	10003b38 <mutex_init>
10008f06:	0030      	movs	r0, r6
10008f08:	f7fa fe16 	bl	10003b38 <mutex_init>
10008f0c:	61e5      	str	r5, [r4, #28]
10008f0e:	6227      	str	r7, [r4, #32]
10008f10:	6326      	str	r6, [r4, #48]	@ 0x30
10008f12:	6365      	str	r5, [r4, #52]	@ 0x34
10008f14:	b003      	add	sp, #12
10008f16:	bdf0      	pop	{r4, r5, r6, r7, pc}
10008f18:	2000165c 	.word	0x2000165c
10008f1c:	20001658 	.word	0x20001658

10008f20 <cdcd_deinit>:
10008f20:	4a0a      	ldr	r2, [pc, #40]	@ (10008f4c <cdcd_deinit+0x2c>)
10008f22:	6b11      	ldr	r1, [r2, #48]	@ 0x30
10008f24:	6a13      	ldr	r3, [r2, #32]
10008f26:	2900      	cmp	r1, #0
10008f28:	d00c      	beq.n	10008f44 <cdcd_deinit+0x24>
10008f2a:	2b00      	cmp	r3, #0
10008f2c:	d007      	beq.n	10008f3e <cdcd_deinit+0x1e>
10008f2e:	2300      	movs	r3, #0
10008f30:	61d3      	str	r3, [r2, #28]
10008f32:	6353      	str	r3, [r2, #52]	@ 0x34
10008f34:	6313      	str	r3, [r2, #48]	@ 0x30
10008f36:	2300      	movs	r3, #0
10008f38:	6213      	str	r3, [r2, #32]
10008f3a:	2001      	movs	r0, #1
10008f3c:	4770      	bx	lr
10008f3e:	6353      	str	r3, [r2, #52]	@ 0x34
10008f40:	6313      	str	r3, [r2, #48]	@ 0x30
10008f42:	e7fa      	b.n	10008f3a <cdcd_deinit+0x1a>
10008f44:	2b00      	cmp	r3, #0
10008f46:	d0f8      	beq.n	10008f3a <cdcd_deinit+0x1a>
10008f48:	61d1      	str	r1, [r2, #28]
10008f4a:	e7f4      	b.n	10008f36 <cdcd_deinit+0x16>
10008f4c:	2000165c 	.word	0x2000165c

10008f50 <cdcd_reset>:
10008f50:	b570      	push	{r4, r5, r6, lr}
10008f52:	4c0f      	ldr	r4, [pc, #60]	@ (10008f90 <cdcd_reset+0x40>)
10008f54:	2205      	movs	r2, #5
10008f56:	2100      	movs	r1, #0
10008f58:	0020      	movs	r0, r4
10008f5a:	f7fc fc63 	bl	10005824 <__wrap_memset>
10008f5e:	4d0d      	ldr	r5, [pc, #52]	@ (10008f94 <cdcd_reset+0x44>)
10008f60:	782b      	ldrb	r3, [r5, #0]
10008f62:	07da      	lsls	r2, r3, #31
10008f64:	d507      	bpl.n	10008f76 <cdcd_reset+0x26>
10008f66:	4c0c      	ldr	r4, [pc, #48]	@ (10008f98 <cdcd_reset+0x48>)
10008f68:	079b      	lsls	r3, r3, #30
10008f6a:	d50c      	bpl.n	10008f86 <cdcd_reset+0x36>
10008f6c:	2101      	movs	r1, #1
10008f6e:	0020      	movs	r0, r4
10008f70:	f000 feb0 	bl	10009cd4 <tu_fifo_set_overwritable>
10008f74:	bd70      	pop	{r4, r5, r6, pc}
10008f76:	0020      	movs	r0, r4
10008f78:	3010      	adds	r0, #16
10008f7a:	f000 fe8b 	bl	10009c94 <tu_fifo_clear>
10008f7e:	782b      	ldrb	r3, [r5, #0]
10008f80:	4c05      	ldr	r4, [pc, #20]	@ (10008f98 <cdcd_reset+0x48>)
10008f82:	079b      	lsls	r3, r3, #30
10008f84:	d4f2      	bmi.n	10008f6c <cdcd_reset+0x1c>
10008f86:	0020      	movs	r0, r4
10008f88:	f000 fe84 	bl	10009c94 <tu_fifo_clear>
10008f8c:	e7ee      	b.n	10008f6c <cdcd_reset+0x1c>
10008f8e:	46c0      	nop			@ (mov r8, r8)
10008f90:	2000165c 	.word	0x2000165c
10008f94:	20001658 	.word	0x20001658
10008f98:	20001680 	.word	0x20001680

10008f9c <cdcd_open>:
10008f9c:	b5f0      	push	{r4, r5, r6, r7, lr}
10008f9e:	794b      	ldrb	r3, [r1, #5]
10008fa0:	0006      	movs	r6, r0
10008fa2:	b083      	sub	sp, #12
10008fa4:	2b02      	cmp	r3, #2
10008fa6:	d102      	bne.n	10008fae <cdcd_open+0x12>
10008fa8:	798b      	ldrb	r3, [r1, #6]
10008faa:	2b02      	cmp	r3, #2
10008fac:	d003      	beq.n	10008fb6 <cdcd_open+0x1a>
10008fae:	2500      	movs	r5, #0
10008fb0:	0028      	movs	r0, r5
10008fb2:	b003      	add	sp, #12
10008fb4:	bdf0      	pop	{r4, r5, r6, r7, pc}
10008fb6:	4f20      	ldr	r7, [pc, #128]	@ (10009038 <cdcd_open+0x9c>)
10008fb8:	78bb      	ldrb	r3, [r7, #2]
10008fba:	2b00      	cmp	r3, #0
10008fbc:	d1f7      	bne.n	10008fae <cdcd_open+0x12>
10008fbe:	788b      	ldrb	r3, [r1, #2]
10008fc0:	2509      	movs	r5, #9
10008fc2:	703b      	strb	r3, [r7, #0]
10008fc4:	780c      	ldrb	r4, [r1, #0]
10008fc6:	190c      	adds	r4, r1, r4
10008fc8:	7863      	ldrb	r3, [r4, #1]
10008fca:	2b24      	cmp	r3, #36	@ 0x24
10008fcc:	d007      	beq.n	10008fde <cdcd_open+0x42>
10008fce:	e00c      	b.n	10008fea <cdcd_open+0x4e>
10008fd0:	7823      	ldrb	r3, [r4, #0]
10008fd2:	18e4      	adds	r4, r4, r3
10008fd4:	195d      	adds	r5, r3, r5
10008fd6:	7863      	ldrb	r3, [r4, #1]
10008fd8:	b2ad      	uxth	r5, r5
10008fda:	2b24      	cmp	r3, #36	@ 0x24
10008fdc:	d105      	bne.n	10008fea <cdcd_open+0x4e>
10008fde:	4295      	cmp	r5, r2
10008fe0:	d9f6      	bls.n	10008fd0 <cdcd_open+0x34>
10008fe2:	2000      	movs	r0, #0
10008fe4:	f7ff fe66 	bl	10008cb4 <_prep_out_transaction.isra.0>
10008fe8:	e7e2      	b.n	10008fb0 <cdcd_open+0x14>
10008fea:	001a      	movs	r2, r3
10008fec:	2b05      	cmp	r3, #5
10008fee:	d015      	beq.n	1000901c <cdcd_open+0x80>
10008ff0:	2a04      	cmp	r2, #4
10008ff2:	d1f6      	bne.n	10008fe2 <cdcd_open+0x46>
10008ff4:	7963      	ldrb	r3, [r4, #5]
10008ff6:	2b0a      	cmp	r3, #10
10008ff8:	d1f3      	bne.n	10008fe2 <cdcd_open+0x46>
10008ffa:	4b10      	ldr	r3, [pc, #64]	@ (1000903c <cdcd_open+0xa0>)
10008ffc:	7827      	ldrb	r7, [r4, #0]
10008ffe:	9301      	str	r3, [sp, #4]
10009000:	3301      	adds	r3, #1
10009002:	9300      	str	r3, [sp, #0]
10009004:	0030      	movs	r0, r6
10009006:	2302      	movs	r3, #2
10009008:	19e1      	adds	r1, r4, r7
1000900a:	3a02      	subs	r2, #2
1000900c:	f7ff fc9e 	bl	1000894c <usbd_open_edpt_pair>
10009010:	2800      	cmp	r0, #0
10009012:	d0cc      	beq.n	10008fae <cdcd_open+0x12>
10009014:	350e      	adds	r5, #14
10009016:	19ed      	adds	r5, r5, r7
10009018:	b2ad      	uxth	r5, r5
1000901a:	e7e2      	b.n	10008fe2 <cdcd_open+0x46>
1000901c:	0021      	movs	r1, r4
1000901e:	0030      	movs	r0, r6
10009020:	f7ff fce2 	bl	100089e8 <usbd_edpt_open>
10009024:	2800      	cmp	r0, #0
10009026:	d0c2      	beq.n	10008fae <cdcd_open+0x12>
10009028:	78a3      	ldrb	r3, [r4, #2]
1000902a:	707b      	strb	r3, [r7, #1]
1000902c:	7823      	ldrb	r3, [r4, #0]
1000902e:	195d      	adds	r5, r3, r5
10009030:	18e4      	adds	r4, r4, r3
10009032:	7862      	ldrb	r2, [r4, #1]
10009034:	b2ad      	uxth	r5, r5
10009036:	e7db      	b.n	10008ff0 <cdcd_open+0x54>
10009038:	2000165c 	.word	0x2000165c
1000903c:	2000165e 	.word	0x2000165e

10009040 <cdcd_control_xfer_cb>:
10009040:	b5f8      	push	{r3, r4, r5, r6, r7, lr}
10009042:	2360      	movs	r3, #96	@ 0x60
10009044:	0014      	movs	r4, r2
10009046:	7812      	ldrb	r2, [r2, #0]
10009048:	0005      	movs	r5, r0
1000904a:	4013      	ands	r3, r2
1000904c:	2000      	movs	r0, #0
1000904e:	2b20      	cmp	r3, #32
10009050:	d107      	bne.n	10009062 <cdcd_control_xfer_cb+0x22>
10009052:	4a30      	ldr	r2, [pc, #192]	@ (10009114 <cdcd_control_xfer_cb+0xd4>)
10009054:	7963      	ldrb	r3, [r4, #5]
10009056:	7927      	ldrb	r7, [r4, #4]
10009058:	7816      	ldrb	r6, [r2, #0]
1000905a:	021b      	lsls	r3, r3, #8
1000905c:	433b      	orrs	r3, r7
1000905e:	429e      	cmp	r6, r3
10009060:	d000      	beq.n	10009064 <cdcd_control_xfer_cb+0x24>
10009062:	bdf8      	pop	{r3, r4, r5, r6, r7, pc}
10009064:	7863      	ldrb	r3, [r4, #1]
10009066:	2b22      	cmp	r3, #34	@ 0x22
10009068:	d01a      	beq.n	100090a0 <cdcd_control_xfer_cb+0x60>
1000906a:	d807      	bhi.n	1000907c <cdcd_control_xfer_cb+0x3c>
1000906c:	2b20      	cmp	r3, #32
1000906e:	d034      	beq.n	100090da <cdcd_control_xfer_cb+0x9a>
10009070:	2b21      	cmp	r3, #33	@ 0x21
10009072:	d1f6      	bne.n	10009062 <cdcd_control_xfer_cb+0x22>
10009074:	2901      	cmp	r1, #1
10009076:	d03e      	beq.n	100090f6 <cdcd_control_xfer_cb+0xb6>
10009078:	2001      	movs	r0, #1
1000907a:	e7f2      	b.n	10009062 <cdcd_control_xfer_cb+0x22>
1000907c:	2b23      	cmp	r3, #35	@ 0x23
1000907e:	d1f0      	bne.n	10009062 <cdcd_control_xfer_cb+0x22>
10009080:	2901      	cmp	r1, #1
10009082:	d040      	beq.n	10009106 <cdcd_control_xfer_cb+0xc6>
10009084:	2903      	cmp	r1, #3
10009086:	d1f7      	bne.n	10009078 <cdcd_control_xfer_cb+0x38>
10009088:	4b23      	ldr	r3, [pc, #140]	@ (10009118 <cdcd_control_xfer_cb+0xd8>)
1000908a:	2b00      	cmp	r3, #0
1000908c:	d0f4      	beq.n	10009078 <cdcd_control_xfer_cb+0x38>
1000908e:	78e1      	ldrb	r1, [r4, #3]
10009090:	78a3      	ldrb	r3, [r4, #2]
10009092:	0209      	lsls	r1, r1, #8
10009094:	2000      	movs	r0, #0
10009096:	4319      	orrs	r1, r3
10009098:	e000      	b.n	1000909c <cdcd_control_xfer_cb+0x5c>
1000909a:	bf00      	nop
1000909c:	2001      	movs	r0, #1
1000909e:	e7e0      	b.n	10009062 <cdcd_control_xfer_cb+0x22>
100090a0:	2901      	cmp	r1, #1
100090a2:	d030      	beq.n	10009106 <cdcd_control_xfer_cb+0xc6>
100090a4:	2903      	cmp	r1, #3
100090a6:	d1e7      	bne.n	10009078 <cdcd_control_xfer_cb+0x38>
100090a8:	2501      	movs	r5, #1
100090aa:	002e      	movs	r6, r5
100090ac:	78a3      	ldrb	r3, [r4, #2]
100090ae:	78e4      	ldrb	r4, [r4, #3]
100090b0:	3902      	subs	r1, #2
100090b2:	0224      	lsls	r4, r4, #8
100090b4:	431c      	orrs	r4, r3
100090b6:	7114      	strb	r4, [r2, #4]
100090b8:	4026      	ands	r6, r4
100090ba:	3224      	adds	r2, #36	@ 0x24
100090bc:	0010      	movs	r0, r2
100090be:	4071      	eors	r1, r6
100090c0:	f000 fe08 	bl	10009cd4 <tu_fifo_set_overwritable>
100090c4:	4b15      	ldr	r3, [pc, #84]	@ (1000911c <cdcd_control_xfer_cb+0xdc>)
100090c6:	2b00      	cmp	r3, #0
100090c8:	d0d6      	beq.n	10009078 <cdcd_control_xfer_cb+0x38>
100090ca:	0862      	lsrs	r2, r4, #1
100090cc:	2000      	movs	r0, #0
100090ce:	0031      	movs	r1, r6
100090d0:	402a      	ands	r2, r5
100090d2:	e000      	b.n	100090d6 <cdcd_control_xfer_cb+0x96>
100090d4:	bf00      	nop
100090d6:	2001      	movs	r0, #1
100090d8:	e7c3      	b.n	10009062 <cdcd_control_xfer_cb+0x22>
100090da:	2901      	cmp	r1, #1
100090dc:	d00b      	beq.n	100090f6 <cdcd_control_xfer_cb+0xb6>
100090de:	2903      	cmp	r1, #3
100090e0:	d1ca      	bne.n	10009078 <cdcd_control_xfer_cb+0x38>
100090e2:	4b0f      	ldr	r3, [pc, #60]	@ (10009120 <cdcd_control_xfer_cb+0xe0>)
100090e4:	2b00      	cmp	r3, #0
100090e6:	d0c7      	beq.n	10009078 <cdcd_control_xfer_cb+0x38>
100090e8:	3208      	adds	r2, #8
100090ea:	2000      	movs	r0, #0
100090ec:	0011      	movs	r1, r2
100090ee:	f7fe faad 	bl	1000764c <tud_cdc_line_coding_cb>
100090f2:	2001      	movs	r0, #1
100090f4:	e7b5      	b.n	10009062 <cdcd_control_xfer_cb+0x22>
100090f6:	2307      	movs	r3, #7
100090f8:	0021      	movs	r1, r4
100090fa:	0028      	movs	r0, r5
100090fc:	4a09      	ldr	r2, [pc, #36]	@ (10009124 <cdcd_control_xfer_cb+0xe4>)
100090fe:	f7ff fcf1 	bl	10008ae4 <tud_control_xfer>
10009102:	2001      	movs	r0, #1
10009104:	e7ad      	b.n	10009062 <cdcd_control_xfer_cb+0x22>
10009106:	0021      	movs	r1, r4
10009108:	0028      	movs	r0, r5
1000910a:	f7ff fcd5 	bl	10008ab8 <tud_control_status>
1000910e:	2001      	movs	r0, #1
10009110:	e7a7      	b.n	10009062 <cdcd_control_xfer_cb+0x22>
10009112:	46c0      	nop			@ (mov r8, r8)
10009114:	2000165c 	.word	0x2000165c
	...
10009120:	1000764d 	.word	0x1000764d
10009124:	20001664 	.word	0x20001664

10009128 <cdcd_xfer_cb>:
10009128:	b5f0      	push	{r4, r5, r6, r7, lr}
1000912a:	464f      	mov	r7, r9
1000912c:	4646      	mov	r6, r8
1000912e:	46d6      	mov	lr, sl
10009130:	b5c0      	push	{r6, r7, lr}
10009132:	4d36      	ldr	r5, [pc, #216]	@ (1000920c <cdcd_xfer_cb+0xe4>)
10009134:	4680      	mov	r8, r0
10009136:	78ea      	ldrb	r2, [r5, #3]
10009138:	000c      	movs	r4, r1
1000913a:	001f      	movs	r7, r3
1000913c:	428a      	cmp	r2, r1
1000913e:	d03c      	beq.n	100091ba <cdcd_xfer_cb+0x92>
10009140:	78ab      	ldrb	r3, [r5, #2]
10009142:	428b      	cmp	r3, r1
10009144:	d010      	beq.n	10009168 <cdcd_xfer_cb+0x40>
10009146:	2000      	movs	r0, #0
10009148:	bce0      	pop	{r5, r6, r7}
1000914a:	46ba      	mov	sl, r7
1000914c:	46b1      	mov	r9, r6
1000914e:	46a8      	mov	r8, r5
10009150:	bdf0      	pop	{r4, r5, r6, r7, pc}
10009152:	4b2f      	ldr	r3, [pc, #188]	@ (10009210 <cdcd_xfer_cb+0xe8>)
10009154:	2b00      	cmp	r3, #0
10009156:	d004      	beq.n	10009162 <cdcd_xfer_cb+0x3a>
10009158:	482e      	ldr	r0, [pc, #184]	@ (10009214 <cdcd_xfer_cb+0xec>)
1000915a:	f000 fbad 	bl	100098b8 <tu_fifo_empty>
1000915e:	2800      	cmp	r0, #0
10009160:	d051      	beq.n	10009206 <cdcd_xfer_cb+0xde>
10009162:	2000      	movs	r0, #0
10009164:	f7ff fda6 	bl	10008cb4 <_prep_out_transaction.isra.0>
10009168:	78ab      	ldrb	r3, [r5, #2]
1000916a:	42a3      	cmp	r3, r4
1000916c:	d001      	beq.n	10009172 <cdcd_xfer_cb+0x4a>
1000916e:	2001      	movs	r0, #1
10009170:	e7ea      	b.n	10009148 <cdcd_xfer_cb+0x20>
10009172:	4b29      	ldr	r3, [pc, #164]	@ (10009218 <cdcd_xfer_cb+0xf0>)
10009174:	2b00      	cmp	r3, #0
10009176:	d002      	beq.n	1000917e <cdcd_xfer_cb+0x56>
10009178:	2000      	movs	r0, #0
1000917a:	e000      	b.n	1000917e <cdcd_xfer_cb+0x56>
1000917c:	bf00      	nop
1000917e:	2000      	movs	r0, #0
10009180:	f7ff fe32 	bl	10008de8 <tud_cdc_n_write_flush>
10009184:	2800      	cmp	r0, #0
10009186:	d1f2      	bne.n	1000916e <cdcd_xfer_cb+0x46>
10009188:	4c24      	ldr	r4, [pc, #144]	@ (1000921c <cdcd_xfer_cb+0xf4>)
1000918a:	0020      	movs	r0, r4
1000918c:	f000 fb7e 	bl	1000988c <tu_fifo_count>
10009190:	2800      	cmp	r0, #0
10009192:	d1ec      	bne.n	1000916e <cdcd_xfer_cb+0x46>
10009194:	2f00      	cmp	r7, #0
10009196:	d0ea      	beq.n	1000916e <cdcd_xfer_cb+0x46>
10009198:	06bf      	lsls	r7, r7, #26
1000919a:	d1e8      	bne.n	1000916e <cdcd_xfer_cb+0x46>
1000919c:	3c24      	subs	r4, #36	@ 0x24
1000919e:	4640      	mov	r0, r8
100091a0:	78a1      	ldrb	r1, [r4, #2]
100091a2:	f7ff fc3b 	bl	10008a1c <usbd_edpt_claim>
100091a6:	2800      	cmp	r0, #0
100091a8:	d0e1      	beq.n	1000916e <cdcd_xfer_cb+0x46>
100091aa:	2300      	movs	r3, #0
100091ac:	2200      	movs	r2, #0
100091ae:	4640      	mov	r0, r8
100091b0:	78a1      	ldrb	r1, [r4, #2]
100091b2:	f7ff fc5b 	bl	10008a6c <usbd_edpt_xfer>
100091b6:	2001      	movs	r0, #1
100091b8:	e7c6      	b.n	10009148 <cdcd_xfer_cb+0x20>
100091ba:	b29a      	uxth	r2, r3
100091bc:	2310      	movs	r3, #16
100091be:	469a      	mov	sl, r3
100091c0:	4e17      	ldr	r6, [pc, #92]	@ (10009220 <cdcd_xfer_cb+0xf8>)
100091c2:	44aa      	add	sl, r5
100091c4:	0031      	movs	r1, r6
100091c6:	4650      	mov	r0, sl
100091c8:	f000 fca8 	bl	10009b1c <tu_fifo_write_n>
100091cc:	4b15      	ldr	r3, [pc, #84]	@ (10009224 <cdcd_xfer_cb+0xfc>)
100091ce:	2b00      	cmp	r3, #0
100091d0:	d0bf      	beq.n	10009152 <cdcd_xfer_cb+0x2a>
100091d2:	796b      	ldrb	r3, [r5, #5]
100091d4:	2bff      	cmp	r3, #255	@ 0xff
100091d6:	d0bc      	beq.n	10009152 <cdcd_xfer_cb+0x2a>
100091d8:	2f00      	cmp	r7, #0
100091da:	d0ba      	beq.n	10009152 <cdcd_xfer_cb+0x2a>
100091dc:	19f2      	adds	r2, r6, r7
100091de:	4691      	mov	r9, r2
100091e0:	e003      	b.n	100091ea <cdcd_xfer_cb+0xc2>
100091e2:	3601      	adds	r6, #1
100091e4:	454e      	cmp	r6, r9
100091e6:	d0b4      	beq.n	10009152 <cdcd_xfer_cb+0x2a>
100091e8:	796b      	ldrb	r3, [r5, #5]
100091ea:	7832      	ldrb	r2, [r6, #0]
100091ec:	429a      	cmp	r2, r3
100091ee:	d1f8      	bne.n	100091e2 <cdcd_xfer_cb+0xba>
100091f0:	4650      	mov	r0, sl
100091f2:	f000 fb61 	bl	100098b8 <tu_fifo_empty>
100091f6:	2800      	cmp	r0, #0
100091f8:	d1f3      	bne.n	100091e2 <cdcd_xfer_cb+0xba>
100091fa:	4653      	mov	r3, sl
100091fc:	3b10      	subs	r3, #16
100091fe:	7959      	ldrb	r1, [r3, #5]
10009200:	e000      	b.n	10009204 <cdcd_xfer_cb+0xdc>
10009202:	bf00      	nop
10009204:	e7ed      	b.n	100091e2 <cdcd_xfer_cb+0xba>
10009206:	e000      	b.n	1000920a <cdcd_xfer_cb+0xe2>
10009208:	bf00      	nop
1000920a:	e7aa      	b.n	10009162 <cdcd_xfer_cb+0x3a>
1000920c:	2000165c 	.word	0x2000165c
10009210:	00000000 	.word	0x00000000
10009214:	2000166c 	.word	0x2000166c
10009218:	00000000 	.word	0x00000000
1000921c:	20001680 	.word	0x20001680
10009220:	200015d8 	.word	0x200015d8
10009224:	00000000 	.word	0x00000000

10009228 <vendord_init>:
10009228:	2293      	movs	r2, #147	@ 0x93
1000922a:	b5f0      	push	{r4, r5, r6, r7, lr}
1000922c:	4c13      	ldr	r4, [pc, #76]	@ (1000927c <vendord_init+0x54>)
1000922e:	b085      	sub	sp, #20
10009230:	2100      	movs	r1, #0
10009232:	0020      	movs	r0, r4
10009234:	0092      	lsls	r2, r2, #2
10009236:	f7fc faf5 	bl	10005824 <__wrap_memset>
1000923a:	0023      	movs	r3, r4
1000923c:	0020      	movs	r0, r4
1000923e:	2680      	movs	r6, #128	@ 0x80
10009240:	2740      	movs	r7, #64	@ 0x40
10009242:	4d0f      	ldr	r5, [pc, #60]	@ (10009280 <vendord_init+0x58>)
10009244:	334d      	adds	r3, #77	@ 0x4d
10009246:	0076      	lsls	r6, r6, #1
10009248:	33ff      	adds	r3, #255	@ 0xff
1000924a:	3029      	adds	r0, #41	@ 0x29
1000924c:	9502      	str	r5, [sp, #8]
1000924e:	9300      	str	r3, [sp, #0]
10009250:	2200      	movs	r2, #0
10009252:	2300      	movs	r3, #0
10009254:	2100      	movs	r1, #0
10009256:	9703      	str	r7, [sp, #12]
10009258:	9601      	str	r6, [sp, #4]
1000925a:	30ff      	adds	r0, #255	@ 0xff
1000925c:	f000 f9d4 	bl	10009608 <tu_edpt_stream_init>
10009260:	3540      	adds	r5, #64	@ 0x40
10009262:	1d20      	adds	r0, r4, #4
10009264:	3428      	adds	r4, #40	@ 0x28
10009266:	2300      	movs	r3, #0
10009268:	2201      	movs	r2, #1
1000926a:	2100      	movs	r1, #0
1000926c:	9703      	str	r7, [sp, #12]
1000926e:	9502      	str	r5, [sp, #8]
10009270:	9601      	str	r6, [sp, #4]
10009272:	9400      	str	r4, [sp, #0]
10009274:	f000 f9c8 	bl	10009608 <tu_edpt_stream_init>
10009278:	b005      	add	sp, #20
1000927a:	bdf0      	pop	{r4, r5, r6, r7, pc}
1000927c:	20001920 	.word	0x20001920
10009280:	200018a0 	.word	0x200018a0

10009284 <vendord_deinit>:
10009284:	b510      	push	{r4, lr}
10009286:	4c05      	ldr	r4, [pc, #20]	@ (1000929c <vendord_deinit+0x18>)
10009288:	0020      	movs	r0, r4
1000928a:	f000 f9f3 	bl	10009674 <tu_edpt_stream_deinit>
1000928e:	0020      	movs	r0, r4
10009290:	3825      	subs	r0, #37	@ 0x25
10009292:	38ff      	subs	r0, #255	@ 0xff
10009294:	f000 f9ee 	bl	10009674 <tu_edpt_stream_deinit>
10009298:	2001      	movs	r0, #1
1000929a:	bd10      	pop	{r4, pc}
1000929c:	20001a48 	.word	0x20001a48

100092a0 <vendord_reset>:
100092a0:	b570      	push	{r4, r5, r6, lr}
100092a2:	4c08      	ldr	r4, [pc, #32]	@ (100092c4 <vendord_reset+0x24>)
100092a4:	2500      	movs	r5, #0
100092a6:	0020      	movs	r0, r4
100092a8:	3031      	adds	r0, #49	@ 0x31
100092aa:	30ff      	adds	r0, #255	@ 0xff
100092ac:	7025      	strb	r5, [r4, #0]
100092ae:	f000 fcf1 	bl	10009c94 <tu_fifo_clear>
100092b2:	0020      	movs	r0, r4
100092b4:	300c      	adds	r0, #12
100092b6:	f000 fced 	bl	10009c94 <tu_fifo_clear>
100092ba:	232a      	movs	r3, #42	@ 0x2a
100092bc:	33ff      	adds	r3, #255	@ 0xff
100092be:	54e5      	strb	r5, [r4, r3]
100092c0:	7165      	strb	r5, [r4, #5]
100092c2:	bd70      	pop	{r4, r5, r6, pc}
100092c4:	20001920 	.word	0x20001920

100092c8 <vendord_open>:
100092c8:	b5f8      	push	{r3, r4, r5, r6, r7, lr}
100092ca:	4657      	mov	r7, sl
100092cc:	4645      	mov	r5, r8
100092ce:	46de      	mov	lr, fp
100092d0:	464e      	mov	r6, r9
100092d2:	b5e0      	push	{r5, r6, r7, lr}
100092d4:	794b      	ldrb	r3, [r1, #5]
100092d6:	4680      	mov	r8, r0
100092d8:	000f      	movs	r7, r1
100092da:	2bff      	cmp	r3, #255	@ 0xff
100092dc:	d15b      	bne.n	10009396 <vendord_open+0xce>
100092de:	4b40      	ldr	r3, [pc, #256]	@ (100093e0 <vendord_open+0x118>)
100092e0:	4699      	mov	r9, r3
100092e2:	232a      	movs	r3, #42	@ 0x2a
100092e4:	4649      	mov	r1, r9
100092e6:	33ff      	adds	r3, #255	@ 0xff
100092e8:	5ccb      	ldrb	r3, [r1, r3]
100092ea:	2b00      	cmp	r3, #0
100092ec:	d153      	bne.n	10009396 <vendord_open+0xce>
100092ee:	794e      	ldrb	r6, [r1, #5]
100092f0:	2e00      	cmp	r6, #0
100092f2:	d150      	bne.n	10009396 <vendord_open+0xce>
100092f4:	78bb      	ldrb	r3, [r7, #2]
100092f6:	783c      	ldrb	r4, [r7, #0]
100092f8:	700b      	strb	r3, [r1, #0]
100092fa:	793b      	ldrb	r3, [r7, #4]
100092fc:	193c      	adds	r4, r7, r4
100092fe:	2b00      	cmp	r3, #0
10009300:	d046      	beq.n	10009390 <vendord_open+0xc8>
10009302:	2398      	movs	r3, #152	@ 0x98
10009304:	005b      	lsls	r3, r3, #1
10009306:	444b      	add	r3, r9
10009308:	469a      	mov	sl, r3
1000930a:	230c      	movs	r3, #12
1000930c:	444b      	add	r3, r9
1000930e:	469b      	mov	fp, r3
10009310:	18a5      	adds	r5, r4, r2
10009312:	e003      	b.n	1000931c <vendord_open+0x54>
10009314:	42ac      	cmp	r4, r5
10009316:	d23b      	bcs.n	10009390 <vendord_open+0xc8>
10009318:	7823      	ldrb	r3, [r4, #0]
1000931a:	18e4      	adds	r4, r4, r3
1000931c:	7863      	ldrb	r3, [r4, #1]
1000931e:	2b05      	cmp	r3, #5
10009320:	d1f8      	bne.n	10009314 <vendord_open+0x4c>
10009322:	42ac      	cmp	r4, r5
10009324:	d234      	bcs.n	10009390 <vendord_open+0xc8>
10009326:	0021      	movs	r1, r4
10009328:	4640      	mov	r0, r8
1000932a:	f7ff fb5d 	bl	100089e8 <usbd_edpt_open>
1000932e:	2800      	cmp	r0, #0
10009330:	d031      	beq.n	10009396 <vendord_open+0xce>
10009332:	78a3      	ldrb	r3, [r4, #2]
10009334:	3601      	adds	r6, #1
10009336:	b2f6      	uxtb	r6, r6
10009338:	09db      	lsrs	r3, r3, #7
1000933a:	2b01      	cmp	r3, #1
1000933c:	d032      	beq.n	100093a4 <vendord_open+0xdc>
1000933e:	4650      	mov	r0, sl
10009340:	f000 fca8 	bl	10009c94 <tu_fifo_clear>
10009344:	232a      	movs	r3, #42	@ 0x2a
10009346:	4649      	mov	r1, r9
10009348:	78a2      	ldrb	r2, [r4, #2]
1000934a:	33ff      	adds	r3, #255	@ 0xff
1000934c:	54ca      	strb	r2, [r1, r3]
1000934e:	7963      	ldrb	r3, [r4, #5]
10009350:	7922      	ldrb	r2, [r4, #4]
10009352:	021b      	lsls	r3, r3, #8
10009354:	4313      	orrs	r3, r2
10009356:	4a23      	ldr	r2, [pc, #140]	@ (100093e4 <vendord_open+0x11c>)
10009358:	055b      	lsls	r3, r3, #21
1000935a:	4694      	mov	ip, r2
1000935c:	0d5b      	lsrs	r3, r3, #21
1000935e:	2194      	movs	r1, #148	@ 0x94
10009360:	4463      	add	r3, ip
10009362:	425a      	negs	r2, r3
10009364:	4153      	adcs	r3, r2
10009366:	464a      	mov	r2, r9
10009368:	2002      	movs	r0, #2
1000936a:	0049      	lsls	r1, r1, #1
1000936c:	5c52      	ldrb	r2, [r2, r1]
1000936e:	005b      	lsls	r3, r3, #1
10009370:	4382      	bics	r2, r0
10009372:	4313      	orrs	r3, r2
10009374:	464a      	mov	r2, r9
10009376:	5453      	strb	r3, [r2, r1]
10009378:	4651      	mov	r1, sl
1000937a:	4640      	mov	r0, r8
1000937c:	3908      	subs	r1, #8
1000937e:	f000 f9e3 	bl	10009748 <tu_edpt_stream_read_xfer>
10009382:	2800      	cmp	r0, #0
10009384:	d007      	beq.n	10009396 <vendord_open+0xce>
10009386:	7823      	ldrb	r3, [r4, #0]
10009388:	18e4      	adds	r4, r4, r3
1000938a:	793b      	ldrb	r3, [r7, #4]
1000938c:	42b3      	cmp	r3, r6
1000938e:	d8c5      	bhi.n	1000931c <vendord_open+0x54>
10009390:	1be0      	subs	r0, r4, r7
10009392:	b280      	uxth	r0, r0
10009394:	e000      	b.n	10009398 <vendord_open+0xd0>
10009396:	2000      	movs	r0, #0
10009398:	bcf0      	pop	{r4, r5, r6, r7}
1000939a:	46bb      	mov	fp, r7
1000939c:	46b2      	mov	sl, r6
1000939e:	46a9      	mov	r9, r5
100093a0:	46a0      	mov	r8, r4
100093a2:	bdf8      	pop	{r3, r4, r5, r6, r7, pc}
100093a4:	4658      	mov	r0, fp
100093a6:	f000 fc75 	bl	10009c94 <tu_fifo_clear>
100093aa:	465a      	mov	r2, fp
100093ac:	78a3      	ldrb	r3, [r4, #2]
100093ae:	3a0c      	subs	r2, #12
100093b0:	7153      	strb	r3, [r2, #5]
100093b2:	7963      	ldrb	r3, [r4, #5]
100093b4:	7921      	ldrb	r1, [r4, #4]
100093b6:	021b      	lsls	r3, r3, #8
100093b8:	430b      	orrs	r3, r1
100093ba:	490a      	ldr	r1, [pc, #40]	@ (100093e4 <vendord_open+0x11c>)
100093bc:	055b      	lsls	r3, r3, #21
100093be:	468c      	mov	ip, r1
100093c0:	0d5b      	lsrs	r3, r3, #21
100093c2:	4463      	add	r3, ip
100093c4:	4259      	negs	r1, r3
100093c6:	414b      	adcs	r3, r1
100093c8:	2002      	movs	r0, #2
100093ca:	7911      	ldrb	r1, [r2, #4]
100093cc:	005b      	lsls	r3, r3, #1
100093ce:	4381      	bics	r1, r0
100093d0:	430b      	orrs	r3, r1
100093d2:	4659      	mov	r1, fp
100093d4:	2000      	movs	r0, #0
100093d6:	3908      	subs	r1, #8
100093d8:	7113      	strb	r3, [r2, #4]
100093da:	f000 f981 	bl	100096e0 <tu_edpt_stream_write_xfer>
100093de:	e7d2      	b.n	10009386 <vendord_open+0xbe>
100093e0:	20001920 	.word	0x20001920
100093e4:	fffffe00 	.word	0xfffffe00

100093e8 <vendord_xfer_cb>:
100093e8:	b5f8      	push	{r3, r4, r5, r6, r7, lr}
100093ea:	252a      	movs	r5, #42	@ 0x2a
100093ec:	0006      	movs	r6, r0
100093ee:	481f      	ldr	r0, [pc, #124]	@ (1000946c <vendord_xfer_cb+0x84>)
100093f0:	35ff      	adds	r5, #255	@ 0xff
100093f2:	5d45      	ldrb	r5, [r0, r5]
100093f4:	001f      	movs	r7, r3
100093f6:	428d      	cmp	r5, r1
100093f8:	d015      	beq.n	10009426 <vendord_xfer_cb+0x3e>
100093fa:	7943      	ldrb	r3, [r0, #5]
100093fc:	428b      	cmp	r3, r1
100093fe:	d001      	beq.n	10009404 <vendord_xfer_cb+0x1c>
10009400:	2000      	movs	r0, #0
10009402:	bdf8      	pop	{r3, r4, r5, r6, r7, pc}
10009404:	4b1a      	ldr	r3, [pc, #104]	@ (10009470 <vendord_xfer_cb+0x88>)
10009406:	2b00      	cmp	r3, #0
10009408:	d004      	beq.n	10009414 <vendord_xfer_cb+0x2c>
1000940a:	0439      	lsls	r1, r7, #16
1000940c:	2000      	movs	r0, #0
1000940e:	0c09      	lsrs	r1, r1, #16
10009410:	e000      	b.n	10009414 <vendord_xfer_cb+0x2c>
10009412:	bf00      	nop
10009414:	4c17      	ldr	r4, [pc, #92]	@ (10009474 <vendord_xfer_cb+0x8c>)
10009416:	0030      	movs	r0, r6
10009418:	0021      	movs	r1, r4
1000941a:	f000 f961 	bl	100096e0 <tu_edpt_stream_write_xfer>
1000941e:	2800      	cmp	r0, #0
10009420:	d01d      	beq.n	1000945e <vendord_xfer_cb+0x76>
10009422:	2001      	movs	r0, #1
10009424:	e7ed      	b.n	10009402 <vendord_xfer_cb+0x1a>
10009426:	239a      	movs	r3, #154	@ 0x9a
10009428:	005b      	lsls	r3, r3, #1
1000942a:	5ac3      	ldrh	r3, [r0, r3]
1000942c:	2b00      	cmp	r3, #0
1000942e:	d10d      	bne.n	1000944c <vendord_xfer_cb+0x64>
10009430:	4b11      	ldr	r3, [pc, #68]	@ (10009478 <vendord_xfer_cb+0x90>)
10009432:	2b00      	cmp	r3, #0
10009434:	d004      	beq.n	10009440 <vendord_xfer_cb+0x58>
10009436:	2000      	movs	r0, #0
10009438:	4910      	ldr	r1, [pc, #64]	@ (1000947c <vendord_xfer_cb+0x94>)
1000943a:	b2ba      	uxth	r2, r7
1000943c:	e000      	b.n	10009440 <vendord_xfer_cb+0x58>
1000943e:	bf00      	nop
10009440:	0030      	movs	r0, r6
10009442:	490f      	ldr	r1, [pc, #60]	@ (10009480 <vendord_xfer_cb+0x98>)
10009444:	f000 f980 	bl	10009748 <tu_edpt_stream_read_xfer>
10009448:	2001      	movs	r0, #1
1000944a:	e7da      	b.n	10009402 <vendord_xfer_cb+0x1a>
1000944c:	2396      	movs	r3, #150	@ 0x96
1000944e:	005b      	lsls	r3, r3, #1
10009450:	58c1      	ldr	r1, [r0, r3]
10009452:	3031      	adds	r0, #49	@ 0x31
10009454:	b2ba      	uxth	r2, r7
10009456:	30ff      	adds	r0, #255	@ 0xff
10009458:	f000 fb60 	bl	10009b1c <tu_fifo_write_n>
1000945c:	e7e8      	b.n	10009430 <vendord_xfer_cb+0x48>
1000945e:	003a      	movs	r2, r7
10009460:	0021      	movs	r1, r4
10009462:	0030      	movs	r0, r6
10009464:	f000 f908 	bl	10009678 <tu_edpt_stream_write_zlp_if_needed>
10009468:	2001      	movs	r0, #1
1000946a:	e7ca      	b.n	10009402 <vendord_xfer_cb+0x1a>
1000946c:	20001920 	.word	0x20001920
10009470:	00000000 	.word	0x00000000
10009474:	20001924 	.word	0x20001924
10009478:	00000000 	.word	0x00000000
1000947c:	200018a0 	.word	0x200018a0
10009480:	20001a48 	.word	0x20001a48

10009484 <tusb_rhport_init>:
10009484:	b500      	push	{lr}
10009486:	0003      	movs	r3, r0
10009488:	b083      	sub	sp, #12
1000948a:	2900      	cmp	r1, #0
1000948c:	d010      	beq.n	100094b0 <tusb_rhport_init+0x2c>
1000948e:	2000      	movs	r0, #0
10009490:	2b01      	cmp	r3, #1
10009492:	d807      	bhi.n	100094a4 <tusb_rhport_init+0x20>
10009494:	780a      	ldrb	r2, [r1, #0]
10009496:	2a00      	cmp	r2, #0
10009498:	d004      	beq.n	100094a4 <tusb_rhport_init+0x20>
1000949a:	480c      	ldr	r0, [pc, #48]	@ (100094cc <tusb_rhport_init+0x48>)
1000949c:	54c2      	strb	r2, [r0, r3]
1000949e:	2001      	movs	r0, #1
100094a0:	2a01      	cmp	r2, #1
100094a2:	d001      	beq.n	100094a8 <tusb_rhport_init+0x24>
100094a4:	b003      	add	sp, #12
100094a6:	bd00      	pop	{pc}
100094a8:	0018      	movs	r0, r3
100094aa:	f7fe fdd5 	bl	10008058 <tud_rhport_init>
100094ae:	e7f9      	b.n	100094a4 <tusb_rhport_init+0x20>
100094b0:	2301      	movs	r3, #1
100094b2:	466a      	mov	r2, sp
100094b4:	2000      	movs	r0, #0
100094b6:	a901      	add	r1, sp, #4
100094b8:	8093      	strh	r3, [r2, #4]
100094ba:	f7fe fdcd 	bl	10008058 <tud_rhport_init>
100094be:	2800      	cmp	r0, #0
100094c0:	d0f0      	beq.n	100094a4 <tusb_rhport_init+0x20>
100094c2:	2201      	movs	r2, #1
100094c4:	4b01      	ldr	r3, [pc, #4]	@ (100094cc <tusb_rhport_init+0x48>)
100094c6:	701a      	strb	r2, [r3, #0]
100094c8:	e7ec      	b.n	100094a4 <tusb_rhport_init+0x20>
100094ca:	46c0      	nop			@ (mov r8, r8)
100094cc:	20001778 	.word	0x20001778

100094d0 <tu_edpt_claim>:
100094d0:	7803      	ldrb	r3, [r0, #0]
100094d2:	b570      	push	{r4, r5, r6, lr}
100094d4:	07db      	lsls	r3, r3, #31
100094d6:	0004      	movs	r4, r0
100094d8:	000e      	movs	r6, r1
100094da:	0fdd      	lsrs	r5, r3, #31
100094dc:	2b00      	cmp	r3, #0
100094de:	d117      	bne.n	10009510 <tu_edpt_claim+0x40>
100094e0:	7803      	ldrb	r3, [r0, #0]
100094e2:	075b      	lsls	r3, r3, #29
100094e4:	d501      	bpl.n	100094ea <tu_edpt_claim+0x1a>
100094e6:	0028      	movs	r0, r5
100094e8:	bd70      	pop	{r4, r5, r6, pc}
100094ea:	2101      	movs	r1, #1
100094ec:	0030      	movs	r0, r6
100094ee:	4249      	negs	r1, r1
100094f0:	f000 fc7e 	bl	10009df0 <__mutex_enter_timeout_ms_veneer>
100094f4:	7823      	ldrb	r3, [r4, #0]
100094f6:	07db      	lsls	r3, r3, #31
100094f8:	0fdd      	lsrs	r5, r3, #31
100094fa:	2b00      	cmp	r3, #0
100094fc:	d10a      	bne.n	10009514 <tu_edpt_claim+0x44>
100094fe:	7823      	ldrb	r3, [r4, #0]
10009500:	075b      	lsls	r3, r3, #29
10009502:	d408      	bmi.n	10009516 <tu_edpt_claim+0x46>
10009504:	2204      	movs	r2, #4
10009506:	7823      	ldrb	r3, [r4, #0]
10009508:	2501      	movs	r5, #1
1000950a:	4313      	orrs	r3, r2
1000950c:	7023      	strb	r3, [r4, #0]
1000950e:	e002      	b.n	10009516 <tu_edpt_claim+0x46>
10009510:	2500      	movs	r5, #0
10009512:	e7e8      	b.n	100094e6 <tu_edpt_claim+0x16>
10009514:	2500      	movs	r5, #0
10009516:	0030      	movs	r0, r6
10009518:	f000 fc3a 	bl	10009d90 <__mutex_exit_veneer>
1000951c:	e7e3      	b.n	100094e6 <tu_edpt_claim+0x16>
1000951e:	46c0      	nop			@ (mov r8, r8)

10009520 <tu_edpt_release>:
10009520:	b570      	push	{r4, r5, r6, lr}
10009522:	000c      	movs	r4, r1
10009524:	2101      	movs	r1, #1
10009526:	0006      	movs	r6, r0
10009528:	4249      	negs	r1, r1
1000952a:	0020      	movs	r0, r4
1000952c:	f000 fc60 	bl	10009df0 <__mutex_enter_timeout_ms_veneer>
10009530:	7833      	ldrb	r3, [r6, #0]
10009532:	075b      	lsls	r3, r3, #29
10009534:	0fdd      	lsrs	r5, r3, #31
10009536:	2b00      	cmp	r3, #0
10009538:	db04      	blt.n	10009544 <tu_edpt_release+0x24>
1000953a:	0020      	movs	r0, r4
1000953c:	f000 fc28 	bl	10009d90 <__mutex_exit_veneer>
10009540:	0028      	movs	r0, r5
10009542:	bd70      	pop	{r4, r5, r6, pc}
10009544:	7833      	ldrb	r3, [r6, #0]
10009546:	07db      	lsls	r3, r3, #31
10009548:	d404      	bmi.n	10009554 <tu_edpt_release+0x34>
1000954a:	2204      	movs	r2, #4
1000954c:	7833      	ldrb	r3, [r6, #0]
1000954e:	4393      	bics	r3, r2
10009550:	7033      	strb	r3, [r6, #0]
10009552:	e7f2      	b.n	1000953a <tu_edpt_release+0x1a>
10009554:	2500      	movs	r5, #0
10009556:	e7f0      	b.n	1000953a <tu_edpt_release+0x1a>

10009558 <tu_edpt_validate>:
10009558:	7943      	ldrb	r3, [r0, #5]
1000955a:	7902      	ldrb	r2, [r0, #4]
1000955c:	021b      	lsls	r3, r3, #8
1000955e:	4313      	orrs	r3, r2
10009560:	78c2      	ldrb	r2, [r0, #3]
10009562:	055b      	lsls	r3, r3, #21
10009564:	0792      	lsls	r2, r2, #30
10009566:	0d5b      	lsrs	r3, r3, #21
10009568:	0f92      	lsrs	r2, r2, #30
1000956a:	2a02      	cmp	r2, #2
1000956c:	d01d      	beq.n	100095aa <tu_edpt_validate+0x52>
1000956e:	2a03      	cmp	r2, #3
10009570:	d00c      	beq.n	1000958c <tu_edpt_validate+0x34>
10009572:	2000      	movs	r0, #0
10009574:	2a01      	cmp	r2, #1
10009576:	d108      	bne.n	1000958a <tu_edpt_validate+0x32>
10009578:	3902      	subs	r1, #2
1000957a:	424a      	negs	r2, r1
1000957c:	4151      	adcs	r1, r2
1000957e:	4a12      	ldr	r2, [pc, #72]	@ (100095c8 <tu_edpt_validate+0x70>)
10009580:	4694      	mov	ip, r2
10009582:	4461      	add	r1, ip
10009584:	4299      	cmp	r1, r3
10009586:	4140      	adcs	r0, r0
10009588:	b2c0      	uxtb	r0, r0
1000958a:	4770      	bx	lr
1000958c:	3902      	subs	r1, #2
1000958e:	1e4a      	subs	r2, r1, #1
10009590:	4191      	sbcs	r1, r2
10009592:	4a0e      	ldr	r2, [pc, #56]	@ (100095cc <tu_edpt_validate+0x74>)
10009594:	4249      	negs	r1, r1
10009596:	4011      	ands	r1, r2
10009598:	2280      	movs	r2, #128	@ 0x80
1000959a:	00d2      	lsls	r2, r2, #3
1000959c:	4694      	mov	ip, r2
1000959e:	2000      	movs	r0, #0
100095a0:	4461      	add	r1, ip
100095a2:	4299      	cmp	r1, r3
100095a4:	4140      	adcs	r0, r0
100095a6:	b2c0      	uxtb	r0, r0
100095a8:	e7ef      	b.n	1000958a <tu_edpt_validate+0x32>
100095aa:	2902      	cmp	r1, #2
100095ac:	d005      	beq.n	100095ba <tu_edpt_validate+0x62>
100095ae:	2000      	movs	r0, #0
100095b0:	2240      	movs	r2, #64	@ 0x40
100095b2:	429a      	cmp	r2, r3
100095b4:	4140      	adcs	r0, r0
100095b6:	b2c0      	uxtb	r0, r0
100095b8:	e7e7      	b.n	1000958a <tu_edpt_validate+0x32>
100095ba:	4a05      	ldr	r2, [pc, #20]	@ (100095d0 <tu_edpt_validate+0x78>)
100095bc:	1898      	adds	r0, r3, r2
100095be:	4243      	negs	r3, r0
100095c0:	4158      	adcs	r0, r3
100095c2:	b2c0      	uxtb	r0, r0
100095c4:	e7e1      	b.n	1000958a <tu_edpt_validate+0x32>
100095c6:	46c0      	nop			@ (mov r8, r8)
100095c8:	000003ff 	.word	0x000003ff
100095cc:	fffffc40 	.word	0xfffffc40
100095d0:	fffffe00 	.word	0xfffffe00

100095d4 <tu_edpt_bind_driver>:
100095d4:	188a      	adds	r2, r1, r2
100095d6:	b570      	push	{r4, r5, r6, lr}
100095d8:	4291      	cmp	r1, r2
100095da:	d207      	bcs.n	100095ec <tu_edpt_bind_driver+0x18>
100095dc:	267f      	movs	r6, #127	@ 0x7f
100095de:	784c      	ldrb	r4, [r1, #1]
100095e0:	2c05      	cmp	r4, #5
100095e2:	d004      	beq.n	100095ee <tu_edpt_bind_driver+0x1a>
100095e4:	780c      	ldrb	r4, [r1, #0]
100095e6:	1909      	adds	r1, r1, r4
100095e8:	428a      	cmp	r2, r1
100095ea:	d8f8      	bhi.n	100095de <tu_edpt_bind_driver+0xa>
100095ec:	bd70      	pop	{r4, r5, r6, pc}
100095ee:	0034      	movs	r4, r6
100095f0:	788d      	ldrb	r5, [r1, #2]
100095f2:	402c      	ands	r4, r5
100095f4:	0064      	lsls	r4, r4, #1
100095f6:	1904      	adds	r4, r0, r4
100095f8:	09ed      	lsrs	r5, r5, #7
100095fa:	5563      	strb	r3, [r4, r5]
100095fc:	780c      	ldrb	r4, [r1, #0]
100095fe:	1909      	adds	r1, r1, r4
10009600:	428a      	cmp	r2, r1
10009602:	d8ec      	bhi.n	100095de <tu_edpt_bind_driver+0xa>
10009604:	e7f2      	b.n	100095ec <tu_edpt_bind_driver+0x18>
10009606:	46c0      	nop			@ (mov r8, r8)

10009608 <tu_edpt_stream_init>:
10009608:	b5f0      	push	{r4, r5, r6, r7, lr}
1000960a:	46c6      	mov	lr, r8
1000960c:	b500      	push	{lr}
1000960e:	b082      	sub	sp, #8
10009610:	0015      	movs	r5, r2
10009612:	aa08      	add	r2, sp, #32
10009614:	ca40      	ldmia	r2!, {r6}
10009616:	0004      	movs	r4, r0
10009618:	8817      	ldrh	r7, [r2, #0]
1000961a:	466a      	mov	r2, sp
1000961c:	8d92      	ldrh	r2, [r2, #44]	@ 0x2c
1000961e:	2001      	movs	r0, #1
10009620:	4690      	mov	r8, r2
10009622:	000a      	movs	r2, r1
10009624:	7821      	ldrb	r1, [r4, #0]
10009626:	4002      	ands	r2, r0
10009628:	4381      	bics	r1, r0
1000962a:	0020      	movs	r0, r4
1000962c:	4311      	orrs	r1, r2
1000962e:	7021      	strb	r1, [r4, #0]
10009630:	003a      	movs	r2, r7
10009632:	9300      	str	r3, [sp, #0]
10009634:	0031      	movs	r1, r6
10009636:	2301      	movs	r3, #1
10009638:	3008      	adds	r0, #8
1000963a:	f000 f8f1 	bl	10009820 <tu_fifo_config>
1000963e:	2e00      	cmp	r6, #0
10009640:	d001      	beq.n	10009646 <tu_edpt_stream_init+0x3e>
10009642:	2f00      	cmp	r7, #0
10009644:	d108      	bne.n	10009658 <tu_edpt_stream_init+0x50>
10009646:	9b0a      	ldr	r3, [sp, #40]	@ 0x28
10009648:	2001      	movs	r0, #1
1000964a:	6063      	str	r3, [r4, #4]
1000964c:	4643      	mov	r3, r8
1000964e:	8063      	strh	r3, [r4, #2]
10009650:	b002      	add	sp, #8
10009652:	bc80      	pop	{r7}
10009654:	46b8      	mov	r8, r7
10009656:	bdf0      	pop	{r4, r5, r6, r7, pc}
10009658:	0026      	movs	r6, r4
1000965a:	361c      	adds	r6, #28
1000965c:	0030      	movs	r0, r6
1000965e:	f7fa fa6b 	bl	10003b38 <mutex_init>
10009662:	2300      	movs	r3, #0
10009664:	2d00      	cmp	r5, #0
10009666:	d001      	beq.n	1000966c <tu_edpt_stream_init+0x64>
10009668:	0033      	movs	r3, r6
1000966a:	2600      	movs	r6, #0
1000966c:	6163      	str	r3, [r4, #20]
1000966e:	61a6      	str	r6, [r4, #24]
10009670:	e7e9      	b.n	10009646 <tu_edpt_stream_init+0x3e>
10009672:	46c0      	nop			@ (mov r8, r8)

10009674 <tu_edpt_stream_deinit>:
10009674:	2001      	movs	r0, #1
10009676:	4770      	bx	lr

10009678 <tu_edpt_stream_write_zlp_if_needed>:
10009678:	b5f8      	push	{r3, r4, r5, r6, r7, lr}
1000967a:	2402      	movs	r4, #2
1000967c:	780b      	ldrb	r3, [r1, #0]
1000967e:	0007      	movs	r7, r0
10009680:	401c      	ands	r4, r3
10009682:	4263      	negs	r3, r4
10009684:	415c      	adcs	r4, r3
10009686:	4b14      	ldr	r3, [pc, #80]	@ (100096d8 <tu_edpt_stream_write_zlp_if_needed+0x60>)
10009688:	4264      	negs	r4, r4
1000968a:	401c      	ands	r4, r3
1000968c:	4b13      	ldr	r3, [pc, #76]	@ (100096dc <tu_edpt_stream_write_zlp_if_needed+0x64>)
1000968e:	0008      	movs	r0, r1
10009690:	469c      	mov	ip, r3
10009692:	3008      	adds	r0, #8
10009694:	000d      	movs	r5, r1
10009696:	0016      	movs	r6, r2
10009698:	4464      	add	r4, ip
1000969a:	f000 f8f7 	bl	1000988c <tu_fifo_count>
1000969e:	2800      	cmp	r0, #0
100096a0:	d107      	bne.n	100096b2 <tu_edpt_stream_write_zlp_if_needed+0x3a>
100096a2:	2e00      	cmp	r6, #0
100096a4:	d005      	beq.n	100096b2 <tu_edpt_stream_write_zlp_if_needed+0x3a>
100096a6:	4234      	tst	r4, r6
100096a8:	d103      	bne.n	100096b2 <tu_edpt_stream_write_zlp_if_needed+0x3a>
100096aa:	2401      	movs	r4, #1
100096ac:	782b      	ldrb	r3, [r5, #0]
100096ae:	421c      	tst	r4, r3
100096b0:	d001      	beq.n	100096b6 <tu_edpt_stream_write_zlp_if_needed+0x3e>
100096b2:	2000      	movs	r0, #0
100096b4:	bdf8      	pop	{r3, r4, r5, r6, r7, pc}
100096b6:	0038      	movs	r0, r7
100096b8:	7869      	ldrb	r1, [r5, #1]
100096ba:	f7ff f9af 	bl	10008a1c <usbd_edpt_claim>
100096be:	2800      	cmp	r0, #0
100096c0:	d0f7      	beq.n	100096b2 <tu_edpt_stream_write_zlp_if_needed+0x3a>
100096c2:	782b      	ldrb	r3, [r5, #0]
100096c4:	421c      	tst	r4, r3
100096c6:	d1f4      	bne.n	100096b2 <tu_edpt_stream_write_zlp_if_needed+0x3a>
100096c8:	2300      	movs	r3, #0
100096ca:	2200      	movs	r2, #0
100096cc:	0038      	movs	r0, r7
100096ce:	7869      	ldrb	r1, [r5, #1]
100096d0:	f7ff f9cc 	bl	10008a6c <usbd_edpt_xfer>
100096d4:	e7ee      	b.n	100096b4 <tu_edpt_stream_write_zlp_if_needed+0x3c>
100096d6:	46c0      	nop			@ (mov r8, r8)
100096d8:	fffffe40 	.word	0xfffffe40
100096dc:	000001ff 	.word	0x000001ff

100096e0 <tu_edpt_stream_write_xfer>:
100096e0:	b5f8      	push	{r3, r4, r5, r6, r7, lr}
100096e2:	000d      	movs	r5, r1
100096e4:	3508      	adds	r5, #8
100096e6:	0006      	movs	r6, r0
100096e8:	0028      	movs	r0, r5
100096ea:	000c      	movs	r4, r1
100096ec:	f000 f8ce 	bl	1000988c <tu_fifo_count>
100096f0:	2800      	cmp	r0, #0
100096f2:	d003      	beq.n	100096fc <tu_edpt_stream_write_xfer+0x1c>
100096f4:	2701      	movs	r7, #1
100096f6:	7823      	ldrb	r3, [r4, #0]
100096f8:	421f      	tst	r7, r3
100096fa:	d001      	beq.n	10009700 <tu_edpt_stream_write_xfer+0x20>
100096fc:	2000      	movs	r0, #0
100096fe:	bdf8      	pop	{r3, r4, r5, r6, r7, pc}
10009700:	0030      	movs	r0, r6
10009702:	7861      	ldrb	r1, [r4, #1]
10009704:	f7ff f98a 	bl	10008a1c <usbd_edpt_claim>
10009708:	2800      	cmp	r0, #0
1000970a:	d0f7      	beq.n	100096fc <tu_edpt_stream_write_xfer+0x1c>
1000970c:	0028      	movs	r0, r5
1000970e:	8862      	ldrh	r2, [r4, #2]
10009710:	6861      	ldr	r1, [r4, #4]
10009712:	f000 f93d 	bl	10009990 <tu_fifo_read_n>
10009716:	7823      	ldrb	r3, [r4, #0]
10009718:	0005      	movs	r5, r0
1000971a:	401f      	ands	r7, r3
1000971c:	2800      	cmp	r0, #0
1000971e:	d00b      	beq.n	10009738 <tu_edpt_stream_write_xfer+0x58>
10009720:	2f00      	cmp	r7, #0
10009722:	d1eb      	bne.n	100096fc <tu_edpt_stream_write_xfer+0x1c>
10009724:	0003      	movs	r3, r0
10009726:	6862      	ldr	r2, [r4, #4]
10009728:	0030      	movs	r0, r6
1000972a:	7861      	ldrb	r1, [r4, #1]
1000972c:	f7ff f99e 	bl	10008a6c <usbd_edpt_xfer>
10009730:	2800      	cmp	r0, #0
10009732:	d0e3      	beq.n	100096fc <tu_edpt_stream_write_xfer+0x1c>
10009734:	0028      	movs	r0, r5
10009736:	e7e2      	b.n	100096fe <tu_edpt_stream_write_xfer+0x1e>
10009738:	2f00      	cmp	r7, #0
1000973a:	d1df      	bne.n	100096fc <tu_edpt_stream_write_xfer+0x1c>
1000973c:	0030      	movs	r0, r6
1000973e:	7861      	ldrb	r1, [r4, #1]
10009740:	f7ff f980 	bl	10008a44 <usbd_edpt_release>
10009744:	e7da      	b.n	100096fc <tu_edpt_stream_write_xfer+0x1c>
10009746:	46c0      	nop			@ (mov r8, r8)

10009748 <tu_edpt_stream_read_xfer>:
10009748:	b5f8      	push	{r3, r4, r5, r6, r7, lr}
1000974a:	46ce      	mov	lr, r9
1000974c:	4647      	mov	r7, r8
1000974e:	b580      	push	{r7, lr}
10009750:	898a      	ldrh	r2, [r1, #12]
10009752:	0006      	movs	r6, r0
10009754:	000c      	movs	r4, r1
10009756:	780b      	ldrb	r3, [r1, #0]
10009758:	2a00      	cmp	r2, #0
1000975a:	d107      	bne.n	1000976c <tu_edpt_stream_read_xfer+0x24>
1000975c:	2501      	movs	r5, #1
1000975e:	421d      	tst	r5, r3
10009760:	d040      	beq.n	100097e4 <tu_edpt_stream_read_xfer+0x9c>
10009762:	2000      	movs	r0, #0
10009764:	bcc0      	pop	{r6, r7}
10009766:	46b9      	mov	r9, r7
10009768:	46b0      	mov	r8, r6
1000976a:	bdf8      	pop	{r3, r4, r5, r6, r7, pc}
1000976c:	079b      	lsls	r3, r3, #30
1000976e:	d433      	bmi.n	100097d8 <tu_edpt_stream_read_xfer+0x90>
10009770:	4b2a      	ldr	r3, [pc, #168]	@ (1000981c <tu_edpt_stream_read_xfer+0xd4>)
10009772:	2540      	movs	r5, #64	@ 0x40
10009774:	4699      	mov	r9, r3
10009776:	0027      	movs	r7, r4
10009778:	3708      	adds	r7, #8
1000977a:	0038      	movs	r0, r7
1000977c:	f000 f8a4 	bl	100098c8 <tu_fifo_remaining>
10009780:	4285      	cmp	r5, r0
10009782:	d8ee      	bhi.n	10009762 <tu_edpt_stream_read_xfer+0x1a>
10009784:	2201      	movs	r2, #1
10009786:	7823      	ldrb	r3, [r4, #0]
10009788:	4690      	mov	r8, r2
1000978a:	421a      	tst	r2, r3
1000978c:	d1e9      	bne.n	10009762 <tu_edpt_stream_read_xfer+0x1a>
1000978e:	0030      	movs	r0, r6
10009790:	7861      	ldrb	r1, [r4, #1]
10009792:	f7ff f943 	bl	10008a1c <usbd_edpt_claim>
10009796:	2800      	cmp	r0, #0
10009798:	d0e3      	beq.n	10009762 <tu_edpt_stream_read_xfer+0x1a>
1000979a:	0038      	movs	r0, r7
1000979c:	f000 f894 	bl	100098c8 <tu_fifo_remaining>
100097a0:	4642      	mov	r2, r8
100097a2:	7823      	ldrb	r3, [r4, #0]
100097a4:	401a      	ands	r2, r3
100097a6:	4285      	cmp	r5, r0
100097a8:	d831      	bhi.n	1000980e <tu_edpt_stream_read_xfer+0xc6>
100097aa:	2a00      	cmp	r2, #0
100097ac:	d1d9      	bne.n	10009762 <tu_edpt_stream_read_xfer+0x1a>
100097ae:	464a      	mov	r2, r9
100097b0:	8863      	ldrh	r3, [r4, #2]
100097b2:	4002      	ands	r2, r0
100097b4:	1c1d      	adds	r5, r3, #0
100097b6:	4293      	cmp	r3, r2
100097b8:	d900      	bls.n	100097bc <tu_edpt_stream_read_xfer+0x74>
100097ba:	1c15      	adds	r5, r2, #0
100097bc:	b2ad      	uxth	r5, r5
100097be:	2200      	movs	r2, #0
100097c0:	7861      	ldrb	r1, [r4, #1]
100097c2:	2d00      	cmp	r5, #0
100097c4:	d000      	beq.n	100097c8 <tu_edpt_stream_read_xfer+0x80>
100097c6:	6862      	ldr	r2, [r4, #4]
100097c8:	002b      	movs	r3, r5
100097ca:	0030      	movs	r0, r6
100097cc:	f7ff f94e 	bl	10008a6c <usbd_edpt_xfer>
100097d0:	2800      	cmp	r0, #0
100097d2:	d0c6      	beq.n	10009762 <tu_edpt_stream_read_xfer+0x1a>
100097d4:	0028      	movs	r0, r5
100097d6:	e7c5      	b.n	10009764 <tu_edpt_stream_read_xfer+0x1c>
100097d8:	23fe      	movs	r3, #254	@ 0xfe
100097da:	2580      	movs	r5, #128	@ 0x80
100097dc:	021b      	lsls	r3, r3, #8
100097de:	4699      	mov	r9, r3
100097e0:	00ad      	lsls	r5, r5, #2
100097e2:	e7c8      	b.n	10009776 <tu_edpt_stream_read_xfer+0x2e>
100097e4:	7849      	ldrb	r1, [r1, #1]
100097e6:	f7ff f919 	bl	10008a1c <usbd_edpt_claim>
100097ea:	2800      	cmp	r0, #0
100097ec:	d0b9      	beq.n	10009762 <tu_edpt_stream_read_xfer+0x1a>
100097ee:	7823      	ldrb	r3, [r4, #0]
100097f0:	421d      	tst	r5, r3
100097f2:	d1b6      	bne.n	10009762 <tu_edpt_stream_read_xfer+0x1a>
100097f4:	8863      	ldrh	r3, [r4, #2]
100097f6:	2200      	movs	r2, #0
100097f8:	7861      	ldrb	r1, [r4, #1]
100097fa:	2b00      	cmp	r3, #0
100097fc:	d000      	beq.n	10009800 <tu_edpt_stream_read_xfer+0xb8>
100097fe:	6862      	ldr	r2, [r4, #4]
10009800:	0030      	movs	r0, r6
10009802:	f7ff f933 	bl	10008a6c <usbd_edpt_xfer>
10009806:	2800      	cmp	r0, #0
10009808:	d0ab      	beq.n	10009762 <tu_edpt_stream_read_xfer+0x1a>
1000980a:	8860      	ldrh	r0, [r4, #2]
1000980c:	e7aa      	b.n	10009764 <tu_edpt_stream_read_xfer+0x1c>
1000980e:	2a00      	cmp	r2, #0
10009810:	d1a7      	bne.n	10009762 <tu_edpt_stream_read_xfer+0x1a>
10009812:	0030      	movs	r0, r6
10009814:	7861      	ldrb	r1, [r4, #1]
10009816:	f7ff f915 	bl	10008a44 <usbd_edpt_release>
1000981a:	e7a2      	b.n	10009762 <tu_edpt_stream_read_xfer+0x1a>
1000981c:	0000ffc0 	.word	0x0000ffc0

10009820 <tu_fifo_config>:
10009820:	b5f0      	push	{r4, r5, r6, r7, lr}
10009822:	46c6      	mov	lr, r8
10009824:	b500      	push	{lr}
10009826:	0004      	movs	r4, r0
10009828:	4668      	mov	r0, sp
1000982a:	7e05      	ldrb	r5, [r0, #24]
1000982c:	2080      	movs	r0, #128	@ 0x80
1000982e:	4688      	mov	r8, r1
10009830:	0017      	movs	r7, r2
10009832:	001e      	movs	r6, r3
10009834:	0200      	lsls	r0, r0, #8
10009836:	4282      	cmp	r2, r0
10009838:	d826      	bhi.n	10009888 <tu_fifo_config+0x68>
1000983a:	68e0      	ldr	r0, [r4, #12]
1000983c:	2800      	cmp	r0, #0
1000983e:	d003      	beq.n	10009848 <tu_fifo_config+0x28>
10009840:	2101      	movs	r1, #1
10009842:	4249      	negs	r1, r1
10009844:	f000 fad4 	bl	10009df0 <__mutex_enter_timeout_ms_veneer>
10009848:	6920      	ldr	r0, [r4, #16]
1000984a:	2800      	cmp	r0, #0
1000984c:	d003      	beq.n	10009856 <tu_fifo_config+0x36>
1000984e:	2101      	movs	r1, #1
10009850:	4249      	negs	r1, r1
10009852:	f000 facd 	bl	10009df0 <__mutex_enter_timeout_ms_veneer>
10009856:	4643      	mov	r3, r8
10009858:	6023      	str	r3, [r4, #0]
1000985a:	0473      	lsls	r3, r6, #17
1000985c:	0c5b      	lsrs	r3, r3, #17
1000985e:	03ed      	lsls	r5, r5, #15
10009860:	431d      	orrs	r5, r3
10009862:	2300      	movs	r3, #0
10009864:	68e0      	ldr	r0, [r4, #12]
10009866:	8163      	strh	r3, [r4, #10]
10009868:	80a7      	strh	r7, [r4, #4]
1000986a:	80e5      	strh	r5, [r4, #6]
1000986c:	8123      	strh	r3, [r4, #8]
1000986e:	2800      	cmp	r0, #0
10009870:	d001      	beq.n	10009876 <tu_fifo_config+0x56>
10009872:	f000 fa8d 	bl	10009d90 <__mutex_exit_veneer>
10009876:	6920      	ldr	r0, [r4, #16]
10009878:	2800      	cmp	r0, #0
1000987a:	d001      	beq.n	10009880 <tu_fifo_config+0x60>
1000987c:	f000 fa88 	bl	10009d90 <__mutex_exit_veneer>
10009880:	2001      	movs	r0, #1
10009882:	bc80      	pop	{r7}
10009884:	46b8      	mov	r8, r7
10009886:	bdf0      	pop	{r4, r5, r6, r7, pc}
10009888:	2000      	movs	r0, #0
1000988a:	e7fa      	b.n	10009882 <tu_fifo_config+0x62>

1000988c <tu_fifo_count>:
1000988c:	b510      	push	{r4, lr}
1000988e:	8904      	ldrh	r4, [r0, #8]
10009890:	8941      	ldrh	r1, [r0, #10]
10009892:	8882      	ldrh	r2, [r0, #4]
10009894:	b2a3      	uxth	r3, r4
10009896:	b288      	uxth	r0, r1
10009898:	428c      	cmp	r4, r1
1000989a:	d307      	bcc.n	100098ac <tu_fifo_count+0x20>
1000989c:	1a1b      	subs	r3, r3, r0
1000989e:	b29b      	uxth	r3, r3
100098a0:	1c10      	adds	r0, r2, #0
100098a2:	429a      	cmp	r2, r3
100098a4:	d900      	bls.n	100098a8 <tu_fifo_count+0x1c>
100098a6:	1c18      	adds	r0, r3, #0
100098a8:	b280      	uxth	r0, r0
100098aa:	bd10      	pop	{r4, pc}
100098ac:	0051      	lsls	r1, r2, #1
100098ae:	1a09      	subs	r1, r1, r0
100098b0:	185b      	adds	r3, r3, r1
100098b2:	b29b      	uxth	r3, r3
100098b4:	e7f4      	b.n	100098a0 <tu_fifo_count+0x14>
100098b6:	46c0      	nop			@ (mov r8, r8)

100098b8 <tu_fifo_empty>:
100098b8:	8903      	ldrh	r3, [r0, #8]
100098ba:	8940      	ldrh	r0, [r0, #10]
100098bc:	1a18      	subs	r0, r3, r0
100098be:	4243      	negs	r3, r0
100098c0:	4158      	adcs	r0, r3
100098c2:	b2c0      	uxtb	r0, r0
100098c4:	4770      	bx	lr
100098c6:	46c0      	nop			@ (mov r8, r8)

100098c8 <tu_fifo_remaining>:
100098c8:	b510      	push	{r4, lr}
100098ca:	8904      	ldrh	r4, [r0, #8]
100098cc:	8941      	ldrh	r1, [r0, #10]
100098ce:	8882      	ldrh	r2, [r0, #4]
100098d0:	b2a3      	uxth	r3, r4
100098d2:	b288      	uxth	r0, r1
100098d4:	428c      	cmp	r4, r1
100098d6:	d307      	bcc.n	100098e8 <tu_fifo_remaining+0x20>
100098d8:	1a1b      	subs	r3, r3, r0
100098da:	b29b      	uxth	r3, r3
100098dc:	2000      	movs	r0, #0
100098de:	429a      	cmp	r2, r3
100098e0:	d901      	bls.n	100098e6 <tu_fifo_remaining+0x1e>
100098e2:	1ad2      	subs	r2, r2, r3
100098e4:	b290      	uxth	r0, r2
100098e6:	bd10      	pop	{r4, pc}
100098e8:	0051      	lsls	r1, r2, #1
100098ea:	1a09      	subs	r1, r1, r0
100098ec:	185b      	adds	r3, r3, r1
100098ee:	b29b      	uxth	r3, r3
100098f0:	e7f4      	b.n	100098dc <tu_fifo_remaining+0x14>
100098f2:	46c0      	nop			@ (mov r8, r8)

100098f4 <tu_fifo_read>:
100098f4:	b570      	push	{r4, r5, r6, lr}
100098f6:	0004      	movs	r4, r0
100098f8:	6900      	ldr	r0, [r0, #16]
100098fa:	000e      	movs	r6, r1
100098fc:	2800      	cmp	r0, #0
100098fe:	d003      	beq.n	10009908 <tu_fifo_read+0x14>
10009900:	2101      	movs	r1, #1
10009902:	4249      	negs	r1, r1
10009904:	f000 fa74 	bl	10009df0 <__mutex_enter_timeout_ms_veneer>
10009908:	8925      	ldrh	r5, [r4, #8]
1000990a:	8960      	ldrh	r0, [r4, #10]
1000990c:	88a2      	ldrh	r2, [r4, #4]
1000990e:	b2a9      	uxth	r1, r5
10009910:	b283      	uxth	r3, r0
10009912:	4285      	cmp	r5, r0
10009914:	d332      	bcc.n	1000997c <tu_fifo_read+0x88>
10009916:	1acd      	subs	r5, r1, r3
10009918:	b2ad      	uxth	r5, r5
1000991a:	2d00      	cmp	r5, #0
1000991c:	d028      	beq.n	10009970 <tu_fifo_read+0x7c>
1000991e:	42aa      	cmp	r2, r5
10009920:	d208      	bcs.n	10009934 <tu_fifo_read+0x40>
10009922:	4291      	cmp	r1, r2
10009924:	d32f      	bcc.n	10009986 <tu_fifo_read+0x92>
10009926:	1a89      	subs	r1, r1, r2
10009928:	b28b      	uxth	r3, r1
1000992a:	8163      	strh	r3, [r4, #10]
1000992c:	429a      	cmp	r2, r3
1000992e:	d803      	bhi.n	10009938 <tu_fifo_read+0x44>
10009930:	1a9b      	subs	r3, r3, r2
10009932:	b29b      	uxth	r3, r3
10009934:	429a      	cmp	r2, r3
10009936:	d9fb      	bls.n	10009930 <tu_fifo_read+0x3c>
10009938:	88e2      	ldrh	r2, [r4, #6]
1000993a:	6821      	ldr	r1, [r4, #0]
1000993c:	0452      	lsls	r2, r2, #17
1000993e:	0c52      	lsrs	r2, r2, #17
10009940:	4353      	muls	r3, r2
10009942:	0030      	movs	r0, r6
10009944:	18c9      	adds	r1, r1, r3
10009946:	f7fb ff73 	bl	10005830 <__wrap___aeabi_memcpy>
1000994a:	8963      	ldrh	r3, [r4, #10]
1000994c:	2501      	movs	r5, #1
1000994e:	1c59      	adds	r1, r3, #1
10009950:	b289      	uxth	r1, r1
10009952:	88a2      	ldrh	r2, [r4, #4]
10009954:	428b      	cmp	r3, r1
10009956:	d90d      	bls.n	10009974 <tu_fifo_read+0x80>
10009958:	2100      	movs	r1, #0
1000995a:	0052      	lsls	r2, r2, #1
1000995c:	1a89      	subs	r1, r1, r2
1000995e:	b289      	uxth	r1, r1
10009960:	6920      	ldr	r0, [r4, #16]
10009962:	8161      	strh	r1, [r4, #10]
10009964:	2800      	cmp	r0, #0
10009966:	d001      	beq.n	1000996c <tu_fifo_read+0x78>
10009968:	f000 fa12 	bl	10009d90 <__mutex_exit_veneer>
1000996c:	0028      	movs	r0, r5
1000996e:	bd70      	pop	{r4, r5, r6, pc}
10009970:	8961      	ldrh	r1, [r4, #10]
10009972:	b289      	uxth	r1, r1
10009974:	0052      	lsls	r2, r2, #1
10009976:	4291      	cmp	r1, r2
10009978:	dbf2      	blt.n	10009960 <tu_fifo_read+0x6c>
1000997a:	e7ef      	b.n	1000995c <tu_fifo_read+0x68>
1000997c:	0055      	lsls	r5, r2, #1
1000997e:	1aed      	subs	r5, r5, r3
10009980:	194d      	adds	r5, r1, r5
10009982:	b2ad      	uxth	r5, r5
10009984:	e7c9      	b.n	1000991a <tu_fifo_read+0x26>
10009986:	1889      	adds	r1, r1, r2
10009988:	b28b      	uxth	r3, r1
1000998a:	8163      	strh	r3, [r4, #10]
1000998c:	e7ce      	b.n	1000992c <tu_fifo_read+0x38>
1000998e:	46c0      	nop			@ (mov r8, r8)

10009990 <tu_fifo_read_n>:
10009990:	b5f0      	push	{r4, r5, r6, r7, lr}
10009992:	4646      	mov	r6, r8
10009994:	464f      	mov	r7, r9
10009996:	46d6      	mov	lr, sl
10009998:	b5c0      	push	{r6, r7, lr}
1000999a:	0006      	movs	r6, r0
1000999c:	6900      	ldr	r0, [r0, #16]
1000999e:	4689      	mov	r9, r1
100099a0:	4690      	mov	r8, r2
100099a2:	2800      	cmp	r0, #0
100099a4:	d003      	beq.n	100099ae <tu_fifo_read_n+0x1e>
100099a6:	2101      	movs	r1, #1
100099a8:	4249      	negs	r1, r1
100099aa:	f000 fa21 	bl	10009df0 <__mutex_enter_timeout_ms_veneer>
100099ae:	8931      	ldrh	r1, [r6, #8]
100099b0:	8972      	ldrh	r2, [r6, #10]
100099b2:	88b5      	ldrh	r5, [r6, #4]
100099b4:	b28b      	uxth	r3, r1
100099b6:	b294      	uxth	r4, r2
100099b8:	4291      	cmp	r1, r2
100099ba:	d354      	bcc.n	10009a66 <tu_fifo_read_n+0xd6>
100099bc:	1b1f      	subs	r7, r3, r4
100099be:	b2bf      	uxth	r7, r7
100099c0:	2f00      	cmp	r7, #0
100099c2:	d04a      	beq.n	10009a5a <tu_fifo_read_n+0xca>
100099c4:	42bd      	cmp	r5, r7
100099c6:	d205      	bcs.n	100099d4 <tu_fifo_read_n+0x44>
100099c8:	42ab      	cmp	r3, r5
100099ca:	d251      	bcs.n	10009a70 <tu_fifo_read_n+0xe0>
100099cc:	195b      	adds	r3, r3, r5
100099ce:	b29c      	uxth	r4, r3
100099d0:	002f      	movs	r7, r5
100099d2:	8174      	strh	r4, [r6, #10]
100099d4:	4643      	mov	r3, r8
100099d6:	45b8      	cmp	r8, r7
100099d8:	d83d      	bhi.n	10009a56 <tu_fifo_read_n+0xc6>
100099da:	b29f      	uxth	r7, r3
100099dc:	42a5      	cmp	r5, r4
100099de:	d803      	bhi.n	100099e8 <tu_fifo_read_n+0x58>
100099e0:	1b64      	subs	r4, r4, r5
100099e2:	b2a4      	uxth	r4, r4
100099e4:	42a5      	cmp	r5, r4
100099e6:	d9fb      	bls.n	100099e0 <tu_fifo_read_n+0x50>
100099e8:	88f2      	ldrh	r2, [r6, #6]
100099ea:	6831      	ldr	r1, [r6, #0]
100099ec:	0452      	lsls	r2, r2, #17
100099ee:	0c52      	lsrs	r2, r2, #17
100099f0:	4690      	mov	r8, r2
100099f2:	4362      	muls	r2, r4
100099f4:	1b2b      	subs	r3, r5, r4
100099f6:	b29b      	uxth	r3, r3
100099f8:	1889      	adds	r1, r1, r2
100099fa:	4642      	mov	r2, r8
100099fc:	429f      	cmp	r7, r3
100099fe:	d925      	bls.n	10009a4c <tu_fifo_read_n+0xbc>
10009a00:	4353      	muls	r3, r2
10009a02:	b29b      	uxth	r3, r3
10009a04:	001a      	movs	r2, r3
10009a06:	4648      	mov	r0, r9
10009a08:	469a      	mov	sl, r3
10009a0a:	f7fb ff11 	bl	10005830 <__wrap___aeabi_memcpy>
10009a0e:	4643      	mov	r3, r8
10009a10:	4648      	mov	r0, r9
10009a12:	1b7d      	subs	r5, r7, r5
10009a14:	1964      	adds	r4, r4, r5
10009a16:	435c      	muls	r4, r3
10009a18:	6831      	ldr	r1, [r6, #0]
10009a1a:	4450      	add	r0, sl
10009a1c:	b2a2      	uxth	r2, r4
10009a1e:	f7fb ff07 	bl	10005830 <__wrap___aeabi_memcpy>
10009a22:	8971      	ldrh	r1, [r6, #10]
10009a24:	88b5      	ldrh	r5, [r6, #4]
10009a26:	19cb      	adds	r3, r1, r7
10009a28:	b29b      	uxth	r3, r3
10009a2a:	006a      	lsls	r2, r5, #1
10009a2c:	4299      	cmp	r1, r3
10009a2e:	d916      	bls.n	10009a5e <tu_fifo_read_n+0xce>
10009a30:	1a9b      	subs	r3, r3, r2
10009a32:	b29b      	uxth	r3, r3
10009a34:	6930      	ldr	r0, [r6, #16]
10009a36:	8173      	strh	r3, [r6, #10]
10009a38:	2800      	cmp	r0, #0
10009a3a:	d001      	beq.n	10009a40 <tu_fifo_read_n+0xb0>
10009a3c:	f000 f9a8 	bl	10009d90 <__mutex_exit_veneer>
10009a40:	0038      	movs	r0, r7
10009a42:	bce0      	pop	{r5, r6, r7}
10009a44:	46ba      	mov	sl, r7
10009a46:	46b1      	mov	r9, r6
10009a48:	46a8      	mov	r8, r5
10009a4a:	bdf0      	pop	{r4, r5, r6, r7, pc}
10009a4c:	4648      	mov	r0, r9
10009a4e:	437a      	muls	r2, r7
10009a50:	f7fb feee 	bl	10005830 <__wrap___aeabi_memcpy>
10009a54:	e7e5      	b.n	10009a22 <tu_fifo_read_n+0x92>
10009a56:	1c3b      	adds	r3, r7, #0
10009a58:	e7bf      	b.n	100099da <tu_fifo_read_n+0x4a>
10009a5a:	8973      	ldrh	r3, [r6, #10]
10009a5c:	b29b      	uxth	r3, r3
10009a5e:	006a      	lsls	r2, r5, #1
10009a60:	4293      	cmp	r3, r2
10009a62:	dbe7      	blt.n	10009a34 <tu_fifo_read_n+0xa4>
10009a64:	e7e4      	b.n	10009a30 <tu_fifo_read_n+0xa0>
10009a66:	006f      	lsls	r7, r5, #1
10009a68:	1b3f      	subs	r7, r7, r4
10009a6a:	19df      	adds	r7, r3, r7
10009a6c:	b2bf      	uxth	r7, r7
10009a6e:	e7a7      	b.n	100099c0 <tu_fifo_read_n+0x30>
10009a70:	1b5b      	subs	r3, r3, r5
10009a72:	b29c      	uxth	r4, r3
10009a74:	e7ac      	b.n	100099d0 <tu_fifo_read_n+0x40>
10009a76:	46c0      	nop			@ (mov r8, r8)

10009a78 <tu_fifo_write>:
10009a78:	b5f8      	push	{r3, r4, r5, r6, r7, lr}
10009a7a:	0004      	movs	r4, r0
10009a7c:	68c0      	ldr	r0, [r0, #12]
10009a7e:	000e      	movs	r6, r1
10009a80:	2800      	cmp	r0, #0
10009a82:	d003      	beq.n	10009a8c <tu_fifo_write+0x14>
10009a84:	2101      	movs	r1, #1
10009a86:	4249      	negs	r1, r1
10009a88:	f000 f9b2 	bl	10009df0 <__mutex_enter_timeout_ms_veneer>
10009a8c:	8925      	ldrh	r5, [r4, #8]
10009a8e:	8920      	ldrh	r0, [r4, #8]
10009a90:	8961      	ldrh	r1, [r4, #10]
10009a92:	88a2      	ldrh	r2, [r4, #4]
10009a94:	b2ad      	uxth	r5, r5
10009a96:	b283      	uxth	r3, r0
10009a98:	b28f      	uxth	r7, r1
10009a9a:	4288      	cmp	r0, r1
10009a9c:	d329      	bcc.n	10009af2 <tu_fifo_write+0x7a>
10009a9e:	1bdb      	subs	r3, r3, r7
10009aa0:	b29b      	uxth	r3, r3
10009aa2:	429a      	cmp	r2, r3
10009aa4:	d809      	bhi.n	10009aba <tu_fifo_write+0x42>
10009aa6:	79e7      	ldrb	r7, [r4, #7]
10009aa8:	09ff      	lsrs	r7, r7, #7
10009aaa:	d106      	bne.n	10009aba <tu_fifo_write+0x42>
10009aac:	68e0      	ldr	r0, [r4, #12]
10009aae:	2800      	cmp	r0, #0
10009ab0:	d001      	beq.n	10009ab6 <tu_fifo_write+0x3e>
10009ab2:	f000 f96d 	bl	10009d90 <__mutex_exit_veneer>
10009ab6:	0038      	movs	r0, r7
10009ab8:	bdf8      	pop	{r3, r4, r5, r6, r7, pc}
10009aba:	002b      	movs	r3, r5
10009abc:	4295      	cmp	r5, r2
10009abe:	d31d      	bcc.n	10009afc <tu_fifo_write+0x84>
10009ac0:	1a9b      	subs	r3, r3, r2
10009ac2:	b29b      	uxth	r3, r3
10009ac4:	4293      	cmp	r3, r2
10009ac6:	d2fb      	bcs.n	10009ac0 <tu_fifo_write+0x48>
10009ac8:	88e2      	ldrh	r2, [r4, #6]
10009aca:	6820      	ldr	r0, [r4, #0]
10009acc:	0452      	lsls	r2, r2, #17
10009ace:	0c52      	lsrs	r2, r2, #17
10009ad0:	4353      	muls	r3, r2
10009ad2:	0031      	movs	r1, r6
10009ad4:	18c0      	adds	r0, r0, r3
10009ad6:	f7fb feab 	bl	10005830 <__wrap___aeabi_memcpy>
10009ada:	1c6b      	adds	r3, r5, #1
10009adc:	b29b      	uxth	r3, r3
10009ade:	88a2      	ldrh	r2, [r4, #4]
10009ae0:	429d      	cmp	r5, r3
10009ae2:	d917      	bls.n	10009b14 <tu_fifo_write+0x9c>
10009ae4:	2300      	movs	r3, #0
10009ae6:	0052      	lsls	r2, r2, #1
10009ae8:	1a9b      	subs	r3, r3, r2
10009aea:	b29b      	uxth	r3, r3
10009aec:	2701      	movs	r7, #1
10009aee:	8123      	strh	r3, [r4, #8]
10009af0:	e7dc      	b.n	10009aac <tu_fifo_write+0x34>
10009af2:	0051      	lsls	r1, r2, #1
10009af4:	1bc9      	subs	r1, r1, r7
10009af6:	185b      	adds	r3, r3, r1
10009af8:	b29b      	uxth	r3, r3
10009afa:	e7d2      	b.n	10009aa2 <tu_fifo_write+0x2a>
10009afc:	88e2      	ldrh	r2, [r4, #6]
10009afe:	6820      	ldr	r0, [r4, #0]
10009b00:	0452      	lsls	r2, r2, #17
10009b02:	0c52      	lsrs	r2, r2, #17
10009b04:	4353      	muls	r3, r2
10009b06:	0031      	movs	r1, r6
10009b08:	18c0      	adds	r0, r0, r3
10009b0a:	f7fb fe91 	bl	10005830 <__wrap___aeabi_memcpy>
10009b0e:	3501      	adds	r5, #1
10009b10:	88a2      	ldrh	r2, [r4, #4]
10009b12:	b2ab      	uxth	r3, r5
10009b14:	0052      	lsls	r2, r2, #1
10009b16:	4293      	cmp	r3, r2
10009b18:	dbe8      	blt.n	10009aec <tu_fifo_write+0x74>
10009b1a:	e7e5      	b.n	10009ae8 <tu_fifo_write+0x70>

10009b1c <tu_fifo_write_n>:
10009b1c:	b5f0      	push	{r4, r5, r6, r7, lr}
10009b1e:	464e      	mov	r6, r9
10009b20:	4657      	mov	r7, sl
10009b22:	46de      	mov	lr, fp
10009b24:	4645      	mov	r5, r8
10009b26:	b5e0      	push	{r5, r6, r7, lr}
10009b28:	4689      	mov	r9, r1
10009b2a:	0006      	movs	r6, r0
10009b2c:	0017      	movs	r7, r2
10009b2e:	b083      	sub	sp, #12
10009b30:	2a00      	cmp	r2, #0
10009b32:	d067      	beq.n	10009c04 <tu_fifo_write_n+0xe8>
10009b34:	68c0      	ldr	r0, [r0, #12]
10009b36:	2800      	cmp	r0, #0
10009b38:	d003      	beq.n	10009b42 <tu_fifo_write_n+0x26>
10009b3a:	2101      	movs	r1, #1
10009b3c:	4249      	negs	r1, r1
10009b3e:	f000 f957 	bl	10009df0 <__mutex_enter_timeout_ms_veneer>
10009b42:	8933      	ldrh	r3, [r6, #8]
10009b44:	79f2      	ldrb	r2, [r6, #7]
10009b46:	b29b      	uxth	r3, r3
10009b48:	4698      	mov	r8, r3
10009b4a:	8973      	ldrh	r3, [r6, #10]
10009b4c:	88b5      	ldrh	r5, [r6, #4]
10009b4e:	b29b      	uxth	r3, r3
10009b50:	09d2      	lsrs	r2, r2, #7
10009b52:	d140      	bne.n	10009bd6 <tu_fifo_write_n+0xba>
10009b54:	4598      	cmp	r8, r3
10009b56:	d25e      	bcs.n	10009c16 <tu_fifo_write_n+0xfa>
10009b58:	006a      	lsls	r2, r5, #1
10009b5a:	1ad3      	subs	r3, r2, r3
10009b5c:	4443      	add	r3, r8
10009b5e:	b29b      	uxth	r3, r3
10009b60:	42ab      	cmp	r3, r5
10009b62:	d25d      	bcs.n	10009c20 <tu_fifo_write_n+0x104>
10009b64:	1aeb      	subs	r3, r5, r3
10009b66:	1c1a      	adds	r2, r3, #0
10009b68:	b29b      	uxth	r3, r3
10009b6a:	42bb      	cmp	r3, r7
10009b6c:	d900      	bls.n	10009b70 <tu_fifo_write_n+0x54>
10009b6e:	1c3a      	adds	r2, r7, #0
10009b70:	b297      	uxth	r7, r2
10009b72:	1b7b      	subs	r3, r7, r5
10009b74:	b29b      	uxth	r3, r3
10009b76:	9301      	str	r3, [sp, #4]
10009b78:	88f3      	ldrh	r3, [r6, #6]
10009b7a:	045b      	lsls	r3, r3, #17
10009b7c:	0c5b      	lsrs	r3, r3, #17
10009b7e:	469a      	mov	sl, r3
10009b80:	4643      	mov	r3, r8
10009b82:	19db      	adds	r3, r3, r7
10009b84:	b29b      	uxth	r3, r3
10009b86:	469b      	mov	fp, r3
10009b88:	4644      	mov	r4, r8
10009b8a:	45a8      	cmp	r8, r5
10009b8c:	d303      	bcc.n	10009b96 <tu_fifo_write_n+0x7a>
10009b8e:	1b64      	subs	r4, r4, r5
10009b90:	b2a4      	uxth	r4, r4
10009b92:	42ac      	cmp	r4, r5
10009b94:	d2fb      	bcs.n	10009b8e <tu_fifo_write_n+0x72>
10009b96:	4653      	mov	r3, sl
10009b98:	4363      	muls	r3, r4
10009b9a:	6830      	ldr	r0, [r6, #0]
10009b9c:	1b2d      	subs	r5, r5, r4
10009b9e:	b2ad      	uxth	r5, r5
10009ba0:	18c0      	adds	r0, r0, r3
10009ba2:	42bd      	cmp	r5, r7
10009ba4:	d34b      	bcc.n	10009c3e <tu_fifo_write_n+0x122>
10009ba6:	4652      	mov	r2, sl
10009ba8:	4649      	mov	r1, r9
10009baa:	437a      	muls	r2, r7
10009bac:	f7fb fe40 	bl	10005830 <__wrap___aeabi_memcpy>
10009bb0:	88b3      	ldrh	r3, [r6, #4]
10009bb2:	005b      	lsls	r3, r3, #1
10009bb4:	45d8      	cmp	r8, fp
10009bb6:	d801      	bhi.n	10009bbc <tu_fifo_write_n+0xa0>
10009bb8:	459b      	cmp	fp, r3
10009bba:	db03      	blt.n	10009bc4 <tu_fifo_write_n+0xa8>
10009bbc:	465a      	mov	r2, fp
10009bbe:	1ad3      	subs	r3, r2, r3
10009bc0:	b29b      	uxth	r3, r3
10009bc2:	469b      	mov	fp, r3
10009bc4:	465b      	mov	r3, fp
10009bc6:	003d      	movs	r5, r7
10009bc8:	8133      	strh	r3, [r6, #8]
10009bca:	68f0      	ldr	r0, [r6, #12]
10009bcc:	2800      	cmp	r0, #0
10009bce:	d01a      	beq.n	10009c06 <tu_fifo_write_n+0xea>
10009bd0:	f000 f8de 	bl	10009d90 <__mutex_exit_veneer>
10009bd4:	e017      	b.n	10009c06 <tu_fifo_write_n+0xea>
10009bd6:	88f2      	ldrh	r2, [r6, #6]
10009bd8:	0452      	lsls	r2, r2, #17
10009bda:	0c52      	lsrs	r2, r2, #17
10009bdc:	4692      	mov	sl, r2
10009bde:	42af      	cmp	r7, r5
10009be0:	d220      	bcs.n	10009c24 <tu_fifo_write_n+0x108>
10009be2:	4598      	cmp	r8, r3
10009be4:	d34d      	bcc.n	10009c82 <tu_fifo_write_n+0x166>
10009be6:	4642      	mov	r2, r8
10009be8:	1ad2      	subs	r2, r2, r3
10009bea:	b292      	uxth	r2, r2
10009bec:	0069      	lsls	r1, r5, #1
10009bee:	1b78      	subs	r0, r7, r5
10009bf0:	b280      	uxth	r0, r0
10009bf2:	19d2      	adds	r2, r2, r7
10009bf4:	9001      	str	r0, [sp, #4]
10009bf6:	428a      	cmp	r2, r1
10009bf8:	da33      	bge.n	10009c62 <tu_fifo_write_n+0x146>
10009bfa:	4643      	mov	r3, r8
10009bfc:	18fb      	adds	r3, r7, r3
10009bfe:	b29b      	uxth	r3, r3
10009c00:	469b      	mov	fp, r3
10009c02:	e7c1      	b.n	10009b88 <tu_fifo_write_n+0x6c>
10009c04:	2500      	movs	r5, #0
10009c06:	0028      	movs	r0, r5
10009c08:	b003      	add	sp, #12
10009c0a:	bcf0      	pop	{r4, r5, r6, r7}
10009c0c:	46bb      	mov	fp, r7
10009c0e:	46b2      	mov	sl, r6
10009c10:	46a9      	mov	r9, r5
10009c12:	46a0      	mov	r8, r4
10009c14:	bdf0      	pop	{r4, r5, r6, r7, pc}
10009c16:	4642      	mov	r2, r8
10009c18:	1ad3      	subs	r3, r2, r3
10009c1a:	b29b      	uxth	r3, r3
10009c1c:	42ab      	cmp	r3, r5
10009c1e:	d3a1      	bcc.n	10009b64 <tu_fifo_write_n+0x48>
10009c20:	2500      	movs	r5, #0
10009c22:	e7d2      	b.n	10009bca <tu_fifo_write_n+0xae>
10009c24:	2d00      	cmp	r5, #0
10009c26:	d0d0      	beq.n	10009bca <tu_fifo_write_n+0xae>
10009c28:	1b7f      	subs	r7, r7, r5
10009c2a:	4357      	muls	r7, r2
10009c2c:	4698      	mov	r8, r3
10009c2e:	195a      	adds	r2, r3, r5
10009c30:	2300      	movs	r3, #0
10009c32:	b292      	uxth	r2, r2
10009c34:	44b9      	add	r9, r7
10009c36:	4693      	mov	fp, r2
10009c38:	002f      	movs	r7, r5
10009c3a:	9301      	str	r3, [sp, #4]
10009c3c:	e7a4      	b.n	10009b88 <tu_fifo_write_n+0x6c>
10009c3e:	4653      	mov	r3, sl
10009c40:	435d      	muls	r5, r3
10009c42:	b2ad      	uxth	r5, r5
10009c44:	002a      	movs	r2, r5
10009c46:	4649      	mov	r1, r9
10009c48:	f7fb fdf2 	bl	10005830 <__wrap___aeabi_memcpy>
10009c4c:	9b01      	ldr	r3, [sp, #4]
10009c4e:	0029      	movs	r1, r5
10009c50:	18e2      	adds	r2, r4, r3
10009c52:	4653      	mov	r3, sl
10009c54:	435a      	muls	r2, r3
10009c56:	6830      	ldr	r0, [r6, #0]
10009c58:	b292      	uxth	r2, r2
10009c5a:	4449      	add	r1, r9
10009c5c:	f7fb fde8 	bl	10005830 <__wrap___aeabi_memcpy>
10009c60:	e7a6      	b.n	10009bb0 <tu_fifo_write_n+0x94>
10009c62:	195a      	adds	r2, r3, r5
10009c64:	b292      	uxth	r2, r2
10009c66:	4693      	mov	fp, r2
10009c68:	1bd2      	subs	r2, r2, r7
10009c6a:	b292      	uxth	r2, r2
10009c6c:	4690      	mov	r8, r2
10009c6e:	4293      	cmp	r3, r2
10009c70:	d90c      	bls.n	10009c8c <tu_fifo_write_n+0x170>
10009c72:	4643      	mov	r3, r8
10009c74:	1a59      	subs	r1, r3, r1
10009c76:	b28b      	uxth	r3, r1
10009c78:	4698      	mov	r8, r3
10009c7a:	18fb      	adds	r3, r7, r3
10009c7c:	b29b      	uxth	r3, r3
10009c7e:	469b      	mov	fp, r3
10009c80:	e782      	b.n	10009b88 <tu_fifo_write_n+0x6c>
10009c82:	0069      	lsls	r1, r5, #1
10009c84:	1aca      	subs	r2, r1, r3
10009c86:	4442      	add	r2, r8
10009c88:	b292      	uxth	r2, r2
10009c8a:	e7b0      	b.n	10009bee <tu_fifo_write_n+0xd2>
10009c8c:	4291      	cmp	r1, r2
10009c8e:	dd00      	ble.n	10009c92 <tu_fifo_write_n+0x176>
10009c90:	e77a      	b.n	10009b88 <tu_fifo_write_n+0x6c>
10009c92:	e7ee      	b.n	10009c72 <tu_fifo_write_n+0x156>

10009c94 <tu_fifo_clear>:
10009c94:	b510      	push	{r4, lr}
10009c96:	0004      	movs	r4, r0
10009c98:	68c0      	ldr	r0, [r0, #12]
10009c9a:	2800      	cmp	r0, #0
10009c9c:	d003      	beq.n	10009ca6 <tu_fifo_clear+0x12>
10009c9e:	2101      	movs	r1, #1
10009ca0:	4249      	negs	r1, r1
10009ca2:	f000 f8a5 	bl	10009df0 <__mutex_enter_timeout_ms_veneer>
10009ca6:	6920      	ldr	r0, [r4, #16]
10009ca8:	2800      	cmp	r0, #0
10009caa:	d003      	beq.n	10009cb4 <tu_fifo_clear+0x20>
10009cac:	2101      	movs	r1, #1
10009cae:	4249      	negs	r1, r1
10009cb0:	f000 f89e 	bl	10009df0 <__mutex_enter_timeout_ms_veneer>
10009cb4:	2300      	movs	r3, #0
10009cb6:	68e0      	ldr	r0, [r4, #12]
10009cb8:	8163      	strh	r3, [r4, #10]
10009cba:	8123      	strh	r3, [r4, #8]
10009cbc:	2800      	cmp	r0, #0
10009cbe:	d001      	beq.n	10009cc4 <tu_fifo_clear+0x30>
10009cc0:	f000 f866 	bl	10009d90 <__mutex_exit_veneer>
10009cc4:	6920      	ldr	r0, [r4, #16]
10009cc6:	2800      	cmp	r0, #0
10009cc8:	d001      	beq.n	10009cce <tu_fifo_clear+0x3a>
10009cca:	f000 f861 	bl	10009d90 <__mutex_exit_veneer>
10009cce:	2001      	movs	r0, #1
10009cd0:	bd10      	pop	{r4, pc}
10009cd2:	46c0      	nop			@ (mov r8, r8)

10009cd4 <tu_fifo_set_overwritable>:
10009cd4:	b570      	push	{r4, r5, r6, lr}
10009cd6:	0004      	movs	r4, r0
10009cd8:	68c0      	ldr	r0, [r0, #12]
10009cda:	000d      	movs	r5, r1
10009cdc:	2800      	cmp	r0, #0
10009cde:	d003      	beq.n	10009ce8 <tu_fifo_set_overwritable+0x14>
10009ce0:	2101      	movs	r1, #1
10009ce2:	4249      	negs	r1, r1
10009ce4:	f000 f884 	bl	10009df0 <__mutex_enter_timeout_ms_veneer>
10009ce8:	6920      	ldr	r0, [r4, #16]
10009cea:	2800      	cmp	r0, #0
10009cec:	d003      	beq.n	10009cf6 <tu_fifo_set_overwritable+0x22>
10009cee:	2101      	movs	r1, #1
10009cf0:	4249      	negs	r1, r1
10009cf2:	f000 f87d 	bl	10009df0 <__mutex_enter_timeout_ms_veneer>
10009cf6:	217f      	movs	r1, #127	@ 0x7f
10009cf8:	79e3      	ldrb	r3, [r4, #7]
10009cfa:	01ed      	lsls	r5, r5, #7
10009cfc:	4019      	ands	r1, r3
10009cfe:	68e0      	ldr	r0, [r4, #12]
10009d00:	4329      	orrs	r1, r5
10009d02:	71e1      	strb	r1, [r4, #7]
10009d04:	2800      	cmp	r0, #0
10009d06:	d001      	beq.n	10009d0c <tu_fifo_set_overwritable+0x38>
10009d08:	f000 f842 	bl	10009d90 <__mutex_exit_veneer>
10009d0c:	6920      	ldr	r0, [r4, #16]
10009d0e:	2800      	cmp	r0, #0
10009d10:	d001      	beq.n	10009d16 <tu_fifo_set_overwritable+0x42>
10009d12:	f000 f83d 	bl	10009d90 <__mutex_exit_veneer>
10009d16:	2001      	movs	r0, #1
10009d18:	bd70      	pop	{r4, r5, r6, pc}
10009d1a:	46c0      	nop			@ (mov r8, r8)

10009d1c <strlen>:
10009d1c:	b510      	push	{r4, lr}
10009d1e:	0783      	lsls	r3, r0, #30
10009d20:	d00a      	beq.n	10009d38 <strlen+0x1c>
10009d22:	0003      	movs	r3, r0
10009d24:	2103      	movs	r1, #3
10009d26:	e002      	b.n	10009d2e <strlen+0x12>
10009d28:	3301      	adds	r3, #1
10009d2a:	420b      	tst	r3, r1
10009d2c:	d005      	beq.n	10009d3a <strlen+0x1e>
10009d2e:	781a      	ldrb	r2, [r3, #0]
10009d30:	2a00      	cmp	r2, #0
10009d32:	d1f9      	bne.n	10009d28 <strlen+0xc>
10009d34:	1a18      	subs	r0, r3, r0
10009d36:	bd10      	pop	{r4, pc}
10009d38:	0003      	movs	r3, r0
10009d3a:	6819      	ldr	r1, [r3, #0]
10009d3c:	4a0c      	ldr	r2, [pc, #48]	@ (10009d70 <strlen+0x54>)
10009d3e:	4c0d      	ldr	r4, [pc, #52]	@ (10009d74 <strlen+0x58>)
10009d40:	188a      	adds	r2, r1, r2
10009d42:	438a      	bics	r2, r1
10009d44:	4222      	tst	r2, r4
10009d46:	d10f      	bne.n	10009d68 <strlen+0x4c>
10009d48:	6859      	ldr	r1, [r3, #4]
10009d4a:	4a09      	ldr	r2, [pc, #36]	@ (10009d70 <strlen+0x54>)
10009d4c:	3304      	adds	r3, #4
10009d4e:	188a      	adds	r2, r1, r2
10009d50:	438a      	bics	r2, r1
10009d52:	4222      	tst	r2, r4
10009d54:	d108      	bne.n	10009d68 <strlen+0x4c>
10009d56:	6859      	ldr	r1, [r3, #4]
10009d58:	4a05      	ldr	r2, [pc, #20]	@ (10009d70 <strlen+0x54>)
10009d5a:	3304      	adds	r3, #4
10009d5c:	188a      	adds	r2, r1, r2
10009d5e:	438a      	bics	r2, r1
10009d60:	4222      	tst	r2, r4
10009d62:	d0f1      	beq.n	10009d48 <strlen+0x2c>
10009d64:	e000      	b.n	10009d68 <strlen+0x4c>
10009d66:	3301      	adds	r3, #1
10009d68:	781a      	ldrb	r2, [r3, #0]
10009d6a:	2a00      	cmp	r2, #0
10009d6c:	d1fb      	bne.n	10009d66 <strlen+0x4a>
10009d6e:	e7e1      	b.n	10009d34 <strlen+0x18>
10009d70:	fefefeff 	.word	0xfefefeff
10009d74:	80808080 	.word	0x80808080

10009d78 <_fini>:
10009d78:	b5f8      	push	{r3, r4, r5, r6, r7, lr}
10009d7a:	46c0      	nop			@ (mov r8, r8)
10009d7c:	0000      	movs	r0, r0
	...

10009d80 <__flash_do_cmd_veneer>:
10009d80:	b401      	push	{r0}
10009d82:	4802      	ldr	r0, [pc, #8]	@ (10009d8c <__flash_do_cmd_veneer+0xc>)
10009d84:	4684      	mov	ip, r0
10009d86:	bc01      	pop	{r0}
10009d88:	4760      	bx	ip
10009d8a:	bf00      	nop
10009d8c:	200002c1 	.word	0x200002c1

10009d90 <__mutex_exit_veneer>:
10009d90:	b401      	push	{r0}
10009d92:	4802      	ldr	r0, [pc, #8]	@ (10009d9c <__mutex_exit_veneer+0xc>)
10009d94:	4684      	mov	ip, r0
10009d96:	bc01      	pop	{r0}
10009d98:	4760      	bx	ip
10009d9a:	bf00      	nop
10009d9c:	20000225 	.word	0x20000225

10009da0 <____aeabi_ldiv0_veneer>:
10009da0:	b401      	push	{r0}
10009da2:	4802      	ldr	r0, [pc, #8]	@ (10009dac <____aeabi_ldiv0_veneer+0xc>)
10009da4:	4684      	mov	ip, r0
10009da6:	bc01      	pop	{r0}
10009da8:	4760      	bx	ip
10009daa:	bf00      	nop
10009dac:	20000f11 	.word	0x20000f11

10009db0 <__reset_non_control_endpoints_veneer>:
10009db0:	b401      	push	{r0}
10009db2:	4802      	ldr	r0, [pc, #8]	@ (10009dbc <__reset_non_control_endpoints_veneer+0xc>)
10009db4:	4684      	mov	ip, r0
10009db6:	bc01      	pop	{r0}
10009db8:	4760      	bx	ip
10009dba:	bf00      	nop
10009dbc:	200003f1 	.word	0x200003f1

10009dc0 <____aeabi_idiv0_veneer>:
10009dc0:	b401      	push	{r0}
10009dc2:	4802      	ldr	r0, [pc, #8]	@ (10009dcc <____aeabi_idiv0_veneer+0xc>)
10009dc4:	4684      	mov	ip, r0
10009dc6:	bc01      	pop	{r0}
10009dc8:	4760      	bx	ip
10009dca:	bf00      	nop
10009dcc:	20000f11 	.word	0x20000f11

10009dd0 <__mutex_try_enter_veneer>:
10009dd0:	b401      	push	{r0}
10009dd2:	4802      	ldr	r0, [pc, #8]	@ (10009ddc <__mutex_try_enter_veneer+0xc>)
10009dd4:	4684      	mov	ip, r0
10009dd6:	bc01      	pop	{r0}
10009dd8:	4760      	bx	ip
10009dda:	bf00      	nop
10009ddc:	200000c1 	.word	0x200000c1

10009de0 <__e15_is_critical_frame_period_veneer>:
10009de0:	b401      	push	{r0}
10009de2:	4802      	ldr	r0, [pc, #8]	@ (10009dec <__e15_is_critical_frame_period_veneer+0xc>)
10009de4:	4684      	mov	ip, r0
10009de6:	bc01      	pop	{r0}
10009de8:	4760      	bx	ip
10009dea:	bf00      	nop
10009dec:	20000bf5 	.word	0x20000bf5

10009df0 <__mutex_enter_timeout_ms_veneer>:
10009df0:	b401      	push	{r0}
10009df2:	4802      	ldr	r0, [pc, #8]	@ (10009dfc <__mutex_enter_timeout_ms_veneer+0xc>)
10009df4:	4684      	mov	ip, r0
10009df6:	bc01      	pop	{r0}
10009df8:	4760      	bx	ip
10009dfa:	bf00      	nop
10009dfc:	20000199 	.word	0x20000199

10009e00 <__e15_is_bulkin_ep_veneer>:
10009e00:	b401      	push	{r0}
10009e02:	4802      	ldr	r0, [pc, #8]	@ (10009e0c <__e15_is_bulkin_ep_veneer+0xc>)
10009e04:	4684      	mov	ip, r0
10009e06:	bc01      	pop	{r0}
10009e08:	4760      	bx	ip
10009e0a:	bf00      	nop
10009e0c:	20000bcd 	.word	0x20000bcd

10009e10 <__mutex_try_enter_block_until_veneer>:
10009e10:	b401      	push	{r0}
10009e12:	4802      	ldr	r0, [pc, #8]	@ (10009e1c <__mutex_try_enter_block_until_veneer+0xc>)
10009e14:	4684      	mov	ip, r0
10009e16:	bc01      	pop	{r0}
10009e18:	4760      	bx	ip
10009e1a:	bf00      	nop
10009e1c:	20000101 	.word	0x20000101

10009e20 <__hw_endpoint_start_next_buffer_veneer>:
10009e20:	b401      	push	{r0}
10009e22:	4802      	ldr	r0, [pc, #8]	@ (10009e2c <__hw_endpoint_start_next_buffer_veneer+0xc>)
10009e24:	4684      	mov	ip, r0
10009e26:	bc01      	pop	{r0}
10009e28:	4760      	bx	ip
10009e2a:	bf00      	nop
10009e2c:	20000c85 	.word	0x20000c85

10009e30 <___hw_endpoint_buffer_control_update32_veneer>:
10009e30:	b401      	push	{r0}
10009e32:	4802      	ldr	r0, [pc, #8]	@ (10009e3c <___hw_endpoint_buffer_control_update32_veneer+0xc>)
10009e34:	4684      	mov	ip, r0
10009e36:	bc01      	pop	{r0}
10009e38:	4760      	bx	ip
10009e3a:	bf00      	nop
10009e3c:	20000c35 	.word	0x20000c35

10009e40 <__pre_init_runtime_init_early_resets>:
10009e40:	10004001                                .@..

10009e44 <__pre_init_runtime_init_usb_power_down>:
10009e44:	1000402d 10004179 10005815 10004865     -@..yA...X..eH..
10009e54:	100053f1                                .S..

10009e58 <__pre_init_runtime_init_clocks>:
10009e58:	100040a1                                .@..

10009e5c <__pre_init_runtime_init_post_clock_resets>:
10009e5c:	10004049                                I@..

10009e60 <__pre_init_runtime_init_rp2040_gpio_ie_disable>:
10009e60:	10004069                                i@..

10009e64 <__pre_init_runtime_init_spin_locks_reset>:
10009e64:	1000407d                                }@..

10009e68 <__pre_init_runtime_init_mutex>:
10009e68:	10003ae9                                .:..

10009e6c <__pre_init_runtime_init_install_ram_vector_table>:
10009e6c:	10004085                                .@..

10009e70 <__pre_init_runtime_init_default_alarm_pool>:
10009e70:	100030f5                                .0..

10009e74 <__pre_init_first_per_core_initializer>:
10009e74:	10003fc9                                .?..

10009e78 <__pre_init_runtime_init_per_core_irq_priorities>:
10009e78:	1000371d                                .7..

10009e7c <__frame_dummy_init_array_entry>:
10009e7c:	100002b1 100003a5 10007b11              .........{..

Disassembly of section .data:

200000c0 <mutex_try_enter>:
200000c0:	0003      	movs	r3, r0
200000c2:	6800      	ldr	r0, [r0, #0]
200000c4:	f3ef 8c10 	mrs	ip, PRIMASK
200000c8:	b672      	cpsid	i
200000ca:	6802      	ldr	r2, [r0, #0]
200000cc:	2a00      	cmp	r2, #0
200000ce:	d0fc      	beq.n	200000ca <mutex_try_enter+0xa>
200000d0:	f3bf 8f5f 	dmb	sy
200000d4:	2204      	movs	r2, #4
200000d6:	569a      	ldrsb	r2, [r3, r2]
200000d8:	2a00      	cmp	r2, #0
200000da:	db0b      	blt.n	200000f4 <mutex_try_enter+0x34>
200000dc:	2900      	cmp	r1, #0
200000de:	d000      	beq.n	200000e2 <mutex_try_enter+0x22>
200000e0:	600a      	str	r2, [r1, #0]
200000e2:	2000      	movs	r0, #0
200000e4:	681b      	ldr	r3, [r3, #0]
200000e6:	f3bf 8f5f 	dmb	sy
200000ea:	2200      	movs	r2, #0
200000ec:	601a      	str	r2, [r3, #0]
200000ee:	f38c 8810 	msr	PRIMASK, ip
200000f2:	4770      	bx	lr
200000f4:	22d0      	movs	r2, #208	@ 0xd0
200000f6:	0612      	lsls	r2, r2, #24
200000f8:	6812      	ldr	r2, [r2, #0]
200000fa:	2001      	movs	r0, #1
200000fc:	711a      	strb	r2, [r3, #4]
200000fe:	e7f1      	b.n	200000e4 <mutex_try_enter+0x24>

20000100 <mutex_try_enter_block_until>:
20000100:	b5f0      	push	{r4, r5, r6, r7, lr}
20000102:	46c6      	mov	lr, r8
20000104:	0015      	movs	r5, r2
20000106:	b500      	push	{lr}
20000108:	0004      	movs	r4, r0
2000010a:	001e      	movs	r6, r3
2000010c:	6802      	ldr	r2, [r0, #0]
2000010e:	f3ef 8110 	mrs	r1, PRIMASK
20000112:	b672      	cpsid	i
20000114:	6813      	ldr	r3, [r2, #0]
20000116:	2b00      	cmp	r3, #0
20000118:	d0fc      	beq.n	20000114 <mutex_try_enter_block_until+0x14>
2000011a:	f3bf 8f5f 	dmb	sy
2000011e:	2304      	movs	r3, #4
20000120:	56e3      	ldrsb	r3, [r4, r3]
20000122:	6822      	ldr	r2, [r4, #0]
20000124:	2b00      	cmp	r3, #0
20000126:	db2b      	blt.n	20000180 <mutex_try_enter_block_until+0x80>
20000128:	f3bf 8f5f 	dmb	sy
2000012c:	2000      	movs	r0, #0
2000012e:	6010      	str	r0, [r2, #0]
20000130:	f381 8810 	msr	PRIMASK, r1
20000134:	22d0      	movs	r2, #208	@ 0xd0
20000136:	0612      	lsls	r2, r2, #24
20000138:	7812      	ldrb	r2, [r2, #0]
2000013a:	2700      	movs	r7, #0
2000013c:	b252      	sxtb	r2, r2
2000013e:	4690      	mov	r8, r2
20000140:	429a      	cmp	r2, r3
20000142:	d10e      	bne.n	20000162 <mutex_try_enter_block_until+0x62>
20000144:	2000      	movs	r0, #0
20000146:	bc80      	pop	{r7}
20000148:	46b8      	mov	r8, r7
2000014a:	bdf0      	pop	{r4, r5, r6, r7, pc}
2000014c:	f3bf 8f5f 	dmb	sy
20000150:	6017      	str	r7, [r2, #0]
20000152:	f381 8810 	msr	PRIMASK, r1
20000156:	0028      	movs	r0, r5
20000158:	0031      	movs	r1, r6
2000015a:	f000 fef5 	bl	20000f48 <__best_effort_wfe_or_timeout_veneer>
2000015e:	2800      	cmp	r0, #0
20000160:	d1f0      	bne.n	20000144 <mutex_try_enter_block_until+0x44>
20000162:	6822      	ldr	r2, [r4, #0]
20000164:	f3ef 8110 	mrs	r1, PRIMASK
20000168:	b672      	cpsid	i
2000016a:	6813      	ldr	r3, [r2, #0]
2000016c:	2b00      	cmp	r3, #0
2000016e:	d0fc      	beq.n	2000016a <mutex_try_enter_block_until+0x6a>
20000170:	f3bf 8f5f 	dmb	sy
20000174:	7923      	ldrb	r3, [r4, #4]
20000176:	6822      	ldr	r2, [r4, #0]
20000178:	2b7f      	cmp	r3, #127	@ 0x7f
2000017a:	d9e7      	bls.n	2000014c <mutex_try_enter_block_until+0x4c>
2000017c:	4643      	mov	r3, r8
2000017e:	e002      	b.n	20000186 <mutex_try_enter_block_until+0x86>
20000180:	23d0      	movs	r3, #208	@ 0xd0
20000182:	061b      	lsls	r3, r3, #24
20000184:	681b      	ldr	r3, [r3, #0]
20000186:	7123      	strb	r3, [r4, #4]
20000188:	f3bf 8f5f 	dmb	sy
2000018c:	2300      	movs	r3, #0
2000018e:	6013      	str	r3, [r2, #0]
20000190:	f381 8810 	msr	PRIMASK, r1
20000194:	2001      	movs	r0, #1
20000196:	e7d6      	b.n	20000146 <mutex_try_enter_block_until+0x46>

20000198 <mutex_enter_timeout_ms>:
20000198:	b5f0      	push	{r4, r5, r6, r7, lr}
2000019a:	46c6      	mov	lr, r8
2000019c:	b500      	push	{lr}
2000019e:	000d      	movs	r5, r1
200001a0:	0004      	movs	r4, r0
200001a2:	f000 fee1 	bl	20000f68 <__time_us_64_veneer>
200001a6:	22fa      	movs	r2, #250	@ 0xfa
200001a8:	0006      	movs	r6, r0
200001aa:	000f      	movs	r7, r1
200001ac:	2300      	movs	r3, #0
200001ae:	0028      	movs	r0, r5
200001b0:	2100      	movs	r1, #0
200001b2:	0092      	lsls	r2, r2, #2
200001b4:	f000 fee8 	bl	20000f88 <____wrap___aeabi_lmul_veneer>
200001b8:	1836      	adds	r6, r6, r0
200001ba:	414f      	adcs	r7, r1
200001bc:	2f00      	cmp	r7, #0
200001be:	da02      	bge.n	200001c6 <mutex_enter_timeout_ms+0x2e>
200001c0:	2601      	movs	r6, #1
200001c2:	4f17      	ldr	r7, [pc, #92]	@ (20000220 <mutex_enter_timeout_ms+0x88>)
200001c4:	4276      	negs	r6, r6
200001c6:	23d0      	movs	r3, #208	@ 0xd0
200001c8:	061b      	lsls	r3, r3, #24
200001ca:	681b      	ldr	r3, [r3, #0]
200001cc:	2500      	movs	r5, #0
200001ce:	4698      	mov	r8, r3
200001d0:	e00a      	b.n	200001e8 <mutex_enter_timeout_ms+0x50>
200001d2:	f3bf 8f5f 	dmb	sy
200001d6:	6015      	str	r5, [r2, #0]
200001d8:	f381 8810 	msr	PRIMASK, r1
200001dc:	0030      	movs	r0, r6
200001de:	0039      	movs	r1, r7
200001e0:	f000 feb2 	bl	20000f48 <__best_effort_wfe_or_timeout_veneer>
200001e4:	2800      	cmp	r0, #0
200001e6:	d118      	bne.n	2000021a <mutex_enter_timeout_ms+0x82>
200001e8:	6822      	ldr	r2, [r4, #0]
200001ea:	f3ef 8110 	mrs	r1, PRIMASK
200001ee:	b672      	cpsid	i
200001f0:	6813      	ldr	r3, [r2, #0]
200001f2:	2b00      	cmp	r3, #0
200001f4:	d0fc      	beq.n	200001f0 <mutex_enter_timeout_ms+0x58>
200001f6:	f3bf 8f5f 	dmb	sy
200001fa:	7923      	ldrb	r3, [r4, #4]
200001fc:	6822      	ldr	r2, [r4, #0]
200001fe:	2b7f      	cmp	r3, #127	@ 0x7f
20000200:	d9e7      	bls.n	200001d2 <mutex_enter_timeout_ms+0x3a>
20000202:	4643      	mov	r3, r8
20000204:	7123      	strb	r3, [r4, #4]
20000206:	f3bf 8f5f 	dmb	sy
2000020a:	2300      	movs	r3, #0
2000020c:	6013      	str	r3, [r2, #0]
2000020e:	f381 8810 	msr	PRIMASK, r1
20000212:	2001      	movs	r0, #1
20000214:	bc80      	pop	{r7}
20000216:	46b8      	mov	r8, r7
20000218:	bdf0      	pop	{r4, r5, r6, r7, pc}
2000021a:	2000      	movs	r0, #0
2000021c:	e7fa      	b.n	20000214 <mutex_enter_timeout_ms+0x7c>
2000021e:	46c0      	nop			@ (mov r8, r8)
20000220:	7fffffff 	.word	0x7fffffff

20000224 <mutex_exit>:
20000224:	6802      	ldr	r2, [r0, #0]
20000226:	f3ef 8110 	mrs	r1, PRIMASK
2000022a:	b672      	cpsid	i
2000022c:	6813      	ldr	r3, [r2, #0]
2000022e:	2b00      	cmp	r3, #0
20000230:	d0fc      	beq.n	2000022c <mutex_exit+0x8>
20000232:	f3bf 8f5f 	dmb	sy
20000236:	23ff      	movs	r3, #255	@ 0xff
20000238:	7103      	strb	r3, [r0, #4]
2000023a:	6803      	ldr	r3, [r0, #0]
2000023c:	f3bf 8f5f 	dmb	sy
20000240:	2200      	movs	r2, #0
20000242:	601a      	str	r2, [r3, #0]
20000244:	f381 8810 	msr	PRIMASK, r1
20000248:	bf40      	sev
2000024a:	4770      	bx	lr

2000024c <flash_init_boot2_copyout>:
2000024c:	b510      	push	{r4, lr}
2000024e:	4c08      	ldr	r4, [pc, #32]	@ (20000270 <flash_init_boot2_copyout+0x24>)
20000250:	7823      	ldrb	r3, [r4, #0]
20000252:	2b00      	cmp	r3, #0
20000254:	d10a      	bne.n	2000026c <flash_init_boot2_copyout+0x20>
20000256:	2380      	movs	r3, #128	@ 0x80
20000258:	4806      	ldr	r0, [pc, #24]	@ (20000274 <flash_init_boot2_copyout+0x28>)
2000025a:	4907      	ldr	r1, [pc, #28]	@ (20000278 <flash_init_boot2_copyout+0x2c>)
2000025c:	055b      	lsls	r3, r3, #21
2000025e:	681a      	ldr	r2, [r3, #0]
20000260:	50c2      	str	r2, [r0, r3]
20000262:	3304      	adds	r3, #4
20000264:	428b      	cmp	r3, r1
20000266:	d1fa      	bne.n	2000025e <flash_init_boot2_copyout+0x12>
20000268:	2301      	movs	r3, #1
2000026a:	7023      	strb	r3, [r4, #0]
2000026c:	bd10      	pop	{r4, pc}
2000026e:	46c0      	nop			@ (mov r8, r8)
20000270:	20002144 	.word	0x20002144
20000274:	10001b70 	.word	0x10001b70
20000278:	10000100 	.word	0x10000100

2000027c <flash_enable_xip_via_boot2>:
2000027c:	b510      	push	{r4, lr}
2000027e:	4b01      	ldr	r3, [pc, #4]	@ (20000284 <flash_enable_xip_via_boot2+0x8>)
20000280:	4798      	blx	r3
20000282:	bd10      	pop	{r4, pc}
20000284:	20001b71 	.word	0x20001b71

20000288 <flash_cs_force.constprop.0>:
20000288:	4b03      	ldr	r3, [pc, #12]	@ (20000298 <flash_cs_force.constprop.0+0x10>)
2000028a:	681a      	ldr	r2, [r3, #0]
2000028c:	23c0      	movs	r3, #192	@ 0xc0
2000028e:	009b      	lsls	r3, r3, #2
20000290:	4393      	bics	r3, r2
20000292:	4a02      	ldr	r2, [pc, #8]	@ (2000029c <flash_cs_force.constprop.0+0x14>)
20000294:	6013      	str	r3, [r2, #0]
20000296:	4770      	bx	lr
20000298:	4001800c 	.word	0x4001800c
2000029c:	4001900c 	.word	0x4001900c

200002a0 <flash_cs_force.constprop.1>:
200002a0:	4b05      	ldr	r3, [pc, #20]	@ (200002b8 <flash_cs_force.constprop.1+0x18>)
200002a2:	681a      	ldr	r2, [r3, #0]
200002a4:	2380      	movs	r3, #128	@ 0x80
200002a6:	009b      	lsls	r3, r3, #2
200002a8:	4053      	eors	r3, r2
200002aa:	22c0      	movs	r2, #192	@ 0xc0
200002ac:	0092      	lsls	r2, r2, #2
200002ae:	4013      	ands	r3, r2
200002b0:	4a02      	ldr	r2, [pc, #8]	@ (200002bc <flash_cs_force.constprop.1+0x1c>)
200002b2:	6013      	str	r3, [r2, #0]
200002b4:	4770      	bx	lr
200002b6:	46c0      	nop			@ (mov r8, r8)
200002b8:	4001800c 	.word	0x4001800c
200002bc:	4001900c 	.word	0x4001900c

200002c0 <flash_do_cmd>:
200002c0:	2300      	movs	r3, #0
200002c2:	b5f0      	push	{r4, r5, r6, r7, lr}
200002c4:	46de      	mov	lr, fp
200002c6:	4657      	mov	r7, sl
200002c8:	464e      	mov	r6, r9
200002ca:	4645      	mov	r5, r8
200002cc:	469a      	mov	sl, r3
200002ce:	b5e0      	push	{r5, r6, r7, lr}
200002d0:	b083      	sub	sp, #12
200002d2:	9001      	str	r0, [sp, #4]
200002d4:	000e      	movs	r6, r1
200002d6:	8a98      	ldrh	r0, [r3, #20]
200002d8:	4942      	ldr	r1, [pc, #264]	@ (200003e4 <flash_do_cmd+0x124>)
200002da:	8b1b      	ldrh	r3, [r3, #24]
200002dc:	0014      	movs	r4, r2
200002de:	4798      	blx	r3
200002e0:	4653      	mov	r3, sl
200002e2:	4681      	mov	r9, r0
200002e4:	4940      	ldr	r1, [pc, #256]	@ (200003e8 <flash_do_cmd+0x128>)
200002e6:	8a98      	ldrh	r0, [r3, #20]
200002e8:	8b1b      	ldrh	r3, [r3, #24]
200002ea:	4798      	blx	r3
200002ec:	4653      	mov	r3, sl
200002ee:	493f      	ldr	r1, [pc, #252]	@ (200003ec <flash_do_cmd+0x12c>)
200002f0:	0005      	movs	r5, r0
200002f2:	8a98      	ldrh	r0, [r3, #20]
200002f4:	8b1b      	ldrh	r3, [r3, #24]
200002f6:	4798      	blx	r3
200002f8:	4680      	mov	r8, r0
200002fa:	f7ff ffa7 	bl	2000024c <flash_init_boot2_copyout>
200002fe:	47c8      	blx	r9
20000300:	47a8      	blx	r5
20000302:	f7ff ffcd 	bl	200002a0 <flash_cs_force.constprop.1>
20000306:	1e25      	subs	r5, r4, #0
20000308:	d022      	beq.n	20000350 <flash_do_cmd+0x90>
2000030a:	2308      	movs	r3, #8
2000030c:	21c0      	movs	r1, #192	@ 0xc0
2000030e:	469c      	mov	ip, r3
20000310:	2002      	movs	r0, #2
20000312:	0549      	lsls	r1, r1, #21
20000314:	4662      	mov	r2, ip
20000316:	6a8b      	ldr	r3, [r1, #40]	@ 0x28
20000318:	401a      	ands	r2, r3
2000031a:	4218      	tst	r0, r3
2000031c:	d03c      	beq.n	20000398 <flash_do_cmd+0xd8>
2000031e:	1b63      	subs	r3, r4, r5
20000320:	2d00      	cmp	r5, #0
20000322:	d12c      	bne.n	2000037e <flash_do_cmd+0xbe>
20000324:	2a00      	cmp	r2, #0
20000326:	d111      	bne.n	2000034c <flash_do_cmd+0x8c>
20000328:	2c00      	cmp	r4, #0
2000032a:	d011      	beq.n	20000350 <flash_do_cmd+0x90>
2000032c:	23c0      	movs	r3, #192	@ 0xc0
2000032e:	055b      	lsls	r3, r3, #21
20000330:	469b      	mov	fp, r3
20000332:	2302      	movs	r3, #2
20000334:	469a      	mov	sl, r3
20000336:	3306      	adds	r3, #6
20000338:	4699      	mov	r9, r3
2000033a:	465b      	mov	r3, fp
2000033c:	464a      	mov	r2, r9
2000033e:	4657      	mov	r7, sl
20000340:	6a9b      	ldr	r3, [r3, #40]	@ 0x28
20000342:	401a      	ands	r2, r3
20000344:	421f      	tst	r7, r3
20000346:	d03f      	beq.n	200003c8 <flash_do_cmd+0x108>
20000348:	2a00      	cmp	r2, #0
2000034a:	d0f6      	beq.n	2000033a <flash_do_cmd+0x7a>
2000034c:	2c00      	cmp	r4, #0
2000034e:	d12d      	bne.n	200003ac <flash_do_cmd+0xec>
20000350:	f7ff ff9a 	bl	20000288 <flash_cs_force.constprop.0>
20000354:	47c0      	blx	r8
20000356:	f7ff ff91 	bl	2000027c <flash_enable_xip_via_boot2>
2000035a:	b003      	add	sp, #12
2000035c:	bcf0      	pop	{r4, r5, r6, r7}
2000035e:	46bb      	mov	fp, r7
20000360:	46b2      	mov	sl, r6
20000362:	46a9      	mov	r9, r5
20000364:	46a0      	mov	r8, r4
20000366:	bdf0      	pop	{r4, r5, r6, r7, pc}
20000368:	2c00      	cmp	r4, #0
2000036a:	d12f      	bne.n	200003cc <flash_do_cmd+0x10c>
2000036c:	22c0      	movs	r2, #192	@ 0xc0
2000036e:	0552      	lsls	r2, r2, #21
20000370:	6a92      	ldr	r2, [r2, #40]	@ 0x28
20000372:	4691      	mov	r9, r2
20000374:	2208      	movs	r2, #8
20000376:	464f      	mov	r7, r9
20000378:	403a      	ands	r2, r7
2000037a:	07bf      	lsls	r7, r7, #30
2000037c:	d52d      	bpl.n	200003da <flash_do_cmd+0x11a>
2000037e:	2b0d      	cmp	r3, #13
20000380:	d91b      	bls.n	200003ba <flash_do_cmd+0xfa>
20000382:	2a00      	cmp	r2, #0
20000384:	d1f0      	bne.n	20000368 <flash_do_cmd+0xa8>
20000386:	22c0      	movs	r2, #192	@ 0xc0
20000388:	0552      	lsls	r2, r2, #21
2000038a:	6a92      	ldr	r2, [r2, #40]	@ 0x28
2000038c:	4691      	mov	r9, r2
2000038e:	2208      	movs	r2, #8
20000390:	464f      	mov	r7, r9
20000392:	403a      	ands	r2, r7
20000394:	07bf      	lsls	r7, r7, #30
20000396:	d4f2      	bmi.n	2000037e <flash_do_cmd+0xbe>
20000398:	2a00      	cmp	r2, #0
2000039a:	d104      	bne.n	200003a6 <flash_do_cmd+0xe6>
2000039c:	002b      	movs	r3, r5
2000039e:	4323      	orrs	r3, r4
200003a0:	2b00      	cmp	r3, #0
200003a2:	d1b7      	bne.n	20000314 <flash_do_cmd+0x54>
200003a4:	e7d4      	b.n	20000350 <flash_do_cmd+0x90>
200003a6:	002b      	movs	r3, r5
200003a8:	2c00      	cmp	r4, #0
200003aa:	d0f9      	beq.n	200003a0 <flash_do_cmd+0xe0>
200003ac:	6e0b      	ldr	r3, [r1, #96]	@ 0x60
200003ae:	3c01      	subs	r4, #1
200003b0:	7033      	strb	r3, [r6, #0]
200003b2:	0023      	movs	r3, r4
200003b4:	3601      	adds	r6, #1
200003b6:	432b      	orrs	r3, r5
200003b8:	e7f2      	b.n	200003a0 <flash_do_cmd+0xe0>
200003ba:	9f01      	ldr	r7, [sp, #4]
200003bc:	3d01      	subs	r5, #1
200003be:	783b      	ldrb	r3, [r7, #0]
200003c0:	3701      	adds	r7, #1
200003c2:	660b      	str	r3, [r1, #96]	@ 0x60
200003c4:	9701      	str	r7, [sp, #4]
200003c6:	e7e7      	b.n	20000398 <flash_do_cmd+0xd8>
200003c8:	2500      	movs	r5, #0
200003ca:	e7e5      	b.n	20000398 <flash_do_cmd+0xd8>
200003cc:	23c0      	movs	r3, #192	@ 0xc0
200003ce:	055b      	lsls	r3, r3, #21
200003d0:	6e1b      	ldr	r3, [r3, #96]	@ 0x60
200003d2:	3c01      	subs	r4, #1
200003d4:	7033      	strb	r3, [r6, #0]
200003d6:	3601      	adds	r6, #1
200003d8:	e79c      	b.n	20000314 <flash_do_cmd+0x54>
200003da:	002b      	movs	r3, r5
200003dc:	2a00      	cmp	r2, #0
200003de:	d1df      	bne.n	200003a0 <flash_do_cmd+0xe0>
200003e0:	e7dc      	b.n	2000039c <flash_do_cmd+0xdc>
200003e2:	46c0      	nop			@ (mov r8, r8)
200003e4:	00004649 	.word	0x00004649
200003e8:	00005845 	.word	0x00005845
200003ec:	00004346 	.word	0x00004346

200003f0 <reset_non_control_endpoints>:
200003f0:	2200      	movs	r2, #0
200003f2:	4b15      	ldr	r3, [pc, #84]	@ (20000448 <reset_non_control_endpoints+0x58>)
200003f4:	b510      	push	{r4, lr}
200003f6:	609a      	str	r2, [r3, #8]
200003f8:	60da      	str	r2, [r3, #12]
200003fa:	611a      	str	r2, [r3, #16]
200003fc:	615a      	str	r2, [r3, #20]
200003fe:	619a      	str	r2, [r3, #24]
20000400:	61da      	str	r2, [r3, #28]
20000402:	621a      	str	r2, [r3, #32]
20000404:	625a      	str	r2, [r3, #36]	@ 0x24
20000406:	629a      	str	r2, [r3, #40]	@ 0x28
20000408:	62da      	str	r2, [r3, #44]	@ 0x2c
2000040a:	631a      	str	r2, [r3, #48]	@ 0x30
2000040c:	635a      	str	r2, [r3, #52]	@ 0x34
2000040e:	639a      	str	r2, [r3, #56]	@ 0x38
20000410:	63da      	str	r2, [r3, #60]	@ 0x3c
20000412:	641a      	str	r2, [r3, #64]	@ 0x40
20000414:	645a      	str	r2, [r3, #68]	@ 0x44
20000416:	649a      	str	r2, [r3, #72]	@ 0x48
20000418:	64da      	str	r2, [r3, #76]	@ 0x4c
2000041a:	651a      	str	r2, [r3, #80]	@ 0x50
2000041c:	655a      	str	r2, [r3, #84]	@ 0x54
2000041e:	659a      	str	r2, [r3, #88]	@ 0x58
20000420:	65da      	str	r2, [r3, #92]	@ 0x5c
20000422:	661a      	str	r2, [r3, #96]	@ 0x60
20000424:	665a      	str	r2, [r3, #100]	@ 0x64
20000426:	669a      	str	r2, [r3, #104]	@ 0x68
20000428:	66da      	str	r2, [r3, #108]	@ 0x6c
2000042a:	671a      	str	r2, [r3, #112]	@ 0x70
2000042c:	675a      	str	r2, [r3, #116]	@ 0x74
2000042e:	679a      	str	r2, [r3, #120]	@ 0x78
20000430:	67da      	str	r2, [r3, #124]	@ 0x7c
20000432:	32f0      	adds	r2, #240	@ 0xf0
20000434:	0092      	lsls	r2, r2, #2
20000436:	2100      	movs	r1, #0
20000438:	4804      	ldr	r0, [pc, #16]	@ (2000044c <reset_non_control_endpoints+0x5c>)
2000043a:	f000 fd8d 	bl	20000f58 <____wrap_memset_veneer>
2000043e:	4b04      	ldr	r3, [pc, #16]	@ (20000450 <reset_non_control_endpoints+0x60>)
20000440:	4a04      	ldr	r2, [pc, #16]	@ (20000454 <reset_non_control_endpoints+0x64>)
20000442:	601a      	str	r2, [r3, #0]
20000444:	bd10      	pop	{r4, pc}
20000446:	46c0      	nop			@ (mov r8, r8)
20000448:	50100000 	.word	0x50100000
2000044c:	20001d1c 	.word	0x20001d1c
20000450:	200020e4 	.word	0x200020e4
20000454:	50100180 	.word	0x50100180

20000458 <hw_handle_buff_status>:
20000458:	b5f0      	push	{r4, r5, r6, r7, lr}
2000045a:	464e      	mov	r6, r9
2000045c:	4645      	mov	r5, r8
2000045e:	46de      	mov	lr, fp
20000460:	4657      	mov	r7, sl
20000462:	b5e0      	push	{r5, r6, r7, lr}
20000464:	4b21      	ldr	r3, [pc, #132]	@ (200004ec <hw_handle_buff_status+0x94>)
20000466:	2400      	movs	r4, #0
20000468:	6d9e      	ldr	r6, [r3, #88]	@ 0x58
2000046a:	2501      	movs	r5, #1
2000046c:	b085      	sub	sp, #20
2000046e:	2e00      	cmp	r6, #0
20000470:	d022      	beq.n	200004b8 <hw_handle_buff_status+0x60>
20000472:	4b1f      	ldr	r3, [pc, #124]	@ (200004f0 <hw_handle_buff_status+0x98>)
20000474:	469a      	mov	sl, r3
20000476:	2301      	movs	r3, #1
20000478:	4699      	mov	r9, r3
2000047a:	4b1e      	ldr	r3, [pc, #120]	@ (200004f4 <hw_handle_buff_status+0x9c>)
2000047c:	4698      	mov	r8, r3
2000047e:	e001      	b.n	20000484 <hw_handle_buff_status+0x2c>
20000480:	2c20      	cmp	r4, #32
20000482:	d019      	beq.n	200004b8 <hw_handle_buff_status+0x60>
20000484:	002a      	movs	r2, r5
20000486:	0023      	movs	r3, r4
20000488:	3401      	adds	r4, #1
2000048a:	002f      	movs	r7, r5
2000048c:	4032      	ands	r2, r6
2000048e:	b2e4      	uxtb	r4, r4
20000490:	006d      	lsls	r5, r5, #1
20000492:	2a00      	cmp	r2, #0
20000494:	d0f4      	beq.n	20000480 <hw_handle_buff_status+0x28>
20000496:	4652      	mov	r2, sl
20000498:	6597      	str	r7, [r2, #88]	@ 0x58
2000049a:	464a      	mov	r2, r9
2000049c:	085b      	lsrs	r3, r3, #1
2000049e:	005b      	lsls	r3, r3, #1
200004a0:	4022      	ands	r2, r4
200004a2:	189b      	adds	r3, r3, r2
200004a4:	015b      	lsls	r3, r3, #5
200004a6:	4443      	add	r3, r8
200004a8:	0018      	movs	r0, r3
200004aa:	469b      	mov	fp, r3
200004ac:	f000 fc1e 	bl	20000cec <hw_endpoint_xfer_continue>
200004b0:	2800      	cmp	r0, #0
200004b2:	d108      	bne.n	200004c6 <hw_handle_buff_status+0x6e>
200004b4:	43be      	bics	r6, r7
200004b6:	d1e3      	bne.n	20000480 <hw_handle_buff_status+0x28>
200004b8:	b005      	add	sp, #20
200004ba:	bcf0      	pop	{r4, r5, r6, r7}
200004bc:	46bb      	mov	fp, r7
200004be:	46b2      	mov	sl, r6
200004c0:	46a9      	mov	r9, r5
200004c2:	46a0      	mov	r8, r4
200004c4:	bdf0      	pop	{r4, r5, r6, r7, pc}
200004c6:	465b      	mov	r3, fp
200004c8:	21e0      	movs	r1, #224	@ 0xe0
200004ca:	789a      	ldrb	r2, [r3, #2]
200004cc:	8adb      	ldrh	r3, [r3, #22]
200004ce:	a801      	add	r0, sp, #4
200004d0:	6083      	str	r3, [r0, #8]
200004d2:	2300      	movs	r3, #0
200004d4:	00c9      	lsls	r1, r1, #3
200004d6:	8001      	strh	r1, [r0, #0]
200004d8:	2101      	movs	r1, #1
200004da:	7102      	strb	r2, [r0, #4]
200004dc:	7143      	strb	r3, [r0, #5]
200004de:	f000 fc25 	bl	20000d2c <dcd_event_handler>
200004e2:	4658      	mov	r0, fp
200004e4:	f000 fba0 	bl	20000c28 <hw_endpoint_reset_transfer>
200004e8:	e7e4      	b.n	200004b4 <hw_handle_buff_status+0x5c>
200004ea:	46c0      	nop			@ (mov r8, r8)
200004ec:	50110000 	.word	0x50110000
200004f0:	50113000 	.word	0x50113000
200004f4:	20001cdc 	.word	0x20001cdc

200004f8 <dcd_rp2040_irq>:
200004f8:	2398      	movs	r3, #152	@ 0x98
200004fa:	b5f0      	push	{r4, r5, r6, r7, lr}
200004fc:	46c6      	mov	lr, r8
200004fe:	4ac8      	ldr	r2, [pc, #800]	@ (20000820 <dcd_rp2040_irq+0x328>)
20000500:	b500      	push	{lr}
20000502:	58d5      	ldr	r5, [r2, r3]
20000504:	2380      	movs	r3, #128	@ 0x80
20000506:	002e      	movs	r6, r5
20000508:	029b      	lsls	r3, r3, #10
2000050a:	2410      	movs	r4, #16
2000050c:	b084      	sub	sp, #16
2000050e:	401e      	ands	r6, r3
20000510:	421d      	tst	r5, r3
20000512:	d074      	beq.n	200005fe <dcd_rp2040_irq+0x106>
20000514:	4bc3      	ldr	r3, [pc, #780]	@ (20000824 <dcd_rp2040_irq+0x32c>)
20000516:	4cc4      	ldr	r4, [pc, #784]	@ (20000828 <dcd_rp2040_irq+0x330>)
20000518:	6a9a      	ldr	r2, [r3, #40]	@ 0x28
2000051a:	4bc4      	ldr	r3, [pc, #784]	@ (2000082c <dcd_rp2040_irq+0x334>)
2000051c:	2600      	movs	r6, #0
2000051e:	601a      	str	r2, [r3, #0]
20000520:	233b      	movs	r3, #59	@ 0x3b
20000522:	5ce3      	ldrb	r3, [r4, r3]
20000524:	2b02      	cmp	r3, #2
20000526:	d100      	bne.n	2000052a <dcd_rp2040_irq+0x32>
20000528:	e14f      	b.n	200007ca <dcd_rp2040_irq+0x2d2>
2000052a:	237b      	movs	r3, #123	@ 0x7b
2000052c:	5ce3      	ldrb	r3, [r4, r3]
2000052e:	2b02      	cmp	r3, #2
20000530:	d100      	bne.n	20000534 <dcd_rp2040_irq+0x3c>
20000532:	e0f3      	b.n	2000071c <dcd_rp2040_irq+0x224>
20000534:	23bb      	movs	r3, #187	@ 0xbb
20000536:	5ce3      	ldrb	r3, [r4, r3]
20000538:	2b02      	cmp	r3, #2
2000053a:	d100      	bne.n	2000053e <dcd_rp2040_irq+0x46>
2000053c:	e0fa      	b.n	20000734 <dcd_rp2040_irq+0x23c>
2000053e:	23fb      	movs	r3, #251	@ 0xfb
20000540:	5ce3      	ldrb	r3, [r4, r3]
20000542:	2b02      	cmp	r3, #2
20000544:	d100      	bne.n	20000548 <dcd_rp2040_irq+0x50>
20000546:	e101      	b.n	2000074c <dcd_rp2040_irq+0x254>
20000548:	233c      	movs	r3, #60	@ 0x3c
2000054a:	33ff      	adds	r3, #255	@ 0xff
2000054c:	5ce3      	ldrb	r3, [r4, r3]
2000054e:	2b02      	cmp	r3, #2
20000550:	d100      	bne.n	20000554 <dcd_rp2040_irq+0x5c>
20000552:	e12d      	b.n	200007b0 <dcd_rp2040_irq+0x2b8>
20000554:	237c      	movs	r3, #124	@ 0x7c
20000556:	33ff      	adds	r3, #255	@ 0xff
20000558:	5ce3      	ldrb	r3, [r4, r3]
2000055a:	2b02      	cmp	r3, #2
2000055c:	d100      	bne.n	20000560 <dcd_rp2040_irq+0x68>
2000055e:	e10e      	b.n	2000077e <dcd_rp2040_irq+0x286>
20000560:	23bc      	movs	r3, #188	@ 0xbc
20000562:	33ff      	adds	r3, #255	@ 0xff
20000564:	5ce3      	ldrb	r3, [r4, r3]
20000566:	2b02      	cmp	r3, #2
20000568:	d100      	bne.n	2000056c <dcd_rp2040_irq+0x74>
2000056a:	e13f      	b.n	200007ec <dcd_rp2040_irq+0x2f4>
2000056c:	23fc      	movs	r3, #252	@ 0xfc
2000056e:	33ff      	adds	r3, #255	@ 0xff
20000570:	5ce3      	ldrb	r3, [r4, r3]
20000572:	2b02      	cmp	r3, #2
20000574:	d100      	bne.n	20000578 <dcd_rp2040_irq+0x80>
20000576:	e0f5      	b.n	20000764 <dcd_rp2040_irq+0x26c>
20000578:	4bad      	ldr	r3, [pc, #692]	@ (20000830 <dcd_rp2040_irq+0x338>)
2000057a:	5ce3      	ldrb	r3, [r4, r3]
2000057c:	2b02      	cmp	r3, #2
2000057e:	d100      	bne.n	20000582 <dcd_rp2040_irq+0x8a>
20000580:	e174      	b.n	2000086c <dcd_rp2040_irq+0x374>
20000582:	4bac      	ldr	r3, [pc, #688]	@ (20000834 <dcd_rp2040_irq+0x33c>)
20000584:	5ce3      	ldrb	r3, [r4, r3]
20000586:	2b02      	cmp	r3, #2
20000588:	d100      	bne.n	2000058c <dcd_rp2040_irq+0x94>
2000058a:	e105      	b.n	20000798 <dcd_rp2040_irq+0x2a0>
2000058c:	4baa      	ldr	r3, [pc, #680]	@ (20000838 <dcd_rp2040_irq+0x340>)
2000058e:	5ce3      	ldrb	r3, [r4, r3]
20000590:	2b02      	cmp	r3, #2
20000592:	d100      	bne.n	20000596 <dcd_rp2040_irq+0x9e>
20000594:	e175      	b.n	20000882 <dcd_rp2040_irq+0x38a>
20000596:	4ba9      	ldr	r3, [pc, #676]	@ (2000083c <dcd_rp2040_irq+0x344>)
20000598:	5ce3      	ldrb	r3, [r4, r3]
2000059a:	2b02      	cmp	r3, #2
2000059c:	d100      	bne.n	200005a0 <dcd_rp2040_irq+0xa8>
2000059e:	e132      	b.n	20000806 <dcd_rp2040_irq+0x30e>
200005a0:	4ba7      	ldr	r3, [pc, #668]	@ (20000840 <dcd_rp2040_irq+0x348>)
200005a2:	5ce3      	ldrb	r3, [r4, r3]
200005a4:	2b02      	cmp	r3, #2
200005a6:	d100      	bne.n	200005aa <dcd_rp2040_irq+0xb2>
200005a8:	e1a0      	b.n	200008ec <dcd_rp2040_irq+0x3f4>
200005aa:	4ba6      	ldr	r3, [pc, #664]	@ (20000844 <dcd_rp2040_irq+0x34c>)
200005ac:	5ce3      	ldrb	r3, [r4, r3]
200005ae:	2b02      	cmp	r3, #2
200005b0:	d100      	bne.n	200005b4 <dcd_rp2040_irq+0xbc>
200005b2:	e171      	b.n	20000898 <dcd_rp2040_irq+0x3a0>
200005b4:	4ba4      	ldr	r3, [pc, #656]	@ (20000848 <dcd_rp2040_irq+0x350>)
200005b6:	5ce3      	ldrb	r3, [r4, r3]
200005b8:	2b02      	cmp	r3, #2
200005ba:	d100      	bne.n	200005be <dcd_rp2040_irq+0xc6>
200005bc:	e1a1      	b.n	20000902 <dcd_rp2040_irq+0x40a>
200005be:	4ba3      	ldr	r3, [pc, #652]	@ (2000084c <dcd_rp2040_irq+0x354>)
200005c0:	5ce3      	ldrb	r3, [r4, r3]
200005c2:	2b02      	cmp	r3, #2
200005c4:	d100      	bne.n	200005c8 <dcd_rp2040_irq+0xd0>
200005c6:	e17f      	b.n	200008c8 <dcd_rp2040_irq+0x3d0>
200005c8:	2e00      	cmp	r6, #0
200005ca:	d108      	bne.n	200005de <dcd_rp2040_irq+0xe6>
200005cc:	4ba0      	ldr	r3, [pc, #640]	@ (20000850 <dcd_rp2040_irq+0x358>)
200005ce:	781b      	ldrb	r3, [r3, #0]
200005d0:	2b00      	cmp	r3, #0
200005d2:	d104      	bne.n	200005de <dcd_rp2040_irq+0xe6>
200005d4:	2180      	movs	r1, #128	@ 0x80
200005d6:	4a9f      	ldr	r2, [pc, #636]	@ (20000854 <dcd_rp2040_irq+0x35c>)
200005d8:	3390      	adds	r3, #144	@ 0x90
200005da:	0289      	lsls	r1, r1, #10
200005dc:	50d1      	str	r1, [r2, r3]
200005de:	22c0      	movs	r2, #192	@ 0xc0
200005e0:	4669      	mov	r1, sp
200005e2:	4b8f      	ldr	r3, [pc, #572]	@ (20000820 <dcd_rp2040_irq+0x328>)
200005e4:	0092      	lsls	r2, r2, #2
200005e6:	6c9b      	ldr	r3, [r3, #72]	@ 0x48
200005e8:	2680      	movs	r6, #128	@ 0x80
200005ea:	055b      	lsls	r3, r3, #21
200005ec:	808a      	strh	r2, [r1, #4]
200005ee:	0d5b      	lsrs	r3, r3, #21
200005f0:	2101      	movs	r1, #1
200005f2:	a801      	add	r0, sp, #4
200005f4:	9302      	str	r3, [sp, #8]
200005f6:	f000 fb99 	bl	20000d2c <dcd_event_handler>
200005fa:	4c97      	ldr	r4, [pc, #604]	@ (20000858 <dcd_rp2040_irq+0x360>)
200005fc:	02b6      	lsls	r6, r6, #10
200005fe:	06eb      	lsls	r3, r5, #27
20000600:	d500      	bpl.n	20000604 <dcd_rp2040_irq+0x10c>
20000602:	e07f      	b.n	20000704 <dcd_rp2040_irq+0x20c>
20000604:	2380      	movs	r3, #128	@ 0x80
20000606:	025b      	lsls	r3, r3, #9
20000608:	421d      	tst	r5, r3
2000060a:	d031      	beq.n	20000670 <dcd_rp2040_irq+0x178>
2000060c:	431e      	orrs	r6, r3
2000060e:	2301      	movs	r3, #1
20000610:	2402      	movs	r4, #2
20000612:	4698      	mov	r8, r3
20000614:	4f84      	ldr	r7, [pc, #528]	@ (20000828 <dcd_rp2040_irq+0x330>)
20000616:	7ebb      	ldrb	r3, [r7, #26]
20000618:	2b00      	cmp	r3, #0
2000061a:	d014      	beq.n	20000646 <dcd_rp2040_irq+0x14e>
2000061c:	f000 fc84 	bl	20000f28 <__rp2040_chip_version_veneer>
20000620:	2801      	cmp	r0, #1
20000622:	d900      	bls.n	20000626 <dcd_rp2040_irq+0x12e>
20000624:	e072      	b.n	2000070c <dcd_rp2040_irq+0x214>
20000626:	22c0      	movs	r2, #192	@ 0xc0
20000628:	2100      	movs	r1, #0
2000062a:	0038      	movs	r0, r7
2000062c:	0192      	lsls	r2, r2, #6
2000062e:	f000 fb01 	bl	20000c34 <_hw_endpoint_buffer_control_update32>
20000632:	0038      	movs	r0, r7
20000634:	f000 faf8 	bl	20000c28 <hw_endpoint_reset_transfer>
20000638:	f000 fc76 	bl	20000f28 <__rp2040_chip_version_veneer>
2000063c:	2801      	cmp	r0, #1
2000063e:	d902      	bls.n	20000646 <dcd_rp2040_irq+0x14e>
20000640:	4b84      	ldr	r3, [pc, #528]	@ (20000854 <dcd_rp2040_irq+0x35c>)
20000642:	665c      	str	r4, [r3, #100]	@ 0x64
20000644:	661c      	str	r4, [r3, #96]	@ 0x60
20000646:	4643      	mov	r3, r8
20000648:	70fb      	strb	r3, [r7, #3]
2000064a:	3720      	adds	r7, #32
2000064c:	2c01      	cmp	r4, #1
2000064e:	d122      	bne.n	20000696 <dcd_rp2040_irq+0x19e>
20000650:	23c0      	movs	r3, #192	@ 0xc0
20000652:	466a      	mov	r2, sp
20000654:	00db      	lsls	r3, r3, #3
20000656:	8093      	strh	r3, [r2, #4]
20000658:	4a80      	ldr	r2, [pc, #512]	@ (2000085c <dcd_rp2040_irq+0x364>)
2000065a:	ab02      	add	r3, sp, #8
2000065c:	ca03      	ldmia	r2!, {r0, r1}
2000065e:	c303      	stmia	r3!, {r0, r1}
20000660:	2101      	movs	r1, #1
20000662:	a801      	add	r0, sp, #4
20000664:	f000 fb62 	bl	20000d2c <dcd_event_handler>
20000668:	2280      	movs	r2, #128	@ 0x80
2000066a:	4b7a      	ldr	r3, [pc, #488]	@ (20000854 <dcd_rp2040_irq+0x35c>)
2000066c:	0292      	lsls	r2, r2, #10
2000066e:	651a      	str	r2, [r3, #80]	@ 0x50
20000670:	2380      	movs	r3, #128	@ 0x80
20000672:	015b      	lsls	r3, r3, #5
20000674:	421d      	tst	r5, r3
20000676:	d110      	bne.n	2000069a <dcd_rp2040_irq+0x1a2>
20000678:	2380      	movs	r3, #128	@ 0x80
2000067a:	01db      	lsls	r3, r3, #7
2000067c:	421d      	tst	r5, r3
2000067e:	d123      	bne.n	200006c8 <dcd_rp2040_irq+0x1d0>
20000680:	2380      	movs	r3, #128	@ 0x80
20000682:	021b      	lsls	r3, r3, #8
20000684:	421d      	tst	r5, r3
20000686:	d12f      	bne.n	200006e8 <dcd_rp2040_irq+0x1f0>
20000688:	42ae      	cmp	r6, r5
2000068a:	d000      	beq.n	2000068e <dcd_rp2040_irq+0x196>
2000068c:	e1c0      	b.n	20000a10 <dcd_rp2040_irq+0x518>
2000068e:	b004      	add	sp, #16
20000690:	bc80      	pop	{r7}
20000692:	46b8      	mov	r8, r7
20000694:	bdf0      	pop	{r4, r5, r6, r7, pc}
20000696:	2401      	movs	r4, #1
20000698:	e7bd      	b.n	20000616 <dcd_rp2040_irq+0x11e>
2000069a:	2400      	movs	r4, #0
2000069c:	431e      	orrs	r6, r3
2000069e:	4b60      	ldr	r3, [pc, #384]	@ (20000820 <dcd_rp2040_irq+0x328>)
200006a0:	601c      	str	r4, [r3, #0]
200006a2:	f7ff fea5 	bl	200003f0 <reset_non_control_endpoints>
200006a6:	2380      	movs	r3, #128	@ 0x80
200006a8:	466a      	mov	r2, sp
200006aa:	005b      	lsls	r3, r3, #1
200006ac:	8093      	strh	r3, [r2, #4]
200006ae:	7214      	strb	r4, [r2, #8]
200006b0:	2101      	movs	r1, #1
200006b2:	a801      	add	r0, sp, #4
200006b4:	f000 fb3a 	bl	20000d2c <dcd_event_handler>
200006b8:	2280      	movs	r2, #128	@ 0x80
200006ba:	4b66      	ldr	r3, [pc, #408]	@ (20000854 <dcd_rp2040_irq+0x35c>)
200006bc:	0312      	lsls	r2, r2, #12
200006be:	651a      	str	r2, [r3, #80]	@ 0x50
200006c0:	2380      	movs	r3, #128	@ 0x80
200006c2:	01db      	lsls	r3, r3, #7
200006c4:	421d      	tst	r5, r3
200006c6:	d0db      	beq.n	20000680 <dcd_rp2040_irq+0x188>
200006c8:	431e      	orrs	r6, r3
200006ca:	2380      	movs	r3, #128	@ 0x80
200006cc:	466a      	mov	r2, sp
200006ce:	00db      	lsls	r3, r3, #3
200006d0:	8093      	strh	r3, [r2, #4]
200006d2:	2101      	movs	r1, #1
200006d4:	a801      	add	r0, sp, #4
200006d6:	f000 fb29 	bl	20000d2c <dcd_event_handler>
200006da:	2210      	movs	r2, #16
200006dc:	4b5d      	ldr	r3, [pc, #372]	@ (20000854 <dcd_rp2040_irq+0x35c>)
200006de:	651a      	str	r2, [r3, #80]	@ 0x50
200006e0:	2380      	movs	r3, #128	@ 0x80
200006e2:	021b      	lsls	r3, r3, #8
200006e4:	421d      	tst	r5, r3
200006e6:	d0cf      	beq.n	20000688 <dcd_rp2040_irq+0x190>
200006e8:	431e      	orrs	r6, r3
200006ea:	23a0      	movs	r3, #160	@ 0xa0
200006ec:	466a      	mov	r2, sp
200006ee:	00db      	lsls	r3, r3, #3
200006f0:	8093      	strh	r3, [r2, #4]
200006f2:	2101      	movs	r1, #1
200006f4:	a801      	add	r0, sp, #4
200006f6:	f000 fb19 	bl	20000d2c <dcd_event_handler>
200006fa:	2280      	movs	r2, #128	@ 0x80
200006fc:	4b55      	ldr	r3, [pc, #340]	@ (20000854 <dcd_rp2040_irq+0x35c>)
200006fe:	0112      	lsls	r2, r2, #4
20000700:	651a      	str	r2, [r3, #80]	@ 0x50
20000702:	e7c1      	b.n	20000688 <dcd_rp2040_irq+0x190>
20000704:	f7ff fea8 	bl	20000458 <hw_handle_buff_status>
20000708:	0026      	movs	r6, r4
2000070a:	e77b      	b.n	20000604 <dcd_rp2040_irq+0x10c>
2000070c:	4b54      	ldr	r3, [pc, #336]	@ (20000860 <dcd_rp2040_irq+0x368>)
2000070e:	4a44      	ldr	r2, [pc, #272]	@ (20000820 <dcd_rp2040_irq+0x328>)
20000710:	661c      	str	r4, [r3, #96]	@ 0x60
20000712:	6e53      	ldr	r3, [r2, #100]	@ 0x64
20000714:	4023      	ands	r3, r4
20000716:	42a3      	cmp	r3, r4
20000718:	d1fb      	bne.n	20000712 <dcd_rp2040_irq+0x21a>
2000071a:	e784      	b.n	20000626 <dcd_rp2040_irq+0x12e>
2000071c:	3378      	adds	r3, #120	@ 0x78
2000071e:	5ce7      	ldrb	r7, [r4, r3]
20000720:	2f00      	cmp	r7, #0
20000722:	d100      	bne.n	20000726 <dcd_rp2040_irq+0x22e>
20000724:	e706      	b.n	20000534 <dcd_rp2040_irq+0x3c>
20000726:	3302      	adds	r3, #2
20000728:	5ce2      	ldrb	r2, [r4, r3]
2000072a:	2a00      	cmp	r2, #0
2000072c:	d000      	beq.n	20000730 <dcd_rp2040_irq+0x238>
2000072e:	e10d      	b.n	2000094c <dcd_rp2040_irq+0x454>
20000730:	003e      	movs	r6, r7
20000732:	e6ff      	b.n	20000534 <dcd_rp2040_irq+0x3c>
20000734:	33b8      	adds	r3, #184	@ 0xb8
20000736:	5ce7      	ldrb	r7, [r4, r3]
20000738:	2f00      	cmp	r7, #0
2000073a:	d100      	bne.n	2000073e <dcd_rp2040_irq+0x246>
2000073c:	e6ff      	b.n	2000053e <dcd_rp2040_irq+0x46>
2000073e:	3302      	adds	r3, #2
20000740:	5ce2      	ldrb	r2, [r4, r3]
20000742:	2a00      	cmp	r2, #0
20000744:	d000      	beq.n	20000748 <dcd_rp2040_irq+0x250>
20000746:	e0f9      	b.n	2000093c <dcd_rp2040_irq+0x444>
20000748:	003e      	movs	r6, r7
2000074a:	e6f8      	b.n	2000053e <dcd_rp2040_irq+0x46>
2000074c:	33f8      	adds	r3, #248	@ 0xf8
2000074e:	5ce7      	ldrb	r7, [r4, r3]
20000750:	2f00      	cmp	r7, #0
20000752:	d100      	bne.n	20000756 <dcd_rp2040_irq+0x25e>
20000754:	e6f8      	b.n	20000548 <dcd_rp2040_irq+0x50>
20000756:	3302      	adds	r3, #2
20000758:	5ce2      	ldrb	r2, [r4, r3]
2000075a:	2a00      	cmp	r2, #0
2000075c:	d000      	beq.n	20000760 <dcd_rp2040_irq+0x268>
2000075e:	e141      	b.n	200009e4 <dcd_rp2040_irq+0x4ec>
20000760:	003e      	movs	r6, r7
20000762:	e6f1      	b.n	20000548 <dcd_rp2040_irq+0x50>
20000764:	33f9      	adds	r3, #249	@ 0xf9
20000766:	33ff      	adds	r3, #255	@ 0xff
20000768:	5ce7      	ldrb	r7, [r4, r3]
2000076a:	2f00      	cmp	r7, #0
2000076c:	d100      	bne.n	20000770 <dcd_rp2040_irq+0x278>
2000076e:	e703      	b.n	20000578 <dcd_rp2040_irq+0x80>
20000770:	3302      	adds	r3, #2
20000772:	5ce2      	ldrb	r2, [r4, r3]
20000774:	2a00      	cmp	r2, #0
20000776:	d000      	beq.n	2000077a <dcd_rp2040_irq+0x282>
20000778:	e12b      	b.n	200009d2 <dcd_rp2040_irq+0x4da>
2000077a:	003e      	movs	r6, r7
2000077c:	e6fc      	b.n	20000578 <dcd_rp2040_irq+0x80>
2000077e:	3379      	adds	r3, #121	@ 0x79
20000780:	33ff      	adds	r3, #255	@ 0xff
20000782:	5ce7      	ldrb	r7, [r4, r3]
20000784:	2f00      	cmp	r7, #0
20000786:	d100      	bne.n	2000078a <dcd_rp2040_irq+0x292>
20000788:	e6ea      	b.n	20000560 <dcd_rp2040_irq+0x68>
2000078a:	3302      	adds	r3, #2
2000078c:	5ce2      	ldrb	r2, [r4, r3]
2000078e:	2a00      	cmp	r2, #0
20000790:	d000      	beq.n	20000794 <dcd_rp2040_irq+0x29c>
20000792:	e115      	b.n	200009c0 <dcd_rp2040_irq+0x4c8>
20000794:	003e      	movs	r6, r7
20000796:	e6e3      	b.n	20000560 <dcd_rp2040_irq+0x68>
20000798:	4b32      	ldr	r3, [pc, #200]	@ (20000864 <dcd_rp2040_irq+0x36c>)
2000079a:	5ce7      	ldrb	r7, [r4, r3]
2000079c:	2f00      	cmp	r7, #0
2000079e:	d100      	bne.n	200007a2 <dcd_rp2040_irq+0x2aa>
200007a0:	e6f4      	b.n	2000058c <dcd_rp2040_irq+0x94>
200007a2:	3302      	adds	r3, #2
200007a4:	5ce2      	ldrb	r2, [r4, r3]
200007a6:	2a00      	cmp	r2, #0
200007a8:	d000      	beq.n	200007ac <dcd_rp2040_irq+0x2b4>
200007aa:	e101      	b.n	200009b0 <dcd_rp2040_irq+0x4b8>
200007ac:	003e      	movs	r6, r7
200007ae:	e6ed      	b.n	2000058c <dcd_rp2040_irq+0x94>
200007b0:	3339      	adds	r3, #57	@ 0x39
200007b2:	33ff      	adds	r3, #255	@ 0xff
200007b4:	5ce7      	ldrb	r7, [r4, r3]
200007b6:	2f00      	cmp	r7, #0
200007b8:	d100      	bne.n	200007bc <dcd_rp2040_irq+0x2c4>
200007ba:	e6cb      	b.n	20000554 <dcd_rp2040_irq+0x5c>
200007bc:	3302      	adds	r3, #2
200007be:	5ce2      	ldrb	r2, [r4, r3]
200007c0:	2a00      	cmp	r2, #0
200007c2:	d000      	beq.n	200007c6 <dcd_rp2040_irq+0x2ce>
200007c4:	e0eb      	b.n	2000099e <dcd_rp2040_irq+0x4a6>
200007c6:	003e      	movs	r6, r7
200007c8:	e6c4      	b.n	20000554 <dcd_rp2040_irq+0x5c>
200007ca:	3338      	adds	r3, #56	@ 0x38
200007cc:	5ce6      	ldrb	r6, [r4, r3]
200007ce:	2e00      	cmp	r6, #0
200007d0:	d100      	bne.n	200007d4 <dcd_rp2040_irq+0x2dc>
200007d2:	e6aa      	b.n	2000052a <dcd_rp2040_irq+0x32>
200007d4:	3302      	adds	r3, #2
200007d6:	5ce2      	ldrb	r2, [r4, r3]
200007d8:	2a00      	cmp	r2, #0
200007da:	d100      	bne.n	200007de <dcd_rp2040_irq+0x2e6>
200007dc:	e6a5      	b.n	2000052a <dcd_rp2040_irq+0x32>
200007de:	0020      	movs	r0, r4
200007e0:	2200      	movs	r2, #0
200007e2:	3020      	adds	r0, #32
200007e4:	54e2      	strb	r2, [r4, r3]
200007e6:	f000 fa4d 	bl	20000c84 <hw_endpoint_start_next_buffer>
200007ea:	e69e      	b.n	2000052a <dcd_rp2040_irq+0x32>
200007ec:	33b9      	adds	r3, #185	@ 0xb9
200007ee:	33ff      	adds	r3, #255	@ 0xff
200007f0:	5ce7      	ldrb	r7, [r4, r3]
200007f2:	2f00      	cmp	r7, #0
200007f4:	d100      	bne.n	200007f8 <dcd_rp2040_irq+0x300>
200007f6:	e6b9      	b.n	2000056c <dcd_rp2040_irq+0x74>
200007f8:	3302      	adds	r3, #2
200007fa:	5ce2      	ldrb	r2, [r4, r3]
200007fc:	2a00      	cmp	r2, #0
200007fe:	d000      	beq.n	20000802 <dcd_rp2040_irq+0x30a>
20000800:	e0c4      	b.n	2000098c <dcd_rp2040_irq+0x494>
20000802:	003e      	movs	r6, r7
20000804:	e6b2      	b.n	2000056c <dcd_rp2040_irq+0x74>
20000806:	4b18      	ldr	r3, [pc, #96]	@ (20000868 <dcd_rp2040_irq+0x370>)
20000808:	5ce7      	ldrb	r7, [r4, r3]
2000080a:	2f00      	cmp	r7, #0
2000080c:	d100      	bne.n	20000810 <dcd_rp2040_irq+0x318>
2000080e:	e6c7      	b.n	200005a0 <dcd_rp2040_irq+0xa8>
20000810:	3302      	adds	r3, #2
20000812:	5ce2      	ldrb	r2, [r4, r3]
20000814:	2a00      	cmp	r2, #0
20000816:	d000      	beq.n	2000081a <dcd_rp2040_irq+0x322>
20000818:	e0b0      	b.n	2000097c <dcd_rp2040_irq+0x484>
2000081a:	003e      	movs	r6, r7
2000081c:	e6c0      	b.n	200005a0 <dcd_rp2040_irq+0xa8>
2000081e:	46c0      	nop			@ (mov r8, r8)
20000820:	50110000 	.word	0x50110000
20000824:	40054000 	.word	0x40054000
20000828:	20001cdc 	.word	0x20001cdc
2000082c:	20001cd4 	.word	0x20001cd4
20000830:	0000023b 	.word	0x0000023b
20000834:	0000027b 	.word	0x0000027b
20000838:	000002bb 	.word	0x000002bb
2000083c:	000002fb 	.word	0x000002fb
20000840:	0000033b 	.word	0x0000033b
20000844:	0000037b 	.word	0x0000037b
20000848:	000003bb 	.word	0x000003bb
2000084c:	000003fb 	.word	0x000003fb
20000850:	20002142 	.word	0x20002142
20000854:	50113000 	.word	0x50113000
20000858:	00020010 	.word	0x00020010
2000085c:	50100000 	.word	0x50100000
20000860:	50112000 	.word	0x50112000
20000864:	0000027a 	.word	0x0000027a
20000868:	000002fa 	.word	0x000002fa
2000086c:	4b6b      	ldr	r3, [pc, #428]	@ (20000a1c <dcd_rp2040_irq+0x524>)
2000086e:	5ce7      	ldrb	r7, [r4, r3]
20000870:	2f00      	cmp	r7, #0
20000872:	d100      	bne.n	20000876 <dcd_rp2040_irq+0x37e>
20000874:	e685      	b.n	20000582 <dcd_rp2040_irq+0x8a>
20000876:	3302      	adds	r3, #2
20000878:	5ce2      	ldrb	r2, [r4, r3]
2000087a:	2a00      	cmp	r2, #0
2000087c:	d176      	bne.n	2000096c <dcd_rp2040_irq+0x474>
2000087e:	003e      	movs	r6, r7
20000880:	e67f      	b.n	20000582 <dcd_rp2040_irq+0x8a>
20000882:	4b67      	ldr	r3, [pc, #412]	@ (20000a20 <dcd_rp2040_irq+0x528>)
20000884:	5ce7      	ldrb	r7, [r4, r3]
20000886:	2f00      	cmp	r7, #0
20000888:	d100      	bne.n	2000088c <dcd_rp2040_irq+0x394>
2000088a:	e684      	b.n	20000596 <dcd_rp2040_irq+0x9e>
2000088c:	3302      	adds	r3, #2
2000088e:	5ce2      	ldrb	r2, [r4, r3]
20000890:	2a00      	cmp	r2, #0
20000892:	d163      	bne.n	2000095c <dcd_rp2040_irq+0x464>
20000894:	003e      	movs	r6, r7
20000896:	e67e      	b.n	20000596 <dcd_rp2040_irq+0x9e>
20000898:	4b62      	ldr	r3, [pc, #392]	@ (20000a24 <dcd_rp2040_irq+0x52c>)
2000089a:	5ce7      	ldrb	r7, [r4, r3]
2000089c:	2f00      	cmp	r7, #0
2000089e:	d100      	bne.n	200008a2 <dcd_rp2040_irq+0x3aa>
200008a0:	e688      	b.n	200005b4 <dcd_rp2040_irq+0xbc>
200008a2:	3302      	adds	r3, #2
200008a4:	5ce2      	ldrb	r2, [r4, r3]
200008a6:	2a00      	cmp	r2, #0
200008a8:	d000      	beq.n	200008ac <dcd_rp2040_irq+0x3b4>
200008aa:	e0a3      	b.n	200009f4 <dcd_rp2040_irq+0x4fc>
200008ac:	4b5e      	ldr	r3, [pc, #376]	@ (20000a28 <dcd_rp2040_irq+0x530>)
200008ae:	5ce3      	ldrb	r3, [r4, r3]
200008b0:	2b02      	cmp	r3, #2
200008b2:	d130      	bne.n	20000916 <dcd_rp2040_irq+0x41e>
200008b4:	4b5d      	ldr	r3, [pc, #372]	@ (20000a2c <dcd_rp2040_irq+0x534>)
200008b6:	5ce3      	ldrb	r3, [r4, r3]
200008b8:	2b00      	cmp	r3, #0
200008ba:	d127      	bne.n	2000090c <dcd_rp2040_irq+0x414>
200008bc:	4b5c      	ldr	r3, [pc, #368]	@ (20000a30 <dcd_rp2040_irq+0x538>)
200008be:	5ce3      	ldrb	r3, [r4, r3]
200008c0:	2b02      	cmp	r3, #2
200008c2:	d000      	beq.n	200008c6 <dcd_rp2040_irq+0x3ce>
200008c4:	e68b      	b.n	200005de <dcd_rp2040_irq+0xe6>
200008c6:	003e      	movs	r6, r7
200008c8:	4b5a      	ldr	r3, [pc, #360]	@ (20000a34 <dcd_rp2040_irq+0x53c>)
200008ca:	5ce3      	ldrb	r3, [r4, r3]
200008cc:	2b00      	cmp	r3, #0
200008ce:	d100      	bne.n	200008d2 <dcd_rp2040_irq+0x3da>
200008d0:	e67a      	b.n	200005c8 <dcd_rp2040_irq+0xd0>
200008d2:	23ff      	movs	r3, #255	@ 0xff
200008d4:	009b      	lsls	r3, r3, #2
200008d6:	5ce2      	ldrb	r2, [r4, r3]
200008d8:	2a00      	cmp	r2, #0
200008da:	d100      	bne.n	200008de <dcd_rp2040_irq+0x3e6>
200008dc:	e67f      	b.n	200005de <dcd_rp2040_irq+0xe6>
200008de:	2200      	movs	r2, #0
200008e0:	54e2      	strb	r2, [r4, r3]
200008e2:	3b1c      	subs	r3, #28
200008e4:	18e0      	adds	r0, r4, r3
200008e6:	f000 f9cd 	bl	20000c84 <hw_endpoint_start_next_buffer>
200008ea:	e678      	b.n	200005de <dcd_rp2040_irq+0xe6>
200008ec:	4b52      	ldr	r3, [pc, #328]	@ (20000a38 <dcd_rp2040_irq+0x540>)
200008ee:	5ce7      	ldrb	r7, [r4, r3]
200008f0:	2f00      	cmp	r7, #0
200008f2:	d100      	bne.n	200008f6 <dcd_rp2040_irq+0x3fe>
200008f4:	e659      	b.n	200005aa <dcd_rp2040_irq+0xb2>
200008f6:	3302      	adds	r3, #2
200008f8:	5ce2      	ldrb	r2, [r4, r3]
200008fa:	2a00      	cmp	r2, #0
200008fc:	d116      	bne.n	2000092c <dcd_rp2040_irq+0x434>
200008fe:	003e      	movs	r6, r7
20000900:	e653      	b.n	200005aa <dcd_rp2040_irq+0xb2>
20000902:	4b4a      	ldr	r3, [pc, #296]	@ (20000a2c <dcd_rp2040_irq+0x534>)
20000904:	5ce3      	ldrb	r3, [r4, r3]
20000906:	2b00      	cmp	r3, #0
20000908:	d100      	bne.n	2000090c <dcd_rp2040_irq+0x414>
2000090a:	e658      	b.n	200005be <dcd_rp2040_irq+0xc6>
2000090c:	23ef      	movs	r3, #239	@ 0xef
2000090e:	009b      	lsls	r3, r3, #2
20000910:	5ce2      	ldrb	r2, [r4, r3]
20000912:	2a00      	cmp	r2, #0
20000914:	d175      	bne.n	20000a02 <dcd_rp2040_irq+0x50a>
20000916:	4b46      	ldr	r3, [pc, #280]	@ (20000a30 <dcd_rp2040_irq+0x538>)
20000918:	5ce3      	ldrb	r3, [r4, r3]
2000091a:	2b02      	cmp	r3, #2
2000091c:	d000      	beq.n	20000920 <dcd_rp2040_irq+0x428>
2000091e:	e65e      	b.n	200005de <dcd_rp2040_irq+0xe6>
20000920:	4b44      	ldr	r3, [pc, #272]	@ (20000a34 <dcd_rp2040_irq+0x53c>)
20000922:	5ce3      	ldrb	r3, [r4, r3]
20000924:	2b00      	cmp	r3, #0
20000926:	d100      	bne.n	2000092a <dcd_rp2040_irq+0x432>
20000928:	e659      	b.n	200005de <dcd_rp2040_irq+0xe6>
2000092a:	e7d2      	b.n	200008d2 <dcd_rp2040_irq+0x3da>
2000092c:	2200      	movs	r2, #0
2000092e:	54e2      	strb	r2, [r4, r3]
20000930:	3b1c      	subs	r3, #28
20000932:	18e0      	adds	r0, r4, r3
20000934:	f000 f9a6 	bl	20000c84 <hw_endpoint_start_next_buffer>
20000938:	003e      	movs	r6, r7
2000093a:	e636      	b.n	200005aa <dcd_rp2040_irq+0xb2>
2000093c:	0020      	movs	r0, r4
2000093e:	2200      	movs	r2, #0
20000940:	30a0      	adds	r0, #160	@ 0xa0
20000942:	54e2      	strb	r2, [r4, r3]
20000944:	003e      	movs	r6, r7
20000946:	f000 f99d 	bl	20000c84 <hw_endpoint_start_next_buffer>
2000094a:	e5f8      	b.n	2000053e <dcd_rp2040_irq+0x46>
2000094c:	0020      	movs	r0, r4
2000094e:	2200      	movs	r2, #0
20000950:	3060      	adds	r0, #96	@ 0x60
20000952:	54e2      	strb	r2, [r4, r3]
20000954:	003e      	movs	r6, r7
20000956:	f000 f995 	bl	20000c84 <hw_endpoint_start_next_buffer>
2000095a:	e5eb      	b.n	20000534 <dcd_rp2040_irq+0x3c>
2000095c:	2200      	movs	r2, #0
2000095e:	54e2      	strb	r2, [r4, r3]
20000960:	3b1c      	subs	r3, #28
20000962:	18e0      	adds	r0, r4, r3
20000964:	f000 f98e 	bl	20000c84 <hw_endpoint_start_next_buffer>
20000968:	003e      	movs	r6, r7
2000096a:	e614      	b.n	20000596 <dcd_rp2040_irq+0x9e>
2000096c:	2200      	movs	r2, #0
2000096e:	54e2      	strb	r2, [r4, r3]
20000970:	3b1c      	subs	r3, #28
20000972:	18e0      	adds	r0, r4, r3
20000974:	f000 f986 	bl	20000c84 <hw_endpoint_start_next_buffer>
20000978:	003e      	movs	r6, r7
2000097a:	e602      	b.n	20000582 <dcd_rp2040_irq+0x8a>
2000097c:	2200      	movs	r2, #0
2000097e:	54e2      	strb	r2, [r4, r3]
20000980:	3b1c      	subs	r3, #28
20000982:	18e0      	adds	r0, r4, r3
20000984:	f000 f97e 	bl	20000c84 <hw_endpoint_start_next_buffer>
20000988:	003e      	movs	r6, r7
2000098a:	e609      	b.n	200005a0 <dcd_rp2040_irq+0xa8>
2000098c:	0020      	movs	r0, r4
2000098e:	2200      	movs	r2, #0
20000990:	30a1      	adds	r0, #161	@ 0xa1
20000992:	30ff      	adds	r0, #255	@ 0xff
20000994:	54e2      	strb	r2, [r4, r3]
20000996:	003e      	movs	r6, r7
20000998:	f000 f974 	bl	20000c84 <hw_endpoint_start_next_buffer>
2000099c:	e5e6      	b.n	2000056c <dcd_rp2040_irq+0x74>
2000099e:	0020      	movs	r0, r4
200009a0:	2200      	movs	r2, #0
200009a2:	3021      	adds	r0, #33	@ 0x21
200009a4:	30ff      	adds	r0, #255	@ 0xff
200009a6:	54e2      	strb	r2, [r4, r3]
200009a8:	003e      	movs	r6, r7
200009aa:	f000 f96b 	bl	20000c84 <hw_endpoint_start_next_buffer>
200009ae:	e5d1      	b.n	20000554 <dcd_rp2040_irq+0x5c>
200009b0:	2200      	movs	r2, #0
200009b2:	54e2      	strb	r2, [r4, r3]
200009b4:	3b1c      	subs	r3, #28
200009b6:	18e0      	adds	r0, r4, r3
200009b8:	f000 f964 	bl	20000c84 <hw_endpoint_start_next_buffer>
200009bc:	003e      	movs	r6, r7
200009be:	e5e5      	b.n	2000058c <dcd_rp2040_irq+0x94>
200009c0:	0020      	movs	r0, r4
200009c2:	2200      	movs	r2, #0
200009c4:	3061      	adds	r0, #97	@ 0x61
200009c6:	30ff      	adds	r0, #255	@ 0xff
200009c8:	54e2      	strb	r2, [r4, r3]
200009ca:	003e      	movs	r6, r7
200009cc:	f000 f95a 	bl	20000c84 <hw_endpoint_start_next_buffer>
200009d0:	e5c6      	b.n	20000560 <dcd_rp2040_irq+0x68>
200009d2:	0020      	movs	r0, r4
200009d4:	2200      	movs	r2, #0
200009d6:	30e1      	adds	r0, #225	@ 0xe1
200009d8:	30ff      	adds	r0, #255	@ 0xff
200009da:	54e2      	strb	r2, [r4, r3]
200009dc:	003e      	movs	r6, r7
200009de:	f000 f951 	bl	20000c84 <hw_endpoint_start_next_buffer>
200009e2:	e5c9      	b.n	20000578 <dcd_rp2040_irq+0x80>
200009e4:	0020      	movs	r0, r4
200009e6:	2200      	movs	r2, #0
200009e8:	30e0      	adds	r0, #224	@ 0xe0
200009ea:	54e2      	strb	r2, [r4, r3]
200009ec:	003e      	movs	r6, r7
200009ee:	f000 f949 	bl	20000c84 <hw_endpoint_start_next_buffer>
200009f2:	e5a9      	b.n	20000548 <dcd_rp2040_irq+0x50>
200009f4:	2200      	movs	r2, #0
200009f6:	54e2      	strb	r2, [r4, r3]
200009f8:	3b1c      	subs	r3, #28
200009fa:	18e0      	adds	r0, r4, r3
200009fc:	f000 f942 	bl	20000c84 <hw_endpoint_start_next_buffer>
20000a00:	e754      	b.n	200008ac <dcd_rp2040_irq+0x3b4>
20000a02:	2200      	movs	r2, #0
20000a04:	54e2      	strb	r2, [r4, r3]
20000a06:	3b1c      	subs	r3, #28
20000a08:	18e0      	adds	r0, r4, r3
20000a0a:	f000 f93b 	bl	20000c84 <hw_endpoint_start_next_buffer>
20000a0e:	e782      	b.n	20000916 <dcd_rp2040_irq+0x41e>
20000a10:	0031      	movs	r1, r6
20000a12:	480a      	ldr	r0, [pc, #40]	@ (20000a3c <dcd_rp2040_irq+0x544>)
20000a14:	4069      	eors	r1, r5
20000a16:	f000 fa7f 	bl	20000f18 <__panic_veneer>
20000a1a:	46c0      	nop			@ (mov r8, r8)
20000a1c:	0000023a 	.word	0x0000023a
20000a20:	000002ba 	.word	0x000002ba
20000a24:	0000037a 	.word	0x0000037a
20000a28:	000003bb 	.word	0x000003bb
20000a2c:	000003ba 	.word	0x000003ba
20000a30:	000003fb 	.word	0x000003fb
20000a34:	000003fa 	.word	0x000003fa
20000a38:	0000033a 	.word	0x0000033a
20000a3c:	1000b274 	.word	0x1000b274

20000a40 <prepare_ep_buffer>:
20000a40:	b5f0      	push	{r4, r5, r6, r7, lr}
20000a42:	46c6      	mov	lr, r8
20000a44:	b500      	push	{lr}
20000a46:	0002      	movs	r2, r0
20000a48:	8a83      	ldrh	r3, [r0, #20]
20000a4a:	8b00      	ldrh	r0, [r0, #24]
20000a4c:	468c      	mov	ip, r1
20000a4e:	1c01      	adds	r1, r0, #0
20000a50:	4298      	cmp	r0, r3
20000a52:	d900      	bls.n	20000a56 <prepare_ep_buffer+0x16>
20000a54:	1c19      	adds	r1, r3, #0
20000a56:	78d4      	ldrb	r4, [r2, #3]
20000a58:	2580      	movs	r5, #128	@ 0x80
20000a5a:	0020      	movs	r0, r4
20000a5c:	1e46      	subs	r6, r0, #1
20000a5e:	41b0      	sbcs	r0, r6
20000a60:	b289      	uxth	r1, r1
20000a62:	00ed      	lsls	r5, r5, #3
20000a64:	430d      	orrs	r5, r1
20000a66:	0340      	lsls	r0, r0, #13
20000a68:	4328      	orrs	r0, r5
20000a6a:	2501      	movs	r5, #1
20000a6c:	406c      	eors	r4, r5
20000a6e:	1a5b      	subs	r3, r3, r1
20000a70:	70d4      	strb	r4, [r2, #3]
20000a72:	7854      	ldrb	r4, [r2, #1]
20000a74:	b29b      	uxth	r3, r3
20000a76:	8293      	strh	r3, [r2, #20]
20000a78:	2c00      	cmp	r4, #0
20000a7a:	d131      	bne.n	20000ae0 <prepare_ep_buffer+0xa0>
20000a7c:	4664      	mov	r4, ip
20000a7e:	68d5      	ldr	r5, [r2, #12]
20000a80:	01a4      	lsls	r4, r4, #6
20000a82:	1e4e      	subs	r6, r1, #1
20000a84:	192d      	adds	r5, r5, r4
20000a86:	46b0      	mov	r8, r6
20000a88:	6914      	ldr	r4, [r2, #16]
20000a8a:	2900      	cmp	r1, #0
20000a8c:	d023      	beq.n	20000ad6 <prepare_ep_buffer+0x96>
20000a8e:	2e06      	cmp	r6, #6
20000a90:	d932      	bls.n	20000af8 <prepare_ep_buffer+0xb8>
20000a92:	002b      	movs	r3, r5
20000a94:	4323      	orrs	r3, r4
20000a96:	079b      	lsls	r3, r3, #30
20000a98:	d12e      	bne.n	20000af8 <prepare_ep_buffer+0xb8>
20000a9a:	1c63      	adds	r3, r4, #1
20000a9c:	1aeb      	subs	r3, r5, r3
20000a9e:	2b02      	cmp	r3, #2
20000aa0:	d92a      	bls.n	20000af8 <prepare_ep_buffer+0xb8>
20000aa2:	2300      	movs	r3, #0
20000aa4:	088f      	lsrs	r7, r1, #2
20000aa6:	00bf      	lsls	r7, r7, #2
20000aa8:	58e6      	ldr	r6, [r4, r3]
20000aaa:	50ee      	str	r6, [r5, r3]
20000aac:	3304      	adds	r3, #4
20000aae:	429f      	cmp	r7, r3
20000ab0:	d1fa      	bne.n	20000aa8 <prepare_ep_buffer+0x68>
20000ab2:	4643      	mov	r3, r8
20000ab4:	19ed      	adds	r5, r5, r7
20000ab6:	1bdb      	subs	r3, r3, r7
20000ab8:	19e4      	adds	r4, r4, r7
20000aba:	42b9      	cmp	r1, r7
20000abc:	d009      	beq.n	20000ad2 <prepare_ep_buffer+0x92>
20000abe:	7826      	ldrb	r6, [r4, #0]
20000ac0:	702e      	strb	r6, [r5, #0]
20000ac2:	2b00      	cmp	r3, #0
20000ac4:	d005      	beq.n	20000ad2 <prepare_ep_buffer+0x92>
20000ac6:	7866      	ldrb	r6, [r4, #1]
20000ac8:	706e      	strb	r6, [r5, #1]
20000aca:	2b01      	cmp	r3, #1
20000acc:	d001      	beq.n	20000ad2 <prepare_ep_buffer+0x92>
20000ace:	78a3      	ldrb	r3, [r4, #2]
20000ad0:	70ab      	strb	r3, [r5, #2]
20000ad2:	6914      	ldr	r4, [r2, #16]
20000ad4:	8a93      	ldrh	r3, [r2, #20]
20000ad6:	1864      	adds	r4, r4, r1
20000ad8:	6114      	str	r4, [r2, #16]
20000ada:	2280      	movs	r2, #128	@ 0x80
20000adc:	0212      	lsls	r2, r2, #8
20000ade:	4310      	orrs	r0, r2
20000ae0:	2b00      	cmp	r3, #0
20000ae2:	d102      	bne.n	20000aea <prepare_ep_buffer+0xaa>
20000ae4:	2380      	movs	r3, #128	@ 0x80
20000ae6:	01db      	lsls	r3, r3, #7
20000ae8:	4318      	orrs	r0, r3
20000aea:	4663      	mov	r3, ip
20000aec:	2b00      	cmp	r3, #0
20000aee:	d000      	beq.n	20000af2 <prepare_ep_buffer+0xb2>
20000af0:	0400      	lsls	r0, r0, #16
20000af2:	bc80      	pop	{r7}
20000af4:	46b8      	mov	r8, r7
20000af6:	bdf0      	pop	{r4, r5, r6, r7, pc}
20000af8:	2300      	movs	r3, #0
20000afa:	5ce6      	ldrb	r6, [r4, r3]
20000afc:	54ee      	strb	r6, [r5, r3]
20000afe:	3301      	adds	r3, #1
20000b00:	4299      	cmp	r1, r3
20000b02:	d1fa      	bne.n	20000afa <prepare_ep_buffer+0xba>
20000b04:	e7e5      	b.n	20000ad2 <prepare_ep_buffer+0x92>
20000b06:	46c0      	nop			@ (mov r8, r8)

20000b08 <sync_ep_buffer>:
20000b08:	6883      	ldr	r3, [r0, #8]
20000b0a:	b5f0      	push	{r4, r5, r6, r7, lr}
20000b0c:	681a      	ldr	r2, [r3, #0]
20000b0e:	0004      	movs	r4, r0
20000b10:	2900      	cmp	r1, #0
20000b12:	d000      	beq.n	20000b16 <sync_ep_buffer+0xe>
20000b14:	0c12      	lsrs	r2, r2, #16
20000b16:	7863      	ldrb	r3, [r4, #1]
20000b18:	0592      	lsls	r2, r2, #22
20000b1a:	0d90      	lsrs	r0, r2, #22
20000b1c:	2b00      	cmp	r3, #0
20000b1e:	d108      	bne.n	20000b32 <sync_ep_buffer+0x2a>
20000b20:	8ae3      	ldrh	r3, [r4, #22]
20000b22:	18c3      	adds	r3, r0, r3
20000b24:	82e3      	strh	r3, [r4, #22]
20000b26:	8b23      	ldrh	r3, [r4, #24]
20000b28:	4283      	cmp	r3, r0
20000b2a:	d901      	bls.n	20000b30 <sync_ep_buffer+0x28>
20000b2c:	2300      	movs	r3, #0
20000b2e:	82a3      	strh	r3, [r4, #20]
20000b30:	bdf0      	pop	{r4, r5, r6, r7, pc}
20000b32:	68e3      	ldr	r3, [r4, #12]
20000b34:	0189      	lsls	r1, r1, #6
20000b36:	6925      	ldr	r5, [r4, #16]
20000b38:	185e      	adds	r6, r3, r1
20000b3a:	1e47      	subs	r7, r0, #1
20000b3c:	2800      	cmp	r0, #0
20000b3e:	d022      	beq.n	20000b86 <sync_ep_buffer+0x7e>
20000b40:	2f06      	cmp	r7, #6
20000b42:	d926      	bls.n	20000b92 <sync_ep_buffer+0x8a>
20000b44:	3101      	adds	r1, #1
20000b46:	185b      	adds	r3, r3, r1
20000b48:	1aeb      	subs	r3, r5, r3
20000b4a:	2b02      	cmp	r3, #2
20000b4c:	d921      	bls.n	20000b92 <sync_ep_buffer+0x8a>
20000b4e:	002b      	movs	r3, r5
20000b50:	4333      	orrs	r3, r6
20000b52:	079b      	lsls	r3, r3, #30
20000b54:	d11d      	bne.n	20000b92 <sync_ep_buffer+0x8a>
20000b56:	2300      	movs	r3, #0
20000b58:	0e12      	lsrs	r2, r2, #24
20000b5a:	0092      	lsls	r2, r2, #2
20000b5c:	58f1      	ldr	r1, [r6, r3]
20000b5e:	50e9      	str	r1, [r5, r3]
20000b60:	3304      	adds	r3, #4
20000b62:	429a      	cmp	r2, r3
20000b64:	d1fa      	bne.n	20000b5c <sync_ep_buffer+0x54>
20000b66:	1abf      	subs	r7, r7, r2
20000b68:	18ad      	adds	r5, r5, r2
20000b6a:	18b6      	adds	r6, r6, r2
20000b6c:	4290      	cmp	r0, r2
20000b6e:	d009      	beq.n	20000b84 <sync_ep_buffer+0x7c>
20000b70:	7832      	ldrb	r2, [r6, #0]
20000b72:	702a      	strb	r2, [r5, #0]
20000b74:	2f00      	cmp	r7, #0
20000b76:	d005      	beq.n	20000b84 <sync_ep_buffer+0x7c>
20000b78:	7872      	ldrb	r2, [r6, #1]
20000b7a:	706a      	strb	r2, [r5, #1]
20000b7c:	2f01      	cmp	r7, #1
20000b7e:	d001      	beq.n	20000b84 <sync_ep_buffer+0x7c>
20000b80:	78b2      	ldrb	r2, [r6, #2]
20000b82:	70aa      	strb	r2, [r5, #2]
20000b84:	6925      	ldr	r5, [r4, #16]
20000b86:	8ae3      	ldrh	r3, [r4, #22]
20000b88:	182d      	adds	r5, r5, r0
20000b8a:	18c3      	adds	r3, r0, r3
20000b8c:	82e3      	strh	r3, [r4, #22]
20000b8e:	6125      	str	r5, [r4, #16]
20000b90:	e7c9      	b.n	20000b26 <sync_ep_buffer+0x1e>
20000b92:	2200      	movs	r2, #0
20000b94:	5cb3      	ldrb	r3, [r6, r2]
20000b96:	54ab      	strb	r3, [r5, r2]
20000b98:	3201      	adds	r2, #1
20000b9a:	4290      	cmp	r0, r2
20000b9c:	d1fa      	bne.n	20000b94 <sync_ep_buffer+0x8c>
20000b9e:	6925      	ldr	r5, [r4, #16]
20000ba0:	e7f1      	b.n	20000b86 <sync_ep_buffer+0x7e>
20000ba2:	46c0      	nop			@ (mov r8, r8)

20000ba4 <_hw_endpoint_xfer_sync>:
20000ba4:	b510      	push	{r4, lr}
20000ba6:	0004      	movs	r4, r0
20000ba8:	6883      	ldr	r3, [r0, #8]
20000baa:	2100      	movs	r1, #0
20000bac:	681b      	ldr	r3, [r3, #0]
20000bae:	f7ff ffab 	bl	20000b08 <sync_ep_buffer>
20000bb2:	6863      	ldr	r3, [r4, #4]
20000bb4:	681b      	ldr	r3, [r3, #0]
20000bb6:	005b      	lsls	r3, r3, #1
20000bb8:	d502      	bpl.n	20000bc0 <_hw_endpoint_xfer_sync+0x1c>
20000bba:	8b23      	ldrh	r3, [r4, #24]
20000bbc:	4283      	cmp	r3, r0
20000bbe:	d000      	beq.n	20000bc2 <_hw_endpoint_xfer_sync+0x1e>
20000bc0:	bd10      	pop	{r4, pc}
20000bc2:	2101      	movs	r1, #1
20000bc4:	0020      	movs	r0, r4
20000bc6:	f7ff ff9f 	bl	20000b08 <sync_ep_buffer>
20000bca:	e7f9      	b.n	20000bc0 <_hw_endpoint_xfer_sync+0x1c>

20000bcc <e15_is_bulkin_ep>:
20000bcc:	4a08      	ldr	r2, [pc, #32]	@ (20000bf0 <e15_is_bulkin_ep+0x24>)
20000bce:	0003      	movs	r3, r0
20000bd0:	6c12      	ldr	r2, [r2, #64]	@ 0x40
20000bd2:	2000      	movs	r0, #0
20000bd4:	0792      	lsls	r2, r2, #30
20000bd6:	d403      	bmi.n	20000be0 <e15_is_bulkin_ep+0x14>
20000bd8:	789a      	ldrb	r2, [r3, #2]
20000bda:	09d2      	lsrs	r2, r2, #7
20000bdc:	2a01      	cmp	r2, #1
20000bde:	d000      	beq.n	20000be2 <e15_is_bulkin_ep+0x16>
20000be0:	4770      	bx	lr
20000be2:	7ed8      	ldrb	r0, [r3, #27]
20000be4:	3802      	subs	r0, #2
20000be6:	4243      	negs	r3, r0
20000be8:	4158      	adcs	r0, r3
20000bea:	b2c0      	uxtb	r0, r0
20000bec:	e7f8      	b.n	20000be0 <e15_is_bulkin_ep+0x14>
20000bee:	46c0      	nop			@ (mov r8, r8)
20000bf0:	50110000 	.word	0x50110000

20000bf4 <e15_is_critical_frame_period>:
20000bf4:	b510      	push	{r4, lr}
20000bf6:	f7ff ffe9 	bl	20000bcc <e15_is_bulkin_ep>
20000bfa:	2800      	cmp	r0, #0
20000bfc:	d00c      	beq.n	20000c18 <e15_is_critical_frame_period+0x24>
20000bfe:	4907      	ldr	r1, [pc, #28]	@ (20000c1c <e15_is_critical_frame_period+0x28>)
20000c00:	4b07      	ldr	r3, [pc, #28]	@ (20000c20 <e15_is_critical_frame_period+0x2c>)
20000c02:	468c      	mov	ip, r1
20000c04:	4a07      	ldr	r2, [pc, #28]	@ (20000c24 <e15_is_critical_frame_period+0x30>)
20000c06:	6a9b      	ldr	r3, [r3, #40]	@ 0x28
20000c08:	6812      	ldr	r2, [r2, #0]
20000c0a:	4463      	add	r3, ip
20000c0c:	1a9b      	subs	r3, r3, r2
20000c0e:	2000      	movs	r0, #0
20000c10:	22c6      	movs	r2, #198	@ 0xc6
20000c12:	429a      	cmp	r2, r3
20000c14:	4140      	adcs	r0, r0
20000c16:	b2c0      	uxtb	r0, r0
20000c18:	bd10      	pop	{r4, pc}
20000c1a:	46c0      	nop			@ (mov r8, r8)
20000c1c:	fffffce0 	.word	0xfffffce0
20000c20:	40054000 	.word	0x40054000
20000c24:	20001cd4 	.word	0x20001cd4

20000c28 <hw_endpoint_reset_transfer>:
20000c28:	2300      	movs	r3, #0
20000c2a:	7683      	strb	r3, [r0, #26]
20000c2c:	6143      	str	r3, [r0, #20]
20000c2e:	6103      	str	r3, [r0, #16]
20000c30:	4770      	bx	lr
20000c32:	46c0      	nop			@ (mov r8, r8)

20000c34 <_hw_endpoint_buffer_control_update32>:
20000c34:	b510      	push	{r4, lr}
20000c36:	6883      	ldr	r3, [r0, #8]
20000c38:	2900      	cmp	r1, #0
20000c3a:	d001      	beq.n	20000c40 <_hw_endpoint_buffer_control_update32+0xc>
20000c3c:	681c      	ldr	r4, [r3, #0]
20000c3e:	4021      	ands	r1, r4
20000c40:	2a00      	cmp	r2, #0
20000c42:	d012      	beq.n	20000c6a <_hw_endpoint_buffer_control_update32+0x36>
20000c44:	2480      	movs	r4, #128	@ 0x80
20000c46:	00e4      	lsls	r4, r4, #3
20000c48:	4311      	orrs	r1, r2
20000c4a:	4222      	tst	r2, r4
20000c4c:	d00d      	beq.n	20000c6a <_hw_endpoint_buffer_control_update32+0x36>
20000c4e:	681a      	ldr	r2, [r3, #0]
20000c50:	4222      	tst	r2, r4
20000c52:	d10c      	bne.n	20000c6e <_hw_endpoint_buffer_control_update32+0x3a>
20000c54:	4a08      	ldr	r2, [pc, #32]	@ (20000c78 <_hw_endpoint_buffer_control_update32+0x44>)
20000c56:	400a      	ands	r2, r1
20000c58:	601a      	str	r2, [r3, #0]
20000c5a:	4a08      	ldr	r2, [pc, #32]	@ (20000c7c <_hw_endpoint_buffer_control_update32+0x48>)
20000c5c:	6c12      	ldr	r2, [r2, #64]	@ 0x40
20000c5e:	0792      	lsls	r2, r2, #30
20000c60:	d403      	bmi.n	20000c6a <_hw_endpoint_buffer_control_update32+0x36>
20000c62:	230c      	movs	r3, #12
20000c64:	3b03      	subs	r3, #3
20000c66:	d2fd      	bcs.n	20000c64 <_hw_endpoint_buffer_control_update32+0x30>
20000c68:	6883      	ldr	r3, [r0, #8]
20000c6a:	6019      	str	r1, [r3, #0]
20000c6c:	bd10      	pop	{r4, pc}
20000c6e:	7881      	ldrb	r1, [r0, #2]
20000c70:	4803      	ldr	r0, [pc, #12]	@ (20000c80 <_hw_endpoint_buffer_control_update32+0x4c>)
20000c72:	f000 f951 	bl	20000f18 <__panic_veneer>
20000c76:	46c0      	nop			@ (mov r8, r8)
20000c78:	fffffbff 	.word	0xfffffbff
20000c7c:	50110000 	.word	0x50110000
20000c80:	1000b288 	.word	0x1000b288

20000c84 <hw_endpoint_start_next_buffer>:
20000c84:	6843      	ldr	r3, [r0, #4]
20000c86:	b570      	push	{r4, r5, r6, lr}
20000c88:	2100      	movs	r1, #0
20000c8a:	2580      	movs	r5, #128	@ 0x80
20000c8c:	0004      	movs	r4, r0
20000c8e:	681e      	ldr	r6, [r3, #0]
20000c90:	f7ff fed6 	bl	20000a40 <prepare_ep_buffer>
20000c94:	4b12      	ldr	r3, [pc, #72]	@ (20000ce0 <hw_endpoint_start_next_buffer+0x5c>)
20000c96:	016d      	lsls	r5, r5, #5
20000c98:	6c1a      	ldr	r2, [r3, #64]	@ 0x40
20000c9a:	4305      	orrs	r5, r0
20000c9c:	78a3      	ldrb	r3, [r4, #2]
20000c9e:	0792      	lsls	r2, r2, #30
20000ca0:	d50e      	bpl.n	20000cc0 <hw_endpoint_start_next_buffer+0x3c>
20000ca2:	065b      	lsls	r3, r3, #25
20000ca4:	d00e      	beq.n	20000cc4 <hw_endpoint_start_next_buffer+0x40>
20000ca6:	4b0f      	ldr	r3, [pc, #60]	@ (20000ce4 <hw_endpoint_start_next_buffer+0x60>)
20000ca8:	401e      	ands	r6, r3
20000caa:	2380      	movs	r3, #128	@ 0x80
20000cac:	059b      	lsls	r3, r3, #22
20000cae:	4333      	orrs	r3, r6
20000cb0:	6862      	ldr	r2, [r4, #4]
20000cb2:	2100      	movs	r1, #0
20000cb4:	6013      	str	r3, [r2, #0]
20000cb6:	0020      	movs	r0, r4
20000cb8:	002a      	movs	r2, r5
20000cba:	f7ff ffbb 	bl	20000c34 <_hw_endpoint_buffer_control_update32>
20000cbe:	bd70      	pop	{r4, r5, r6, pc}
20000cc0:	09db      	lsrs	r3, r3, #7
20000cc2:	d0f0      	beq.n	20000ca6 <hw_endpoint_start_next_buffer+0x22>
20000cc4:	8aa3      	ldrh	r3, [r4, #20]
20000cc6:	2b00      	cmp	r3, #0
20000cc8:	d0ed      	beq.n	20000ca6 <hw_endpoint_start_next_buffer+0x22>
20000cca:	2101      	movs	r1, #1
20000ccc:	0020      	movs	r0, r4
20000cce:	f7ff feb7 	bl	20000a40 <prepare_ep_buffer>
20000cd2:	23a0      	movs	r3, #160	@ 0xa0
20000cd4:	4a04      	ldr	r2, [pc, #16]	@ (20000ce8 <hw_endpoint_start_next_buffer+0x64>)
20000cd6:	05db      	lsls	r3, r3, #23
20000cd8:	4032      	ands	r2, r6
20000cda:	4305      	orrs	r5, r0
20000cdc:	4313      	orrs	r3, r2
20000cde:	e7e7      	b.n	20000cb0 <hw_endpoint_start_next_buffer+0x2c>
20000ce0:	50110000 	.word	0x50110000
20000ce4:	afffffff 	.word	0xafffffff
20000ce8:	dfffffff 	.word	0xdfffffff

20000cec <hw_endpoint_xfer_continue>:
20000cec:	b570      	push	{r4, r5, r6, lr}
20000cee:	7e85      	ldrb	r5, [r0, #26]
20000cf0:	0004      	movs	r4, r0
20000cf2:	2d00      	cmp	r5, #0
20000cf4:	d014      	beq.n	20000d20 <hw_endpoint_xfer_continue+0x34>
20000cf6:	f7ff ff55 	bl	20000ba4 <_hw_endpoint_xfer_sync>
20000cfa:	8aa3      	ldrh	r3, [r4, #20]
20000cfc:	2b00      	cmp	r3, #0
20000cfe:	d101      	bne.n	20000d04 <hw_endpoint_xfer_continue+0x18>
20000d00:	0028      	movs	r0, r5
20000d02:	bd70      	pop	{r4, r5, r6, pc}
20000d04:	0020      	movs	r0, r4
20000d06:	f7ff ff75 	bl	20000bf4 <e15_is_critical_frame_period>
20000d0a:	2800      	cmp	r0, #0
20000d0c:	d003      	beq.n	20000d16 <hw_endpoint_xfer_continue+0x2a>
20000d0e:	2301      	movs	r3, #1
20000d10:	2500      	movs	r5, #0
20000d12:	7723      	strb	r3, [r4, #28]
20000d14:	e7f4      	b.n	20000d00 <hw_endpoint_xfer_continue+0x14>
20000d16:	0020      	movs	r0, r4
20000d18:	f7ff ffb4 	bl	20000c84 <hw_endpoint_start_next_buffer>
20000d1c:	2500      	movs	r5, #0
20000d1e:	e7ef      	b.n	20000d00 <hw_endpoint_xfer_continue+0x14>
20000d20:	7881      	ldrb	r1, [r0, #2]
20000d22:	4801      	ldr	r0, [pc, #4]	@ (20000d28 <hw_endpoint_xfer_continue+0x3c>)
20000d24:	f000 f8f8 	bl	20000f18 <__panic_veneer>
20000d28:	1000b2a8 	.word	0x1000b2a8

20000d2c <dcd_event_handler>:
20000d2c:	b5f0      	push	{r4, r5, r6, r7, lr}
20000d2e:	46ce      	mov	lr, r9
20000d30:	4647      	mov	r7, r8
20000d32:	b580      	push	{r7, lr}
20000d34:	7843      	ldrb	r3, [r0, #1]
20000d36:	0005      	movs	r5, r0
20000d38:	000e      	movs	r6, r1
20000d3a:	b085      	sub	sp, #20
20000d3c:	2b06      	cmp	r3, #6
20000d3e:	d808      	bhi.n	20000d52 <dcd_event_handler+0x26>
20000d40:	4a6c      	ldr	r2, [pc, #432]	@ (20000ef4 <dcd_event_handler+0x1c8>)
20000d42:	009b      	lsls	r3, r3, #2
20000d44:	58d3      	ldr	r3, [r2, r3]
20000d46:	469f      	mov	pc, r3
20000d48:	4a6b      	ldr	r2, [pc, #428]	@ (20000ef8 <dcd_event_handler+0x1cc>)
20000d4a:	7813      	ldrb	r3, [r2, #0]
20000d4c:	3301      	adds	r3, #1
20000d4e:	b2db      	uxtb	r3, r3
20000d50:	7013      	strb	r3, [r2, #0]
20000d52:	4b6a      	ldr	r3, [pc, #424]	@ (20000efc <dcd_event_handler+0x1d0>)
20000d54:	681c      	ldr	r4, [r3, #0]
20000d56:	6962      	ldr	r2, [r4, #20]
20000d58:	f3ef 8110 	mrs	r1, PRIMASK
20000d5c:	b672      	cpsid	i
20000d5e:	6813      	ldr	r3, [r2, #0]
20000d60:	2b00      	cmp	r3, #0
20000d62:	d0fc      	beq.n	20000d5e <dcd_event_handler+0x32>
20000d64:	f3bf 8f5f 	dmb	sy
20000d68:	61a1      	str	r1, [r4, #24]
20000d6a:	0020      	movs	r0, r4
20000d6c:	0029      	movs	r1, r5
20000d6e:	f000 f903 	bl	20000f78 <__tu_fifo_write_veneer>
20000d72:	6962      	ldr	r2, [r4, #20]
20000d74:	69a3      	ldr	r3, [r4, #24]
20000d76:	f3bf 8f5f 	dmb	sy
20000d7a:	2100      	movs	r1, #0
20000d7c:	6011      	str	r1, [r2, #0]
20000d7e:	f383 8810 	msr	PRIMASK, r3
20000d82:	2800      	cmp	r0, #0
20000d84:	d104      	bne.n	20000d90 <dcd_event_handler+0x64>
20000d86:	b005      	add	sp, #20
20000d88:	bcc0      	pop	{r6, r7}
20000d8a:	46b9      	mov	r9, r7
20000d8c:	46b0      	mov	r8, r6
20000d8e:	bdf0      	pop	{r4, r5, r6, r7, pc}
20000d90:	0032      	movs	r2, r6
20000d92:	7869      	ldrb	r1, [r5, #1]
20000d94:	7828      	ldrb	r0, [r5, #0]
20000d96:	f000 f8cf 	bl	20000f38 <__tud_event_hook_cb_veneer>
20000d9a:	e7f4      	b.n	20000d86 <dcd_event_handler+0x5a>
20000d9c:	2101      	movs	r1, #1
20000d9e:	4b58      	ldr	r3, [pc, #352]	@ (20000f00 <dcd_event_handler+0x1d4>)
20000da0:	781a      	ldrb	r2, [r3, #0]
20000da2:	438a      	bics	r2, r1
20000da4:	701a      	strb	r2, [r3, #0]
20000da6:	781a      	ldrb	r2, [r3, #0]
20000da8:	3101      	adds	r1, #1
20000daa:	438a      	bics	r2, r1
20000dac:	701a      	strb	r2, [r3, #0]
20000dae:	2200      	movs	r2, #0
20000db0:	705a      	strb	r2, [r3, #1]
20000db2:	781a      	ldrb	r2, [r3, #0]
20000db4:	3102      	adds	r1, #2
20000db6:	438a      	bics	r2, r1
20000db8:	701a      	strb	r2, [r3, #0]
20000dba:	e7ca      	b.n	20000d52 <dcd_event_handler+0x26>
20000dbc:	4951      	ldr	r1, [pc, #324]	@ (20000f04 <dcd_event_handler+0x1d8>)
20000dbe:	4f52      	ldr	r7, [pc, #328]	@ (20000f08 <dcd_event_handler+0x1dc>)
20000dc0:	4689      	mov	r9, r1
20000dc2:	4952      	ldr	r1, [pc, #328]	@ (20000f0c <dcd_event_handler+0x1e0>)
20000dc4:	2400      	movs	r4, #0
20000dc6:	2300      	movs	r3, #0
20000dc8:	4688      	mov	r8, r1
20000dca:	783a      	ldrb	r2, [r7, #0]
20000dcc:	e012      	b.n	20000df4 <dcd_event_handler+0xc8>
20000dce:	4643      	mov	r3, r8
20000dd0:	681b      	ldr	r3, [r3, #0]
20000dd2:	0161      	lsls	r1, r4, #5
20000dd4:	185b      	adds	r3, r3, r1
20000dd6:	2b00      	cmp	r3, #0
20000dd8:	d006      	beq.n	20000de8 <dcd_event_handler+0xbc>
20000dda:	69db      	ldr	r3, [r3, #28]
20000ddc:	2b00      	cmp	r3, #0
20000dde:	d003      	beq.n	20000de8 <dcd_event_handler+0xbc>
20000de0:	6869      	ldr	r1, [r5, #4]
20000de2:	7828      	ldrb	r0, [r5, #0]
20000de4:	4798      	blx	r3
20000de6:	783a      	ldrb	r2, [r7, #0]
20000de8:	3401      	adds	r4, #1
20000dea:	b2e4      	uxtb	r4, r4
20000dec:	1c51      	adds	r1, r2, #1
20000dee:	0023      	movs	r3, r4
20000df0:	42a1      	cmp	r1, r4
20000df2:	db17      	blt.n	20000e24 <dcd_event_handler+0xf8>
20000df4:	42a2      	cmp	r2, r4
20000df6:	d8ea      	bhi.n	20000dce <dcd_event_handler+0xa2>
20000df8:	1a9b      	subs	r3, r3, r2
20000dfa:	015b      	lsls	r3, r3, #5
20000dfc:	444b      	add	r3, r9
20000dfe:	e7ec      	b.n	20000dda <dcd_event_handler+0xae>
20000e00:	4b3f      	ldr	r3, [pc, #252]	@ (20000f00 <dcd_event_handler+0x1d4>)
20000e02:	781a      	ldrb	r2, [r3, #0]
20000e04:	07d2      	lsls	r2, r2, #31
20000e06:	d5be      	bpl.n	20000d86 <dcd_event_handler+0x5a>
20000e08:	2104      	movs	r1, #4
20000e0a:	781a      	ldrb	r2, [r3, #0]
20000e0c:	430a      	orrs	r2, r1
20000e0e:	701a      	strb	r2, [r3, #0]
20000e10:	e79f      	b.n	20000d52 <dcd_event_handler+0x26>
20000e12:	4b3b      	ldr	r3, [pc, #236]	@ (20000f00 <dcd_event_handler+0x1d4>)
20000e14:	781a      	ldrb	r2, [r3, #0]
20000e16:	07d2      	lsls	r2, r2, #31
20000e18:	d5b5      	bpl.n	20000d86 <dcd_event_handler+0x5a>
20000e1a:	2104      	movs	r1, #4
20000e1c:	781a      	ldrb	r2, [r3, #0]
20000e1e:	438a      	bics	r2, r1
20000e20:	701a      	strb	r2, [r3, #0]
20000e22:	e796      	b.n	20000d52 <dcd_event_handler+0x26>
20000e24:	4f36      	ldr	r7, [pc, #216]	@ (20000f00 <dcd_event_handler+0x1d4>)
20000e26:	783b      	ldrb	r3, [r7, #0]
20000e28:	075b      	lsls	r3, r3, #29
20000e2a:	d52b      	bpl.n	20000e84 <dcd_event_handler+0x158>
20000e2c:	2204      	movs	r2, #4
20000e2e:	783b      	ldrb	r3, [r7, #0]
20000e30:	2100      	movs	r1, #0
20000e32:	4393      	bics	r3, r2
20000e34:	703b      	strb	r3, [r7, #0]
20000e36:	466b      	mov	r3, sp
20000e38:	3206      	adds	r2, #6
20000e3a:	1d98      	adds	r0, r3, #6
20000e3c:	f000 f88c 	bl	20000f58 <____wrap_memset_veneer>
20000e40:	782b      	ldrb	r3, [r5, #0]
20000e42:	ac01      	add	r4, sp, #4
20000e44:	7023      	strb	r3, [r4, #0]
20000e46:	2305      	movs	r3, #5
20000e48:	7063      	strb	r3, [r4, #1]
20000e4a:	4b2c      	ldr	r3, [pc, #176]	@ (20000efc <dcd_event_handler+0x1d0>)
20000e4c:	681b      	ldr	r3, [r3, #0]
20000e4e:	4698      	mov	r8, r3
20000e50:	695a      	ldr	r2, [r3, #20]
20000e52:	f3ef 8110 	mrs	r1, PRIMASK
20000e56:	b672      	cpsid	i
20000e58:	6813      	ldr	r3, [r2, #0]
20000e5a:	2b00      	cmp	r3, #0
20000e5c:	d0fc      	beq.n	20000e58 <dcd_event_handler+0x12c>
20000e5e:	f3bf 8f5f 	dmb	sy
20000e62:	4643      	mov	r3, r8
20000e64:	4640      	mov	r0, r8
20000e66:	6199      	str	r1, [r3, #24]
20000e68:	0021      	movs	r1, r4
20000e6a:	f000 f885 	bl	20000f78 <__tu_fifo_write_veneer>
20000e6e:	4643      	mov	r3, r8
20000e70:	695a      	ldr	r2, [r3, #20]
20000e72:	699b      	ldr	r3, [r3, #24]
20000e74:	f3bf 8f5f 	dmb	sy
20000e78:	2100      	movs	r1, #0
20000e7a:	6011      	str	r1, [r2, #0]
20000e7c:	f383 8810 	msr	PRIMASK, r3
20000e80:	2800      	cmp	r0, #0
20000e82:	d131      	bne.n	20000ee8 <dcd_event_handler+0x1bc>
20000e84:	78fb      	ldrb	r3, [r7, #3]
20000e86:	07db      	lsls	r3, r3, #31
20000e88:	d400      	bmi.n	20000e8c <dcd_event_handler+0x160>
20000e8a:	e77c      	b.n	20000d86 <dcd_event_handler+0x5a>
20000e8c:	466b      	mov	r3, sp
20000e8e:	220a      	movs	r2, #10
20000e90:	2100      	movs	r1, #0
20000e92:	1d98      	adds	r0, r3, #6
20000e94:	f000 f860 	bl	20000f58 <____wrap_memset_veneer>
20000e98:	782b      	ldrb	r3, [r5, #0]
20000e9a:	ac01      	add	r4, sp, #4
20000e9c:	7023      	strb	r3, [r4, #0]
20000e9e:	2303      	movs	r3, #3
20000ea0:	7063      	strb	r3, [r4, #1]
20000ea2:	686b      	ldr	r3, [r5, #4]
20000ea4:	6063      	str	r3, [r4, #4]
20000ea6:	4b15      	ldr	r3, [pc, #84]	@ (20000efc <dcd_event_handler+0x1d0>)
20000ea8:	681d      	ldr	r5, [r3, #0]
20000eaa:	696a      	ldr	r2, [r5, #20]
20000eac:	f3ef 8110 	mrs	r1, PRIMASK
20000eb0:	b672      	cpsid	i
20000eb2:	6813      	ldr	r3, [r2, #0]
20000eb4:	2b00      	cmp	r3, #0
20000eb6:	d0fc      	beq.n	20000eb2 <dcd_event_handler+0x186>
20000eb8:	f3bf 8f5f 	dmb	sy
20000ebc:	61a9      	str	r1, [r5, #24]
20000ebe:	0028      	movs	r0, r5
20000ec0:	0021      	movs	r1, r4
20000ec2:	f000 f859 	bl	20000f78 <__tu_fifo_write_veneer>
20000ec6:	696a      	ldr	r2, [r5, #20]
20000ec8:	69ab      	ldr	r3, [r5, #24]
20000eca:	f3bf 8f5f 	dmb	sy
20000ece:	2100      	movs	r1, #0
20000ed0:	6011      	str	r1, [r2, #0]
20000ed2:	f383 8810 	msr	PRIMASK, r3
20000ed6:	2800      	cmp	r0, #0
20000ed8:	d100      	bne.n	20000edc <dcd_event_handler+0x1b0>
20000eda:	e754      	b.n	20000d86 <dcd_event_handler+0x5a>
20000edc:	0032      	movs	r2, r6
20000ede:	7861      	ldrb	r1, [r4, #1]
20000ee0:	7820      	ldrb	r0, [r4, #0]
20000ee2:	f000 f829 	bl	20000f38 <__tud_event_hook_cb_veneer>
20000ee6:	e74e      	b.n	20000d86 <dcd_event_handler+0x5a>
20000ee8:	0032      	movs	r2, r6
20000eea:	7861      	ldrb	r1, [r4, #1]
20000eec:	7820      	ldrb	r0, [r4, #0]
20000eee:	f000 f823 	bl	20000f38 <__tud_event_hook_cb_veneer>
20000ef2:	e7c7      	b.n	20000e84 <dcd_event_handler+0x158>
20000ef4:	1000d818 	.word	0x1000d818
20000ef8:	20002143 	.word	0x20002143
20000efc:	200017dc 	.word	0x200017dc
20000f00:	20001784 	.word	0x20001784
20000f04:	1000d834 	.word	0x1000d834
20000f08:	20002141 	.word	0x20002141
20000f0c:	200015d4 	.word	0x200015d4

20000f10 <__aeabi_idiv0>:
20000f10:	4770      	bx	lr
20000f12:	46c0      	nop			@ (mov r8, r8)
20000f14:	0000      	movs	r0, r0
	...

20000f18 <__panic_veneer>:
20000f18:	b401      	push	{r0}
20000f1a:	4802      	ldr	r0, [pc, #8]	@ (20000f24 <__panic_veneer+0xc>)
20000f1c:	4684      	mov	ip, r0
20000f1e:	bc01      	pop	{r0}
20000f20:	4760      	bx	ip
20000f22:	bf00      	nop
20000f24:	10002c71 	.word	0x10002c71

20000f28 <__rp2040_chip_version_veneer>:
20000f28:	b401      	push	{r0}
20000f2a:	4802      	ldr	r0, [pc, #8]	@ (20000f34 <__rp2040_chip_version_veneer+0xc>)
20000f2c:	4684      	mov	ip, r0
20000f2e:	bc01      	pop	{r0}
20000f30:	4760      	bx	ip
20000f32:	bf00      	nop
20000f34:	10002c65 	.word	0x10002c65

20000f38 <__tud_event_hook_cb_veneer>:
20000f38:	b401      	push	{r0}
20000f3a:	4802      	ldr	r0, [pc, #8]	@ (20000f44 <__tud_event_hook_cb_veneer+0xc>)
20000f3c:	4684      	mov	ip, r0
20000f3e:	bc01      	pop	{r0}
20000f40:	4760      	bx	ip
20000f42:	bf00      	nop
20000f44:	10008019 	.word	0x10008019

20000f48 <__best_effort_wfe_or_timeout_veneer>:
20000f48:	b401      	push	{r0}
20000f4a:	4802      	ldr	r0, [pc, #8]	@ (20000f54 <__best_effort_wfe_or_timeout_veneer+0xc>)
20000f4c:	4684      	mov	ip, r0
20000f4e:	bc01      	pop	{r0}
20000f50:	4760      	bx	ip
20000f52:	bf00      	nop
20000f54:	100035b9 	.word	0x100035b9

20000f58 <____wrap_memset_veneer>:
20000f58:	b401      	push	{r0}
20000f5a:	4802      	ldr	r0, [pc, #8]	@ (20000f64 <____wrap_memset_veneer+0xc>)
20000f5c:	4684      	mov	ip, r0
20000f5e:	bc01      	pop	{r0}
20000f60:	4760      	bx	ip
20000f62:	bf00      	nop
20000f64:	10005825 	.word	0x10005825

20000f68 <__time_us_64_veneer>:
20000f68:	b401      	push	{r0}
20000f6a:	4802      	ldr	r0, [pc, #8]	@ (20000f74 <__time_us_64_veneer+0xc>)
20000f6c:	4684      	mov	ip, r0
20000f6e:	bc01      	pop	{r0}
20000f70:	4760      	bx	ip
20000f72:	bf00      	nop
20000f74:	100036e9 	.word	0x100036e9

20000f78 <__tu_fifo_write_veneer>:
20000f78:	b401      	push	{r0}
20000f7a:	4802      	ldr	r0, [pc, #8]	@ (20000f84 <__tu_fifo_write_veneer+0xc>)
20000f7c:	4684      	mov	ip, r0
20000f7e:	bc01      	pop	{r0}
20000f80:	4760      	bx	ip
20000f82:	bf00      	nop
20000f84:	10009a79 	.word	0x10009a79

20000f88 <____wrap___aeabi_lmul_veneer>:
20000f88:	b401      	push	{r0}
20000f8a:	4802      	ldr	r0, [pc, #8]	@ (20000f94 <____wrap___aeabi_lmul_veneer+0xc>)
20000f8c:	4684      	mov	ip, r0
20000f8e:	bc01      	pop	{r0}
20000f90:	4760      	bx	ip
20000f92:	bf00      	nop
20000f94:	10005241 	.word	0x10005241

20000f98 <bmi270_legacy_map_int>:
20000f98:	02070103 02080206 0410040f 1011081c     ................
20000fa8:	40042005 2019800e 801b401a              . .@... .@..

20000fb4 <i2c1_inst>:
20000fb4:	40048000 00000000                       ...@....

20000fbc <i2c0_inst>:
20000fbc:	40044000 00000000                       .@.@....

20000fc4 <striped_spin_lock_num>:
20000fc4:	00000010                                ....

20000fc8 <default_alarm_pool>:
	...
20000fdc:	20001090                                ... 

20000fe0 <irq_handler_chain_slots>:
20000fe0:	00000000 	.word	0x00000000
20000fe4:	00010000 	.word	0x00010000
	...
20000ff0:	00020000 	.word	0x00020000
	...
20000ffc:	00030000 	.word	0x00030000
	...
20001008:	00ff0000 	.word	0x00ff0000
2000100c:	00000000 	.word	0x00000000

20001010 <irq_handler_chain_first_slot>:
20001010:	b501      	push	{r0, lr}
20001012:	6848      	ldr	r0, [r1, #4]
20001014:	3101      	adds	r1, #1
20001016:	468e      	mov	lr, r1
20001018:	4700      	bx	r0

2000101a <irq_handler_chain_remove_tail>:
2000101a:	4670      	mov	r0, lr
2000101c:	3809      	subs	r0, #9
2000101e:	4901      	ldr	r1, [pc, #4]	@ (20001024 <irq_handler_chain_remove_tail+0xa>)
20001020:	4788      	blx	r1
20001022:	bd01      	pop	{r0, pc}
20001024:	100039f9 	.word	0x100039f9
	...

20001030 <aeabi_bits_funcs>:
20001030:	00003350 	.word	0x00003350
20001034:	0000334c 	.word	0x0000334c
20001038:	00003354 	.word	0x00003354
2000103c:	00003352 	.word	0x00003352

20001040 <aeabi_bits_funcs_end>:
20001040:	0000534d 	.word	0x0000534d
20001044:	0000434d 	.word	0x0000434d
20001048:	00003453 	.word	0x00003453
2000104c:	00003443 	.word	0x00003443

20001050 <stdio_usb>:
20001050:	100077d9 1000778d 10007701 10007679     .w...w...w..yv..
20001060:	00000000 00000100                       ........

20001068 <_usbd_qdef>:
20001068:	200017e0 000c0010 00000000 00000000     ... ............
	...

20001084 <_usbd_rhport>:
20001084:	000000ff                                ....

20001088 <print_mutex>:
	...
